Satellite_ID,Y_Position
128634,63
358624,63
414233,63
257012,63
538117,63
175307,63
115284,63
574519,63
535067,63
186939,63
649179,63
218493,63
326626,63
37778,63
255172,63
661285,63
116246,63
517691,63
632719,63
539641,63
143183,63
221563,63
68409,63
134881,63
599960,63
454973,63
47225,63
107845,63
457147,63
295645,63
115938,63
93904,63
55750,63
75815,63
256109,63
277581,63
426584,63
170682,63
298185,63
589737,63
130389,63
641097,63
338671,63
588516,63
309332,63
160785,63
200544,63
581664,63
622901,63
462432,63
421230,63
336964,63
692081,63
502191,63
117102,63
498370,63
222584,63
355434,63
595644,63
340853,63
559195,63
155520,63
685965,63
247782,63
494653,63
458085,63
5600,63
508763,63
634947,63
670119,63
558051,63
364937,63
414029,63
47912,63
441398,63
648006,63
540863,63
339416,63
423118,63
543663,63
456728,63
637966,63
197919,63
369900,63
175235,63
303447,63
550155,63
358225,63
343419,63
679274,63
355541,63
521918,63
460258,63
174639,63
100986,63
430471,63
664477,63
83582,63
689545,63
151774,63
559583,63
181189,63
545580,63
492569,63
483456,63
383307,63
426306,63
86672,63
580829,63
670349,63
471135,63
96355,63
584091,63
319384,63
378432,63
454856,63
416569,63
435370,63
33796,63
96712,63
290085,63
136823,63
236115,63
339306,63
110534,63
100197,63
673154,63
151405,63
397785,63
101695,63
313743,63
128525,63
498563,63
612092,63
247476,63
512348,63
694884,63
612806,63
685857,63
638304,63
426930,63
210629,63
111021,63
511256,63
319061,63
629405,63
71739,63
59898,63
355836,63
33606,63
177623,63
29022,63
92050,63
541094,63
107608,63
383056,63
245720,63
102528,63
159133,63
146615,63
160057,63
79400,63
589433,63
330163,63
324501,63
316814,63
692138,63
597918,63
259729,63
79333,63
580878,63
435716,63
502444,63
569965,63
688575,63
14936,63
402426,63
479850,63
475031,63
168305,63
558222,63
81825,63
186851,63
155597,63
528640,63
464696,63
204824,63
83971,63
325805,63
427351,63
302379,63
579973,63
163377,63
676577,63
30355,63
512760,63
619229,63
658024,63
511527,63
392320,63
485771,63
451755,63
623998,63
86387,63
174314,63
248511,63
524426,63
506873,63
216363,63
534447,63
192157,63
561573,63
632932,63
416178,63
382463,63
268935,63
84997,63
301880,63
410082,63
92314,63
332498,63
291795,63
335572,63
694536,63
223017,63
473357,63
232063,63
391333,63
478893,63
382383,63
421902,63
75222,63
446007,63
558816,63
520114,63
429895,63
513767,63
438613,63
378601,63
520643,63
624391,63
639713,63
53396,63
67015,63
37592,63
678515,63
553651,63
611674,63
118025,63
463684,63
694300,63
602716,63
527120,63
405213,63
518272,63
213730,63
483870,63
571694,63
187746,63
195671,63
138956,63
7609,63
236215,63
61717,63
508280,63
405437,63
153305,63
20566,63
9346,63
421015,63
449556,63
41477,63
449046,63
174087,63
236881,63
393778,63
575521,63
101976,63
104290,63
318795,63
663773,63
454721,63
264142,63
693064,63
425317,63
281978,63
636597,63
290442,63
115566,63
636751,63
599951,63
392388,63
2751,63
570833,63
331230,63
99713,63
483255,63
472227,63
106834,63
302233,63
604344,63
211212,63
448486,63
322303,63
454361,63
655566,63
440653,63
152732,63
28352,63
186088,63
309437,63
461064,63
649028,63
688074,63
202,63
157814,63
26019,63
295669,63
669004,63
553084,63
581306,63
575835,63
573393,63
512484,63
416389,63
234595,63
487755,63
110548,63
446810,63
43548,63
660526,63
150690,63
647199,63
420600,63
93096,63
154226,63
452750,63
670718,63
335309,63
342986,63
17864,63
289560,63
185281,63
194631,63
161701,63
425965,63
331322,63
42215,63
338717,63
303560,63
247280,63
248960,63
323304,63
97055,63
425599,63
99640,63
245862,63
260199,63
258243,63
131349,63
417400,63
576480,63
118211,63
52975,63
138065,63
574828,63
467591,63
685208,63
591162,63
289381,63
567799,63
630709,63
149975,63
521854,63
556419,63
31747,63
116078,63
133477,63
352757,63
387365,63
538955,63
52619,63
490799,63
121294,63
436807,63
29590,63
474553,63
15174,63
574304,63
364574,63
440616,63
55996,63
596046,63
221745,63
498297,63
79737,63
234281,63
81804,63
605378,63
502771,63
422062,63
680322,63
594899,63
247390,63
441756,63
510209,63
158844,63
506607,63
24701,63
481744,63
83923,63
453863,63
217939,63
692480,63
612520,63
649845,63
538194,63
152961,63
34699,63
153167,63
511758,63
350490,63
404991,63
317320,63
432550,63
340829,63
17362,63
601653,63
492524,63
482951,63
356245,63
435821,63
658566,63
449253,63
606522,63
541358,63
491826,63
466237,63
638245,63
435943,63
450696,63
637295,63
337347,63
530482,63
98917,63
692297,63
603582,63
658628,63
11740,63
128158,63
148778,63
136555,63
394016,63
402834,63
281219,63
257590,63
613100,63
432815,63
654262,63
125931,63
247144,63
8319,63
396764,63
627500,63
350854,63
268045,63
524964,63
298624,63
74406,63
135765,63
79547,63
42259,63
56056,63
113173,63
18338,63
181262,63
490294,63
389414,63
554761,63
683484,63
85698,63
290560,63
337772,63
523237,63
204529,63
39887,63
165548,63
617250,63
435532,63
205637,63
411794,63
640435,63
499289,63
337174,63
67686,63
568355,63
53097,63
671900,63
608836,63
292789,63
217184,63
14980,63
335871,63
27471,63
503379,63
650070,63
475075,63
261619,63
168651,63
620857,63
47244,63
464393,63
400908,63
565946,63
358611,63
90455,63
476164,63
520880,63
665063,63
120488,63
291492,63
380276,63
563710,63
328304,63
513978,63
608398,63
79474,63
423608,63
453487,63
58936,63
461330,63
658571,63
46906,63
258010,63
76698,63
406681,63
429187,63
199551,63
379547,63
47591,63
300445,63
174388,63
316329,63
233136,63
455564,63
193132,63
282966,63
492953,63
404631,63
408818,63
248202,63
579853,63
327261,63
57857,63
468022,63
15559,63
355091,63
602144,63
262704,63
99439,63
621035,63
350796,63
172858,63
342914,63
480811,63
480246,63
113593,63
68433,63
156766,63
356860,63
537380,63
596192,63
57990,63
219102,63
303810,63
660686,63
102032,63
208419,63
466459,63
369443,63
403872,63
229601,63
241284,63
4694,63
397110,63
265202,63
145477,63
306126,63
691333,63
379553,63
339722,63
205102,63
42743,63
47192,63
463697,63
297306,63
28867,63
434164,63
199474,63
530908,63
696987,63
94324,63
665932,63
605361,63
536410,63
580200,63
291842,63
155361,63
408009,63
650989,63
468605,63
443425,63
605498,63
148709,63
177574,63
635258,63
546879,63
503397,63
325064,63
542020,63
78640,63
482670,63
105803,63
54173,63
115536,63
382345,63
523217,63
105938,63
135141,63
482927,63
95302,63
651261,63
529157,63
588137,63
57913,63
523603,63
81600,63
671956,63
682505,63
633446,63
213947,63
593778,63
499095,63
496429,63
3501,63
695856,63
16345,63
360899,63
259814,63
651541,63
304050,63
503035,63
434750,63
396594,63
277732,63
440149,63
478294,63
321548,63
422585,63
577226,63
422820,63
300286,63
694045,63
375383,63
156126,63
164302,63
247637,63
643165,63
393581,63
109669,63
500284,63
651897,63
16430,63
512550,63
123429,63
69579,63
181364,63
549964,63
25219,63
594063,63
10906,63
65645,63
223076,63
288314,63
304584,63
95437,63
178242,63
213959,63
538354,63
418129,63
436305,63
90948,63
568492,63
694953,63
549044,63
542262,63
226131,63
393248,63
225057,63
373936,63
688460,63
664203,63
668953,63
298556,63
424024,63
199326,63
250031,63
479921,63
316743,63
302639,63
337796,63
392979,63
5803,63
410566,63
121010,63
499574,63
467551,63
327676,63
698463,63
639236,63
420626,63
68563,63
53673,63
51922,63
432931,63
394247,63
620008,63
632153,63
439128,63
365264,63
357649,63
654393,63
555806,63
213098,63
510500,63
698150,63
484449,63
30508,63
667803,63
158967,63
149995,63
236176,63
117322,63
662014,63
326971,63
430979,63
657305,63
507678,63
102600,63
429223,63
446491,63
48546,63
173158,63
320598,63
211240,63
118308,63
141470,63
104314,63
359412,63
674617,63
690505,63
603780,63
6534,63
655285,63
262049,63
498518,63
50660,63
156999,63
2305,63
101084,63
164844,63
287633,63
422899,63
582412,63
365381,63
421485,63
58152,63
105854,63
168896,63
452148,63
303926,63
368834,63
190918,63
296928,63
387973,63
83563,63
98039,63
526684,63
675407,63
668458,63
192923,63
501706,63
692366,63
477574,63
120980,63
568050,63
631790,63
69343,63
500691,63
118392,63
540300,63
589012,63
514625,63
378038,63
501746,63
279779,63
147742,63
152152,63
147229,63
268777,63
169704,63
468243,63
333332,63
648599,63
155545,63
469441,63
452963,63
348768,63
166448,63
452442,63
412944,63
382507,63
482226,63
152552,63
325021,63
618076,63
393345,63
684888,63
187221,63
528904,63
195707,63
297247,63
319302,63
86146,63
93162,63
466205,63
672580,63
386102,63
160672,63
303273,63
334171,63
311942,63
466427,63
273230,63
255192,63
23611,63
279277,63
402807,63
99974,63
95845,63
283307,63
243060,63
168950,63
182150,63
548972,63
260375,63
580477,63
107103,63
390251,63
490684,63
7358,63
558740,63
541641,63
370094,63
446527,63
376797,63
471227,63
349612,63
43906,63
250569,63
335239,63
315909,63
456289,63
592800,63
688679,63
155847,63
83946,63
486168,63
11797,63
33297,63
507596,63
312275,63
575707,63
334641,63
146976,63
562161,63
509679,63
143703,63
372755,63
121036,63
629728,63
406909,63
327677,63
379733,63
460065,63
519482,63
540045,63
498311,63
270560,63
334723,63
517892,63
377868,63
412561,63
575468,63
94134,63
350174,63
279535,63
608036,63
368595,63
340432,63
46987,63
628620,63
316746,63
517130,63
313404,63
548850,63
41734,63
105524,63
507528,63
292488,63
161713,63
312697,63
517315,63
503801,63
537701,63
385785,63
521460,63
243426,63
567898,63
464541,63
499908,63
259467,63
684440,63
523094,63
40021,63
231329,63
248929,63
582411,63
618409,63
425978,63
297529,63
396526,63
365279,63
658559,63
698867,63
21918,63
363751,63
19522,63
508765,63
426764,63
482832,63
75817,63
609205,63
602763,63
418935,63
64517,63
623140,63
567015,63
171325,63
500927,63
578072,63
471444,63
519518,63
70830,63
677014,63
392778,63
300246,63
693405,63
509634,63
211839,63
316717,63
493542,63
74505,63
224620,63
197814,63
94511,63
651924,63
437489,63
502939,63
269019,63
69285,63
209691,63
139384,63
623397,63
617345,63
511424,63
578622,63
267780,63
640212,63
460491,63
639243,63
618748,63
465709,63
182166,63
228738,63
238316,63
245107,63
469567,63
49110,63
258034,63
282853,63
530661,63
599591,63
62692,63
448012,63
649888,63
262942,63
584789,63
541280,63
353293,63
33577,63
370483,63
601872,63
310701,63
214040,63
121526,63
104203,63
82100,63
299643,63
99450,63
293054,63
610095,63
136888,63
466149,63
245426,63
473222,63
538804,63
261674,63
409288,63
232336,63
28467,63
167125,63
629303,63
684061,63
218988,63
503834,63
238869,63
404136,63
357724,63
165876,63
566519,63
599420,63
62372,63
447754,63
624713,63
235200,63
258748,63
539444,63
177130,63
502647,63
619385,63
387197,63
90446,63
563794,63
677608,63
318432,63
443606,63
648338,63
364877,63
341327,63
264214,63
34938,63
267407,63
25369,63
315000,63
105795,63
103739,63
572176,63
353527,63
145071,63
330587,63
282405,63
243577,63
402416,63
460083,63
98174,63
489847,63
344447,63
5997,63
395455,63
11673,63
395943,63
475200,63
232514,63
208917,63
494362,63
238575,63
295127,63
376564,63
463119,63
606763,63
101345,63
354962,63
682785,63
596507,63
656057,63
392294,63
614822,63
665584,63
52922,63
40179,63
589953,63
332881,63
526478,63
186312,63
534115,63
404409,63
401031,63
659179,63
15626,63
318709,63
282984,63
688921,63
83210,63
145864,63
608475,63
441108,63
191656,63
462655,63
308157,63
117994,63
381626,63
31581,63
424049,63
559520,63
303612,63
648017,63
478379,63
686281,63
578241,63
622501,63
388030,63
61379,63
419289,63
215155,63
277915,63
18659,63
485815,63
353821,63
366326,63
357116,63
610889,63
464273,63
299915,63
154347,63
333236,63
219735,63
209656,63
274932,63
562441,63
357888,63
50278,63
697348,63
302252,63
289147,63
163498,63
50008,63
125062,63
548158,63
165507,63
395912,63
674986,63
183817,63
589072,63
190327,63
125836,63
162575,63
332805,63
46853,63
327950,63
575153,63
140144,63
258202,63
420308,63
548313,63
33188,63
596783,63
80193,63
395618,63
13149,63
173598,63
616497,63
570398,63
186100,63
387287,63
475927,63
149670,63
662875,63
335882,63
462351,63
330537,63
585144,63
41575,63
615850,63
104660,63
129549,63
531155,63
209738,63
611329,63
627416,63
58298,63
185374,63
229412,63
177556,63
105755,63
182583,63
47070,63
250872,63
696197,63
64274,63
383250,63
597403,63
177542,63
139662,63
12441,63
531814,63
118531,63
334210,63
441654,63
98660,63
134404,63
365826,63
325606,63
119954,63
289234,63
387797,63
604873,63
575285,63
540604,63
583942,63
78264,63
505348,63
582766,63
592232,63
544361,63
591568,63
202868,63
230640,63
476053,63
74718,63
659442,63
283697,63
618073,63
622105,63
655480,63
250232,63
306770,63
585226,63
445627,63
100824,63
434079,63
239933,63
182631,63
191531,63
642255,63
493260,63
129162,63
514600,63
20849,63
616699,63
616971,63
654372,63
94975,63
263317,63
253145,63
448527,63
229700,63
655944,63
381217,63
406965,63
501637,63
282765,63
424589,63
520586,63
369519,63
113725,63
131200,63
301671,63
641639,63
384946,63
99569,63
623202,63
254787,63
60621,63
654779,63
685845,63
408298,63
676029,63
183237,63
683562,63
150326,63
381755,63
359007,63
372267,63
230574,63
224166,63
563445,63
37177,63
187941,63
566072,63
48675,63
473666,63
306998,63
548957,63
299597,63
201664,63
200836,63
482217,63
589798,63
416174,63
528447,63
636161,63
276525,63
142331,63
115787,63
496092,63
580822,63
688459,63
593207,63
68493,63
517251,63
398296,63
158244,63
669780,63
653616,63
160493,63
271073,63
433368,63
313210,63
328893,63
580533,63
630439,63
572973,63
160119,63
110058,63
527417,63
478933,63
650050,63
473972,63
168479,63
187230,63
40108,63
471233,63
567116,63
508592,63
278979,63
9212,63
558550,63
168198,63
591021,63
683350,63
208120,63
657010,63
85543,63
436914,63
125609,63
188916,63
412902,63
265320,63
342590,63
470385,63
312086,63
304512,63
601675,63
97782,63
70818,63
187117,63
637585,63
93991,63
697722,63
404663,63
18454,63
85303,63
349196,63
382400,63
184397,63
610591,63
445851,63
308449,63
450283,63
279955,63
102316,63
549850,63
318193,63
295917,63
407599,63
404495,63
629934,63
333199,63
460965,63
345264,63
313331,63
580048,63
132561,63
639097,63
281860,63
87049,63
201192,63
539786,63
34437,63
63301,63
192263,63
559965,63
207078,63
144871,63
61963,63
134449,63
473977,63
343477,63
389247,63
111378,63
133538,63
653763,63
554736,63
264672,63
23180,63
297493,63
287764,63
464998,63
255549,63
150613,63
589644,63
340989,63
88412,63
194008,63
488874,63
6835,63
580388,63
25119,63
7975,63
53681,63
381624,63
78872,63
407424,63
148287,63
114143,63
412408,63
646115,63
441166,63
603525,63
95603,63
227693,63
667786,63
30381,63
137073,63
200384,63
343424,63
477004,63
97954,63
169103,63
291301,63
88566,63
456628,63
429468,63
435541,63
692350,63
353986,63
569546,63
485459,63
18092,63
277600,63
475847,63
459701,63
116028,63
168928,63
157043,63
587979,63
179330,63
321735,63
425944,63
277233,63
309031,63
625445,63
300778,63
471980,63
630997,63
521378,63
643422,63
95752,63
448087,63
614153,63
18530,63
421445,63
146158,63
515541,63
414574,63
62308,63
80855,63
327614,63
691347,63
659666,63
71493,63
239216,63
92858,63
636335,63
669426,63
190543,63
60526,63
205557,63
21975,63
370737,63
181602,63
69142,63
503073,63
642342,63
384119,63
97374,63
475310,63
696409,63
157255,63
354333,63
287676,63
489441,63
403609,63
320244,63
558933,63
202762,63
294744,63
580474,63
206801,63
438542,63
106788,63
345232,63
254299,63
268752,63
459557,63
132297,63
291747,63
227122,63
135798,63
655418,63
518785,63
73534,63
18120,63
562059,63
485620,63
302228,63
463880,63
300969,63
443754,63
369598,63
433901,63
162014,63
300998,63
439826,63
410792,63
88535,63
195460,63
106213,63
171892,63
249820,63
667831,63
678923,63
625085,63
289430,63
102217,63
322348,63
398868,63
578130,63
595000,63
656033,63
257625,63
518766,63
325153,63
72488,63
478122,63
16079,63
546831,63
487314,63
35306,63
311094,63
654955,63
47231,63
469778,63
673682,63
671953,63
362103,63
306776,63
457184,63
121602,63
259526,63
224493,63
593547,63
571794,63
573140,63
681437,63
32392,63
297073,63
184085,63
304444,63
581682,63
638345,63
460475,63
31108,63
218372,63
224753,63
626066,63
323524,63
549599,63
549988,63
431911,63
183823,63
474401,63
520030,63
193334,63
506572,63
542520,63
111256,63
539453,63
532261,63
464930,63
125419,63
666361,63
378300,63
383411,63
407224,63
470003,63
695213,63
680014,63
213946,63
466778,63
692975,63
317784,63
539965,63
217958,63
527736,63
465533,63
619995,63
333768,63
259378,63
673884,63
381336,63
454643,63
445153,63
633251,63
60099,63
441349,63
441325,63
150277,63
459973,63
697372,63
415898,63
608307,63
23690,63
69525,63
549317,63
148469,63
114698,63
78844,63
346052,63
408480,63
698426,63
434413,63
655076,63
44828,63
387334,63
686645,63
341439,63
121518,63
484707,63
276427,63
335723,63
127507,63
669500,63
533890,63
589696,63
340801,63
199038,63
390296,63
292461,63
460393,63
265273,63
42751,63
219512,63
46589,63
270638,63
465249,63
424622,63
188542,63
492297,63
613942,63
90950,63
688338,63
617965,63
211061,63
626628,63
355601,63
5216,63
670109,63
110338,63
247075,63
386247,63
636284,63
645684,63
137330,63
42241,63
73358,63
190925,63
39003,63
394978,63
563102,63
305123,63
57807,63
285881,63
298472,63
297859,63
340268,63
546672,63
439879,63
34018,63
219033,63
422310,63
106222,63
464249,63
422757,63
512458,63
52932,63
652393,63
491954,63
470292,63
287644,63
234912,63
551443,63
676018,63
70652,63
492040,63
487123,63
669728,63
604206,63
680733,63
193557,63
301706,63
160542,63
307283,63
2295,63
213121,63
655024,63
429284,63
243506,63
617658,63
58232,63
197708,63
552712,63
451633,63
324297,63
386192,63
205496,63
26384,63
361225,63
17963,63
349015,63
355568,63
293405,63
287122,63
27571,63
386592,63
641323,63
617652,63
341256,63
677422,63
514044,63
670189,63
622779,63
474013,63
64884,63
123476,63
480368,63
405679,63
673175,63
654574,63
51751,63
17558,63
668391,63
423472,63
288697,63
351296,63
27765,63
276941,63
135578,63
29679,63
93478,63
297312,63
411283,63
627341,63
235911,63
16918,63
583856,63
115412,63
49769,63
547219,63
262689,63
588270,63
101935,63
568452,63
595047,63
506567,63
368317,63
466550,63
66516,63
441471,63
340334,63
619185,63
204982,63
586794,63
517881,63
331005,63
266891,63
44201,63
285254,63
667614,63
10734,63
86237,63
489648,63
520050,63
77842,63
101398,63
28059,63
122814,63
33615,63
200742,63
458367,63
129942,63
179546,63
24922,63
146920,63
628925,63
181266,63
499679,63
661282,63
367548,63
50661,63
523314,63
189753,63
121033,63
646447,63
158357,63
658794,63
657083,63
578443,63
610717,63
17337,63
88705,63
668708,63
380168,63
567633,63
690263,63
347435,63
549859,63
267320,63
40764,63
533118,63
640244,63
647754,63
445446,63
498061,63
308609,63
262667,63
527632,63
108245,63
480126,63
693013,63
303421,63
26472,63
564209,63
514195,63
603387,63
553445,63
633845,63
350431,63
435574,63
194603,63
538762,63
149680,63
545851,63
193157,63
551178,63
580962,63
599428,63
392237,63
7476,63
479560,63
141668,63
210448,63
637014,63
634837,63
59400,63
411054,63
490030,63
462763,63
107744,63
515180,63
239396,63
181606,63
289726,63
643791,63
129122,63
495778,63
22337,63
653515,63
57882,63
477199,63
462527,63
517713,63
272481,63
653970,63
439563,63
303385,63
670978,63
663760,63
99894,63
530044,63
429493,63
37367,63
50583,63
695922,63
116161,63
146614,63
370080,63
39391,63
543215,63
682394,63
589453,63
19714,63
286515,63
655688,63
362646,63
29364,63
278914,63
27141,63
677123,63
621438,63
289176,63
422051,63
231851,63
527561,63
244197,63
375788,63
172808,63
104541,63
211586,63
518686,63
191216,63
49433,63
599993,63
103094,63
344715,63
467650,63
404821,63
293072,63
533897,63
114914,63
699040,63
629805,63
557265,63
690470,63
204415,63
72504,63
412490,63
468102,63
314084,63
127021,63
540442,63
517944,63
170631,63
677216,63
541185,63
194571,63
582115,63
160631,63
403003,63
617049,63
499083,63
382011,63
236157,63
287792,63
396607,63
364341,63
105016,63
108529,63
239904,63
204866,63
467676,63
188741,63
597623,63
599585,63
106711,63
407195,63
344844,63
75940,63
242959,63
552524,63
67101,63
312753,63
620566,63
497640,63
149765,63
681650,63
655924,63
13701,63
375592,63
273007,63
696097,63
437794,63
560422,63
253535,63
154278,63
480012,63
316119,63
526278,63
609027,63
632485,63
421284,63
663836,63
14307,63
294087,63
187914,63
199470,63
246811,63
640915,63
252861,63
595955,63
436298,63
691422,63
276400,63
67365,63
145158,63
242878,63
542904,63
288905,63
288142,63
560484,63
661412,63
282002,63
196073,63
471398,63
418977,63
200573,63
669257,63
236241,63
615035,63
201307,63
455195,63
96569,63
484898,63
521062,63
567032,63
291671,63
533015,63
428788,63
528143,63
182368,63
427766,63
193884,63
516948,63
64699,63
74264,63
50087,63
643271,63
515053,63
694173,63
611063,63
102393,63
174381,63
355713,63
21234,63
451637,63
563218,63
10833,63
21199,63
347926,63
506910,63
412747,63
619163,63
348997,63
569993,63
694405,63
230675,63
572061,63
666969,63
532549,63
146941,63
436901,63
373673,63
416271,63
478396,63
389803,63
391360,63
635472,63
146025,63
127121,63
633873,63
694742,63
24020,63
24969,63
313860,63
194054,63
531060,63
43436,63
479129,63
508621,63
520890,63
63792,63
419772,63
142485,63
476118,63
692607,63
143546,63
311519,63
156920,63
570331,63
421174,63
73054,63
273262,63
194695,63
474686,63
682068,63
72152,63
107240,63
475168,63
422452,63
398167,63
210687,63
614313,63
390602,63
479720,63
137652,63
391732,63
201741,63
255498,63
691496,63
141009,63
307732,63
251417,63
393229,63
529838,63
401698,63
166815,63
221375,63
540875,63
94697,63
349156,63
52077,63
80560,63
326357,63
77679,63
39407,63
504778,63
448307,63
668474,63
35790,63
628725,63
473867,63
226582,63
485863,63
85144,63
85998,63
305293,63
374819,63
526986,63
262932,63
126029,63
83611,63
671488,63
440979,63
200454,63
615776,63
299180,63
641050,63
10213,63
438308,63
565789,63
302769,63
108829,63
510071,63
234785,63
185465,63
376355,63
377676,63
697713,63
549530,63
195307,63
183800,63
271323,63
353938,63
627375,63
459601,63
555126,63
506175,63
596658,63
491491,63
512728,63
265845,63
272264,63
480408,63
376802,63
185513,63
372678,63
643228,63
111801,63
355739,63
494234,63
42435,63
475150,63
75784,63
470072,63
296991,63
330918,63
442658,63
257242,63
50449,63
356517,63
366358,63
408220,63
208494,63
202984,63
465787,63
603759,63
401143,63
216935,63
686417,63
91553,63
86819,63
287413,63
366257,63
95805,63
508615,63
575123,63
549772,63
394301,63
573184,63
283376,63
453925,63
138025,63
557653,63
199689,63
76681,63
100307,63
271813,63
459943,63
52296,63
541058,63
276517,63
124596,63
139611,63
671652,63
351928,63
356268,63
664474,63
306611,63
260739,63
238340,63
115532,63
93160,63
641328,63
359844,63
10543,63
152956,63
181761,63
650523,63
217219,63
233111,63
229368,63
559477,63
350269,63
51839,63
618266,63
197167,63
286826,63
640642,63
55101,63
620967,63
220158,63
551533,63
431002,63
282099,63
607066,63
239219,63
287662,63
428764,63
37318,63
46493,63
335467,63
304061,63
329085,63
559139,63
183352,63
207415,63
503671,63
45993,63
596979,63
163174,63
612357,63
395491,63
97657,63
645643,63
294723,63
490739,63
222054,63
79422,63
153941,63
218604,63
508936,63
101144,63
122767,63
618358,63
206514,63
249157,63
492039,63
248821,63
247230,63
250388,63
376707,63
381413,63
685882,63
120355,63
408230,63
198229,63
123796,63
590014,63
184989,63
671604,63
95048,63
216597,63
144205,63
107064,63
479868,63
384974,63
398504,63
46346,63
87439,63
25027,63
616540,63
407745,63
446854,63
398388,63
175665,63
284837,63
406247,63
4908,63
221019,63
112573,63
370435,63
184498,63
516320,63
65856,63
446282,63
464061,63
123034,63
626789,63
491946,63
189749,63
519681,63
259570,63
698444,63
411680,63
372092,63
452991,63
636999,63
641882,63
455557,63
657280,63
615780,63
211723,63
258223,63
298222,63
403605,63
166365,63
282721,63
254111,63
656126,63
187731,63
630703,63
564789,63
105274,63
370993,63
417352,63
93624,63
107127,63
571638,63
90129,63
84972,63
542522,63
511659,63
290908,63
553218,63
124034,63
198117,63
687681,63
662101,63
354187,63
139737,63
266371,63
329521,63
27039,63
56136,63
389713,63
346,63
421709,63
471249,63
588448,63
586866,63
218262,63
362147,63
695858,63
323673,63
213612,63
699225,63
383222,63
210738,63
54179,63
452284,63
54192,63
503080,63
556251,63
623670,63
370410,63
453964,63
385587,63
503975,63
20957,63
650412,63
230872,63
120086,63
35956,63
272599,63
267266,63
19941,63
300110,63
116167,63
231495,63
599797,63
441406,63
121340,63
160161,63
132930,63
1234,63
423610,63
276363,63
523818,63
196640,63
295357,63
496932,63
485660,63
270767,63
238084,63
556575,63
691755,63
550900,63
223693,63
406588,63
70103,63
35248,63
132554,63
566642,63
533912,63
588210,63
545326,63
543374,63
432249,63
620925,63
256154,63
594198,63
526270,63
221640,63
453828,63
242379,63
611919,63
295965,63
65062,63
116107,63
478516,63
542317,63
401670,63
166280,63
463554,63
70534,63
579324,63
666266,63
554061,63
473897,63
301343,63
583633,63
670960,63
507625,63
646914,63
473064,63
378279,63
373777,63
260438,63
531278,63
141999,63
28857,63
212601,63
573696,63
503046,63
244629,63
171208,63
328158,63
210213,63
365696,63
237461,63
487802,63
448913,63
322800,63
32451,63
176921,63
468080,63
145168,63
412141,63
242701,63
256914,63
638141,63
661692,63
213700,63
192014,63
365877,63
651498,63
583804,63
508681,63
12102,63
243179,63
504110,63
544601,63
73633,63
532655,63
256413,63
262113,63
256790,63
586210,63
474108,63
602711,63
84168,63
3645,63
300460,63
267342,63
17554,63
276119,63
667531,63
281107,63
369114,63
158153,63
395541,63
438427,63
457957,63
343315,63
493480,63
352456,63
594110,63
419317,63
346746,63
478741,63
118346,63
315877,63
166744,63
684025,63
98773,63
159829,63
498615,63
632192,63
18645,63
106606,63
246355,63
230555,63
512514,63
61257,63
169519,63
348308,63
196660,63
645940,63
566049,63
62679,63
140428,63
605310,63
539384,63
206080,63
501773,63
563760,63
190717,63
339671,63
691309,63
396250,63
236332,63
653682,63
5603,63
110721,63
31183,63
242665,63
612556,63
519330,63
431318,63
483272,63
393935,63
475044,63
630975,63
70859,63
267476,63
213276,63
532640,63
212830,63
672734,63
350349,63
3470,63
543862,63
232605,63
109050,63
203001,63
203317,63
518580,63
1285,63
73947,63
153862,63
577761,63
127937,63
494521,63
647907,63
428718,63
373586,63
665309,63
176510,63
430674,63
375691,63
333692,63
19639,63
159323,63
511945,63
186235,63
86678,63
465247,63
378265,63
312357,63
350814,63
478383,63
475803,63
552749,63
424279,63
521694,63
134876,63
559890,63
257448,63
116850,63
488016,63
391619,63
202944,63
195231,63
173026,63
45281,63
399308,63
108111,63
493234,63
417503,63
241261,63
220666,63
122649,63
499238,63
591046,63
223595,63
336505,63
164657,63
3062,63
517737,63
308759,63
331829,63
529021,63
85686,63
384488,63
54038,63
175472,63
164456,63
82803,63
388153,63
150163,63
43040,63
399101,63
248120,63
120968,63
269761,63
374993,63
97300,63
168256,63
179934,63
374325,63
620682,63
575349,63
550526,63
689124,63
463861,63
110781,63
142818,63
184958,63
489922,63
99884,63
378342,63
199628,63
560638,63
577622,63
381679,63
603909,63
118984,63
386732,63
23590,63
374765,63
78067,63
26635,63
604101,63
24573,63
612395,63
7052,63
216537,63
615843,63
16078,63
410634,63
327106,63
239757,63
261985,63
491147,63
80024,63
524038,63
343587,63
683802,63
109213,63
11832,63
117733,63
253132,63
389449,63
417771,63
22963,63
598661,63
540773,63
558161,63
647179,63
56409,63
397616,63
538355,63
682645,63
551633,63
611466,63
626089,63
58749,63
361286,63
2491,63
367829,63
293819,63
407174,63
460814,63
387883,63
332752,63
297657,63
691134,63
648302,63
170817,63
469526,63
96802,63
42445,63
138737,63
342417,63
370679,63
681494,63
280144,63
362318,63
40906,63
526643,63
103683,63
572747,63
454002,63
496296,63
481124,63
449820,63
156720,63
135439,63
458741,63
355394,63
72147,63
513785,63
119253,63
391425,63
287559,63
21256,63
471803,63
149930,63
275815,63
427068,63
458362,63
218816,63
342801,63
115012,63
138814,63
318414,63
453992,63
677252,63
402782,63
506939,63
19245,63
665325,63
617991,63
73634,63
65442,63
433533,63
237396,63
153413,63
20913,63
446831,63
582352,63
570985,63
95607,63
653360,63
680422,63
568490,63
144007,63
461803,63
648123,63
407765,63
571581,63
641350,63
460178,63
553877,63
491971,63
679677,63
601923,63
380104,63
466203,63
162175,63
193185,63
603461,63
663985,63
434855,63
196783,63
424599,63
378810,63
150991,63
396697,63
340988,63
290755,63
126592,63
596745,63
297822,63
298386,63
109081,63
61733,63
475794,63
49388,63
273860,63
413060,63
374722,63
581744,63
445448,63
359645,63
79907,63
441731,63
623300,63
51939,63
332848,63
491507,63
49988,63
151129,63
309238,63
339646,63
12470,63
313850,63
275372,63
593483,63
606740,63
640163,63
369054,63
218657,63
219853,63
135660,63
295242,63
380315,63
262365,63
237416,63
57918,63
238581,63
517538,63
577356,63
51553,63
340783,63
649188,63
184863,63
283357,63
344083,63
381521,63
148110,63
95165,63
199715,63
474342,63
17678,63
160225,63
48146,63
656444,63
234350,63
663850,63
130139,63
533111,63
232830,63
236962,63
302163,63
173015,63
681207,63
440573,63
306156,63
31235,63
667866,63
665397,63
207671,63
133394,63
158456,63
551850,63
124248,63
390579,63
291531,63
61568,63
390437,63
157133,63
148987,63
378989,63
157371,63
506905,63
691025,63
686158,63
360376,63
183125,63
666134,63
137111,63
175217,63
568457,63
41457,63
612221,63
52236,63
451201,63
62509,63
48951,63
223444,63
124674,63
329344,63
624776,63
65466,63
59627,63
458031,63
540898,63
6888,63
289595,63
38776,63
650670,63
503644,63
130001,63
328097,63
643358,63
471328,63
98051,63
548533,63
59435,63
324998,63
328363,63
246937,63
463945,63
438860,63
51454,63
526789,63
241948,63
146991,63
252456,63
489257,63
181239,63
90366,63
451551,63
537663,63
240114,63
622710,63
107652,63
22320,63
3178,63
323477,63
213335,63
130153,63
44726,63
562825,63
418803,63
485442,63
167022,63
542555,63
589486,63
630566,63
392128,63
674193,63
462128,63
676611,63
59814,63
662065,63
672161,63
499144,63
327331,63
317843,63
133978,63
565580,63
317226,63
532369,63
315477,63
161229,63
375480,63
495982,63
327889,63
406691,63
324113,63
1005,63
194491,63
544067,63
359666,63
74985,63
109561,63
99798,63
27545,63
229162,63
172724,63
679270,63
515033,63
620414,63
279562,63
421349,63
237091,63
317216,63
527380,63
499347,63
138965,63
672348,63
329867,63
179858,63
567820,63
291710,63
689039,63
205207,63
222020,63
450259,63
166463,63
688899,63
418740,63
335531,63
698777,63
105195,63
29376,63
445819,63
402786,63
685305,63
184240,63
352331,63
665178,63
316007,63
366649,63
71743,63
208534,63
115845,63
186144,63
69409,63
269482,63
32233,63
654696,63
232060,63
262376,63
177964,63
163360,63
45615,63
534369,63
79815,63
494751,63
189405,63
221836,63
260943,63
614055,63
375496,63
242659,63
579989,63
6593,63
389632,63
318117,63
202312,63
490700,63
574702,63
503000,63
670943,63
213270,63
442353,63
571159,63
409949,63
576010,63
336751,63
467103,63
508228,63
65318,63
272068,63
436113,63
366086,63
517601,63
636803,63
190908,63
240096,63
167320,63
484890,63
490007,63
664793,63
354438,63
592519,63
616878,63
82235,63
2979,63
478042,63
563230,63
222065,63
278717,63
293877,63
248848,63
325726,63
136655,63
129015,63
568109,63
656940,63
286714,63
389035,63
586633,63
327126,63
175111,63
2157,63
681518,63
600944,63
641733,63
389405,63
163449,63
219730,63
396445,63
197908,63
176877,63
45927,63
295453,63
683215,63
421269,63
371935,63
650794,63
365913,63
359503,63
152512,63
164807,63
17706,63
318964,63
272962,63
365620,63
695943,63
294868,63
532831,63
549038,63
287459,63
428067,63
631460,63
93636,63
638303,63
458245,63
382554,63
418109,63
53148,63
394830,63
521888,63
345506,63
120736,63
591929,63
389488,63
91644,63
174878,63
596709,63
189239,63
116739,63
432345,63
616903,63
46089,63
428531,63
427966,63
45753,63
409958,63
47452,63
483864,63
121720,63
79600,63
350734,63
82529,63
544910,63
29618,63
326958,63
373591,63
458439,63
530237,63
76763,63
325955,63
310881,63
395475,63
22599,63
73062,63
436948,63
590794,63
280863,63
409068,63
468173,63
256128,63
93104,63
161143,63
595613,63
435101,63
130182,63
309842,63
526263,63
379609,63
67879,63
72894,63
40675,63
416862,63
38217,63
455917,63
330149,63
57520,63
113993,63
58406,63
332155,63
427425,63
146786,63
180353,63
161694,63
467983,63
416504,63
297662,63
261756,63
20631,63
657450,63
592067,63
586231,63
75938,63
170440,63
456243,63
478494,63
380317,63
155653,63
181167,63
541842,63
486141,63
79199,63
399632,63
121367,63
107331,63
544739,63
433272,63
396791,63
590644,63
126058,63
249306,63
282000,63
371075,63
14644,63
51193,63
105398,63
514902,63
667714,63
416911,63
475409,63
681227,63
439762,63
505591,63
350312,63
141073,63
306559,63
430640,63
377617,63
553710,63
279104,63
538353,63
549833,63
623135,63
52903,63
552327,63
449890,63
577141,63
109637,63
270661,63
634824,63
521201,63
492234,63
143855,63
77695,63
675701,63
19364,63
690457,63
78140,63
417226,63
546960,63
320885,63
105980,63
339042,63
152237,63
331670,63
505421,63
33526,63
370754,63
561784,63
604493,63
373521,63
573955,63
274406,63
554714,63
339564,63
210202,63
289037,63
13087,63
421570,63
46078,63
510963,63
230956,63
621095,63
664377,63
144578,63
128378,63
146417,63
672599,63
142501,63
340255,63
300219,63
398963,63
444106,63
260898,63
598988,63
193351,63
651009,63
498507,63
640118,63
619735,63
277646,63
22410,63
228561,63
614367,63
134582,63
314220,63
485586,63
195741,63
258995,63
532926,63
361803,63
319698,63
570763,63
106847,63
436037,63
405597,63
644067,63
339120,63
416900,63
332131,63
669555,63
155687,63
6981,63
278068,63
636693,63
311181,63
636052,63
1615,63
694643,63
688256,63
197808,63
227118,63
404733,63
665775,63
510859,63
434804,63
605631,63
562697,63
444782,63
82320,63
548157,63
241166,63
461407,63
513448,63
161381,63
438965,63
290189,63
248765,63
154660,63
313306,63
449407,63
145995,63
48740,63
383603,63
320346,63
328921,63
222355,63
594673,63
102139,63
351113,63
382561,63
56895,63
330982,63
609621,63
245970,63
257362,63
440637,63
597509,63
457866,63
17309,63
334328,63
365102,63
419278,63
176397,63
190829,63
256485,63
644433,63
87062,63
549395,63
60140,63
463660,63
595646,63
690956,63
46403,63
430873,63
296628,63
466850,63
656228,63
511263,63
376399,63
463057,63
360463,63
259995,63
19937,63
251405,63
120791,63
33968,63
288206,63
698151,63
481557,63
267592,63
94160,63
641652,63
532217,63
288017,63
407585,63
173164,63
489292,63
146264,63
195416,63
193643,63
416303,63
593490,63
343602,63
90208,63
438617,63
245908,63
70382,63
474858,63
487721,63
76248,63
112709,63
542227,63
345847,63
118858,63
434526,63
639833,63
292450,63
321982,63
124787,63
459037,63
164397,63
172700,63
334055,63
557998,63
330637,63
294987,63
449115,63
6227,63
155577,63
29688,63
110071,63
2307,63
676678,63
622084,63
187139,63
595540,63
204804,63
366960,63
678474,63
248894,63
660477,63
268891,63
636306,63
604516,63
217851,63
312802,63
187863,63
622329,63
451603,63
383585,63
183877,63
322580,63
73298,63
363436,63
391684,63
68186,63
184305,63
368854,63
424257,63
347714,63
201352,63
320129,63
185935,63
411598,63
364474,63
524123,63
608720,63
576360,63
169093,63
581538,63
7256,63
415297,63
650793,63
385195,63
677323,63
171133,63
482957,63
555638,63
683947,63
526211,63
427600,63
276636,63
313572,63
81191,63
339597,63
109711,63
385409,63
662848,63
258637,63
57572,63
236701,63
369926,63
645430,63
541019,63
537803,63
386757,63
72174,63
581377,63
393759,63
104749,63
675153,63
564707,63
328132,63
212450,63
54472,63
508785,63
217388,63
375230,63
376247,63
420140,63
62539,63
143822,63
6286,63
613478,63
2995,63
213540,63
30036,63
444859,63
646272,63
309509,63
468957,63
401818,63
549122,63
361687,63
408031,63
59972,63
106215,63
406811,63
674645,63
375531,63
158681,63
697454,63
328473,63
196657,63
424413,63
49449,63
393456,63
158606,63
53857,63
354055,63
427480,63
614957,63
436193,63
108031,63
630355,63
61411,63
228544,63
170543,63
602625,63
388501,63
617381,63
10344,63
482091,63
502798,63
484082,63
350062,63
494880,63
155628,63
622534,63
524208,63
23822,63
55900,63
622172,63
276589,63
449559,63
543457,63
583615,63
239172,63
147343,63
589704,63
217869,63
407181,63
42255,63
49966,63
536042,63
235037,63
285776,63
379751,63
350955,63
651918,63
670078,63
590469,63
30022,63
102399,63
128805,63
41742,63
581714,63
174136,63
506728,63
123464,63
211353,63
574634,63
572963,63
551943,63
419394,63
323985,63
118002,63
340819,63
257917,63
503350,63
353291,63
72588,63
691018,63
656878,63
552114,63
612636,63
54924,63
397148,63
293676,63
223831,63
330785,63
50608,63
213873,63
13205,63
195499,63
190428,63
566047,63
531242,63
12731,63
613322,63
46330,63
34845,63
571095,63
39893,63
158792,63
385788,63
269364,63
318417,63
174866,63
506205,63
399870,63
266618,63
689972,63
618469,63
50182,63
471273,63
37729,63
501296,63
384751,63
397598,63
564263,63
161718,63
547681,63
74039,63
647243,63
95364,63
532537,63
389161,63
335348,63
559058,63
149408,63
506491,63
190516,63
216973,63
141618,63
200240,63
428883,63
46871,63
251395,63
46250,63
448933,63
654817,63
412391,63
372656,63
444151,63
223133,63
538797,63
442536,63
209319,63
344534,63
555529,63
118374,63
86620,63
77305,63
543851,63
516661,63
477607,63
116407,63
6063,63
292470,63
402606,63
574810,63
544564,63
572313,63
133463,63
571857,63
492498,63
629628,63
362215,63
467450,63
464243,63
478911,63
24137,63
293622,63
610942,63
673230,63
628667,63
240168,63
406211,63
85929,63
248859,63
242202,63
593891,63
504,63
699204,63
11517,63
182857,63
32921,63
33666,63
660725,63
89065,63
417743,63
368754,63
584322,63
273730,63
142601,63
603549,63
256954,63
187643,63
501921,63
235857,63
195140,63
38654,63
157511,63
222547,63
592542,63
650171,63
455972,63
439286,63
611001,63
232205,63
632161,63
110802,63
437048,63
89139,63
47976,63
331377,63
363982,63
554786,63
290538,63
652727,63
386202,63
48092,63
251752,63
343022,63
588393,63
219860,63
9947,63
504637,63
401484,63
484981,63
62362,63
199220,63
640913,63
594744,63
697486,63
648339,63
601616,63
128585,63
30277,63
333099,63
574407,63
441064,63
453661,63
378276,63
104686,63
232012,63
591466,63
65437,63
240422,63
233226,63
622758,63
17208,63
333972,63
614800,63
462349,63
690265,63
252858,63
647652,63
569957,63
338771,63
316404,63
312918,63
396634,63
511971,63
435626,63
355074,63
323113,63
583490,63
325866,63
74768,63
255836,63
176658,63
170996,63
633583,63
393499,63
412080,63
292459,63
383736,63
634154,63
617795,63
334481,63
431107,63
180503,63
566239,63
479305,63
77602,63
290428,63
547487,63
330169,63
275668,63
99286,63
496648,63
624565,63
288327,63
404481,63
431677,63
548804,63
317325,63
210206,63
570400,63
516630,63
630297,63
611312,63
594325,63
686256,63
650367,63
432745,63
539291,63
395919,63
111586,63
351644,63
220487,63
647279,63
40403,63
675636,63
476126,63
472913,63
246077,63
459734,63
384618,63
653845,63
595371,63
167948,63
617259,63
66521,63
229728,63
512993,63
261934,63
374326,63
74044,63
416742,63
650548,63
284225,63
457903,63
223223,63
476356,63
363866,63
699302,63
605893,63
293761,63
445507,63
683242,63
55136,63
31606,63
60605,63
490762,63
467183,63
671178,63
549332,63
231556,63
445463,63
18838,63
665124,63
274931,63
259679,63
104324,63
563204,63
619943,63
306827,63
247228,63
588055,63
66368,63
613992,63
513203,63
569110,63
349300,63
384398,63
430520,63
220795,63
385516,63
549552,63
235305,63
619522,63
378701,63
553868,63
533170,63
124911,63
180951,63
186229,63
624301,63
692036,63
92023,63
598150,63
175683,63
40662,63
169420,63
143157,63
470965,63
693307,63
332584,63
474330,63
377209,63
452346,63
515928,63
653454,63
131142,63
174533,63
3233,63
277527,63
595327,63
185738,63
501967,63
76320,63
2171,63
337097,63
252961,63
181281,63
28993,63
280571,63
53764,63
386032,63
8711,63
116369,63
659363,63
200868,63
574358,63
282957,63
339245,63
418553,63
642173,63
586581,63
576797,63
665567,63
396101,63
675936,63
382334,63
230788,63
540676,63
417943,63
182995,63
44578,63
375584,63
60937,63
185848,63
414293,63
285298,63
697599,63
214309,63
129406,63
98791,63
483876,63
307645,63
61063,63
336479,63
152393,63
152810,63
12301,63
458858,63
315184,63
38294,63
692095,63
538374,63
494786,63
187268,63
372940,63
543809,63
158991,63
190497,63
287345,63
493597,63
435732,63
612219,63
656775,63
314299,63
329448,63
548034,63
406954,63
114187,63
34600,63
569227,63
214787,63
482214,63
530454,63
447031,63
330904,63
90322,63
572868,63
486060,63
369687,63
389104,63
528689,63
59705,63
418260,63
347618,63
616039,63
388882,63
597267,63
314160,63
276413,63
577481,63
379049,63
557897,63
88315,63
15570,63
136959,63
554404,63
80043,63
40446,63
348766,63
434031,63
561455,63
9631,63
176950,63
72328,63
292668,63
307812,63
465635,63
374260,63
488025,63
403224,63
180143,63
351768,63
92219,63
644040,63
234379,63
17456,63
515119,63
319473,63
302033,63
78495,63
603769,63
298109,63
174962,63
25570,63
24318,63
493501,63
138409,63
319452,63
454164,63
677583,63
623116,63
442349,63
521952,63
670909,63
347427,63
564337,63
319804,63
159682,63
282255,63
278225,63
301648,63
170111,63
127095,63
120986,63
52294,63
667059,63
645036,63
220412,63
432292,63
520925,63
536937,63
259242,63
42947,63
370849,63
635116,63
163766,63
639210,63
443765,63
649080,63
220230,63
457708,63
107390,63
240163,63
430588,63
678291,63
689679,63
429191,63
461263,63
340261,63
253153,63
326198,63
652038,63
675581,63
580526,63
3808,63
146187,63
256958,63
697178,63
256646,63
607059,63
489075,63
639522,63
164401,63
220336,63
78573,63
615316,63
600336,63
642745,63
694040,63
394338,63
37014,63
76213,63
281805,63
92646,63
19367,63
679906,63
512503,63
462194,63
186356,63
6428,63
147608,63
445235,63
79843,63
81799,63
14570,63
586014,63
68124,63
267558,63
232849,63
692112,63
329558,63
429211,63
90306,63
666237,63
136013,63
406946,63
338158,63
165451,63
669739,63
10319,63
423230,63
389440,63
236182,63
653106,63
426030,63
377153,63
371621,63
364423,63
266110,63
74343,63
655963,63
86743,63
583448,63
517016,63
675583,63
401969,63
280319,63
695624,63
110366,63
646120,63
479530,63
279049,63
134094,63
667356,63
281794,63
566883,63
626093,63
258897,63
528273,63
43849,63
279283,63
296258,63
645277,63
546767,63
667699,63
569125,63
468931,63
574944,63
651908,63
694751,63
347074,63
445526,63
442922,63
536629,63
48198,63
419875,63
79064,63
43538,63
572269,63
617488,63
698863,63
101094,63
182196,63
629603,63
111053,63
429547,63
638253,63
81338,63
657239,63
550884,63
464290,63
597985,63
667662,63
680003,63
258876,63
217224,63
75304,63
315505,63
56499,63
163393,63
506652,63
169435,63
198851,63
202124,63
670242,63
287935,63
484616,63
592531,63
553820,63
112789,63
71594,63
540942,63
130123,63
92655,63
357071,63
378650,63
510023,63
233344,63
55505,63
448729,63
597582,63
67263,63
423904,63
242545,63
546280,63
551668,63
508542,63
264878,63
688483,63
449509,63
220272,63
433911,63
577612,63
232494,63
537966,63
213587,63
517183,63
490384,63
475842,63
575314,63
612493,63
579464,63
505231,63
397325,63
46235,63
208334,63
484221,63
39403,63
49681,63
185655,63
296821,63
268278,63
143128,63
91681,63
147613,63
655586,63
211963,63
213752,63
354775,63
340705,63
98912,63
143893,63
459920,63
276439,63
108992,63
625420,63
145492,63
673845,63
235125,63
589678,63
253956,63
142218,63
37356,63
263680,63
417044,63
299103,63
600260,63
139411,63
502306,63
3207,63
302270,63
412047,63
87752,63
552923,63
688742,63
654738,63
540368,63
159386,63
156118,63
99598,63
456887,63
147932,63
667004,63
239275,63
228787,63
542767,63
490423,63
392174,63
298603,63
142758,63
275864,63
391434,63
57259,63
234815,63
304938,63
337677,63
292164,63
17544,63
418119,63
657122,63
490729,63
1100,63
679027,63
87889,63
249813,63
525458,63
346348,63
541251,63
593905,63
184221,63
195455,63
462201,63
676731,63
534449,63
186185,63
686811,63
136895,63
193776,63
456549,63
647800,63
627559,63
298946,63
28339,63
345916,63
119449,63
557473,63
42842,63
505140,63
369652,63
469308,63
555036,63
479024,63
304063,63
106828,63
201268,63
636508,63
65553,63
387246,63
113093,63
389270,63
52685,63
312507,63
426855,63
324788,63
136489,63
245763,63
502106,63
16175,63
475512,63
461410,63
223136,63
472966,63
625339,63
522715,63
288001,63
539174,63
385870,63
354414,63
509230,63
452154,63
85858,63
191834,63
510451,63
65737,63
510243,63
610595,63
112302,63
408528,63
676922,63
112007,63
591454,63
456836,63
540289,63
308034,63
656220,63
189214,63
172783,63
658723,63
580518,63
69878,63
497350,63
103158,63
132214,63
267163,63
448480,63
449066,63
172604,63
588844,63
588215,63
425563,63
197393,63
407763,63
34009,63
653176,63
353955,63
668045,63
113635,63
569752,63
626637,63
3994,63
467160,63
616539,63
523327,63
181666,63
655099,63
419297,63
359744,63
589915,63
364118,63
49149,63
3258,63
46449,63
1531,63
52664,63
267272,63
136927,63
406756,63
341404,63
233170,63
233730,63
208331,63
588229,63
534141,63
44180,63
600810,63
690108,63
142312,63
383598,63
408585,63
414412,63
647588,63
514801,63
84383,63
585529,63
449606,63
570184,63
547482,63
100704,63
331822,63
694036,63
462471,63
481827,63
171029,63
402476,63
51510,63
232045,63
602097,63
639707,63
596017,63
60121,63
79226,63
591227,63
516055,63
351171,63
456528,63
222248,63
323202,63
195832,63
698848,63
181448,63
696245,63
254141,63
88799,63
280868,63
221659,63
172773,63
214508,63
139831,63
353761,63
196371,63
607194,63
229154,63
266537,63
617543,63
327203,63
524355,63
382089,63
36103,63
625738,63
482140,63
377247,63
173989,63
24674,63
672019,63
257605,63
279716,63
243931,63
440341,63
465166,63
691420,63
651337,63
645231,63
123989,63
403950,63
325492,63
631779,63
265146,63
284671,63
420329,63
395112,63
594036,63
484374,63
54607,63
51530,63
76859,63
391218,63
516157,63
376765,63
534851,63
443934,63
96465,63
490357,63
272226,63
140386,63
284453,63
302267,63
242370,63
553403,63
26976,63
681812,63
327589,63
332888,63
630223,63
295066,63
86994,63
318942,63
527955,63
50079,63
206826,63
398806,63
474391,63
544710,63
521080,63
241798,63
579998,63
638638,63
171014,63
134928,63
430401,63
449379,63
639233,63
640631,63
408219,63
39151,63
57158,63
309678,63
432101,63
695495,63
507308,63
553853,63
385326,63
16242,63
131766,63
646409,63
407495,63
411377,63
133684,63
367009,63
553428,63
59521,63
311108,63
460811,63
610006,63
276680,63
386582,63
113571,63
391482,63
87355,63
237365,63
40548,63
229206,63
128947,63
487177,63
140660,63
428139,63
391665,63
417687,63
401251,63
496516,63
290137,63
436693,63
121445,63
85062,63
544260,63
194839,63
186161,63
536574,63
479776,63
460895,63
683092,63
267451,63
290281,63
599929,63
696465,63
185218,63
255144,63
325772,63
4095,63
278940,63
55096,63
514631,63
241033,63
676607,63
490879,63
319551,63
546428,63
632112,63
540034,63
114007,63
9931,63
223405,63
222612,63
643340,63
117116,63
150156,63
66455,63
523658,63
129601,63
57359,63
549129,63
623026,63
161438,63
82159,63
662194,63
319752,63
537012,63
201378,63
94055,63
181507,63
646113,63
153609,63
92613,63
127744,63
692189,63
142210,63
474857,63
84167,63
284939,63
570926,63
23810,63
515889,63
109075,63
345067,63
436969,63
128191,63
691359,63
429552,63
185680,63
545361,63
17872,63
319677,63
18651,63
171909,63
355209,63
407523,63
285169,63
183968,63
662306,63
262865,63
643968,63
439023,63
513158,63
36638,63
640193,63
299568,63
310622,63
678720,63
540235,63
682794,63
431517,63
42055,63
622267,63
286551,63
147342,63
229994,63
200165,63
326304,63
283618,63
180512,63
96597,63
244124,63
58739,63
224650,63
599452,63
210666,63
4702,63
520985,63
673515,63
200674,63
653664,63
539713,63
187817,63
697278,63
487013,63
420687,63
401233,63
236479,63
584364,63
177605,63
658950,63
179736,63
98794,63
318092,63
462387,63
572490,63
101485,63
656659,63
458851,63
81326,63
101456,63
560466,63
636796,63
187471,63
262682,63
63382,63
493845,63
643336,63
556518,63
184671,63
462804,63
418858,63
352245,63
312431,63
581897,63
179018,63
574587,63
405860,63
169572,63
269759,63
667787,63
639318,63
616974,63
586636,63
96421,63
378587,63
14269,63
23096,63
5516,63
233617,63
264964,63
376130,63
433172,63
684874,63
347306,63
70372,63
7106,63
7905,63
282877,63
193314,63
355022,63
637441,63
564127,63
148559,63
566500,63
218371,63
669191,63
433457,63
573523,63
482194,63
216365,63
286430,63
309171,63
186456,63
125290,63
606609,63
30878,63
481384,63
683730,63
371985,63
238307,63
237217,63
505950,63
57836,63
113316,63
607173,63
596661,63
628878,63
439938,63
503543,63
474195,63
23634,63
69798,63
459087,63
581533,63
10968,63
259660,63
416033,63
68818,63
295600,63
465699,63
217197,63
439440,63
204121,63
609972,63
127642,63
325735,63
204820,63
282781,63
567669,63
559618,63
203381,63
323640,63
496415,63
637459,63
271370,63
439170,63
461696,63
388574,63
240656,63
463241,63
338606,63
417750,63
52366,63
88687,63
545779,63
398123,63
103610,63
353768,63
304320,63
641410,63
71697,63
84419,63
691587,63
587257,63
314337,63
168385,63
646224,63
593403,63
504145,63
354838,63
31729,63
670680,63
458476,63
42683,63
568669,63
476516,63
164871,63
185292,63
500663,63
448646,63
23377,63
658064,63
80167,63
256618,63
583620,63
323415,63
417790,63
125390,63
373361,63
296233,63
691986,63
224739,63
59934,63
636183,63
310124,63
119026,63
328420,63
19402,63
530947,63
101563,63
257148,63
11571,63
60173,63
687061,63
142984,63
607590,63
666599,63
358850,63
598901,63
656454,63
252452,63
230299,63
498567,63
75189,63
331526,63
527625,63
66013,63
104967,63
569013,63
152154,63
19478,63
660357,63
275237,63
281394,63
41290,63
589489,63
465303,63
563787,63
98161,63
272613,63
4063,63
529033,63
230783,63
71175,63
597686,63
251157,63
433895,63
300191,63
3552,63
130743,63
143038,63
328940,63
268757,63
317631,63
632845,63
113329,63
544414,63
14981,63
19468,63
480044,63
1183,63
251467,63
671240,63
338128,63
242552,63
129269,63
387899,63
468707,63
214855,63
646986,63
594085,63
7998,63
33309,63
182926,63
657932,63
29750,63
360568,63
300550,63
83463,63
216622,63
677310,63
118880,63
281293,63
410108,63
270552,63
200489,63
36098,63
405220,63
496742,63
267970,63
338367,63
528857,63
7982,63
549944,63
532415,63
301066,63
4293,63
19848,63
41088,63
197019,63
30087,63
483847,63
601597,63
507251,63
222107,63
278684,63
359759,63
624252,63
480513,63
235759,63
65047,63
124440,63
383018,63
110052,63
334323,63
343181,63
366866,63
480274,63
91120,63
643812,63
75027,63
151736,63
236810,63
322681,63
434850,63
146992,63
152719,63
673861,63
90635,63
109772,63
236883,63
218444,63
21517,63
325684,63
509973,63
694344,63
261740,63
190524,63
283529,63
639793,63
359789,63
504014,63
150428,63
365406,63
80497,63
77913,63
345657,63
378915,63
340485,63
151015,63
481840,63
510842,63
407042,63
498039,63
249638,63
111773,63
60531,63
233981,63
149902,63
17562,63
621069,63
229837,63
384156,63
574825,63
589636,63
175889,63
148327,63
478821,63
483247,63
159922,63
135238,63
241333,63
133459,63
365352,63
397343,63
283352,63
288285,63
114120,63
685957,63
486589,63
163324,63
226997,63
5069,63
545187,63
202992,63
84642,63
554368,63
47580,63
253299,63
227459,63
350956,63
181476,63
187492,63
94588,63
6802,63
60222,63
121740,63
50679,63
589187,63
389652,63
543730,63
548235,63
492239,63
528254,63
211896,63
641089,63
397682,63
306681,63
84205,63
293394,63
496697,63
682318,63
480541,63
664639,63
140691,63
30058,63
165037,63
255903,63
488064,63
296119,63
376362,63
369979,63
574045,63
20820,63
638729,63
240720,63
375884,63
317970,63
110771,63
476732,63
480839,63
122812,63
429912,63
249352,63
428753,63
676956,63
590031,63
7063,63
625373,63
67717,63
169654,63
495636,63
648308,63
371383,63
89443,63
606946,63
141682,63
114766,63
399290,63
416257,63
629290,63
145197,63
403816,63
444026,63
359630,63
331814,63
667000,63
134109,63
378226,63
210671,63
115454,63
219482,63
87066,63
378304,63
109795,63
540464,63
55587,63
444225,63
199261,63
484817,63
184752,63
281198,63
9037,63
584243,63
142978,63
610710,63
149892,63
120850,63
282260,63
308724,63
463908,63
193103,63
238811,63
271947,63
243310,63
65909,63
618555,63
579991,63
519259,63
643907,63
542203,63
419886,63
92673,63
606889,63
316144,63
593516,63
590402,63
638581,63
301126,63
604843,63
103363,63
470908,63
68872,63
520179,63
352612,63
363253,63
594083,63
533999,63
552836,63
451237,63
146478,63
239653,63
8156,63
1847,63
168913,63
52942,63
494884,63
385375,63
437109,63
401735,63
546262,63
472041,63
163699,63
234160,63
411863,63
565013,63
626013,63
248590,63
39551,63
205053,63
70712,63
612444,63
495494,63
378769,63
42373,63
162079,63
243171,63
303034,63
200683,63
690327,63
496605,63
550089,63
583301,63
484137,63
316764,63
542621,63
511979,63
208770,63
660904,63
519004,63
54177,63
435582,63
42058,63
640215,63
46671,63
84365,63
171849,63
242657,63
192394,63
696605,63
212649,63
55803,63
356332,63
639463,63
572338,63
151399,63
205119,63
429438,63
582625,63
275154,63
669798,63
433627,63
410938,63
475796,63
118793,63
163238,63
479013,63
646513,63
430758,63
664293,63
319895,63
587430,63
280828,63
420589,63
484664,63
540686,63
251664,63
469408,63
209242,63
163058,63
159754,63
50179,63
502043,63
241652,63
36017,63
186764,63
220443,63
604298,63
104452,63
287157,63
625580,63
77094,63
378314,63
204265,63
377296,63
582846,63
42538,63
76413,63
225251,63
295973,63
424795,63
13264,63
573412,63
233653,63
155718,63
275567,63
112152,63
220,63
307981,63
169767,63
453843,63
118130,63
204615,63
639329,63
481943,63
399618,63
585399,63
393997,63
34125,63
39876,63
233936,63
563512,63
537095,63
170309,63
422901,63
92202,63
391715,63
529900,63
596996,63
274827,63
280893,63
389717,63
573709,63
555979,63
199866,63
490439,63
67977,63
106791,63
540237,63
542259,63
603623,63
356424,63
33459,63
161741,63
245196,63
591822,63
571023,63
175083,63
17270,63
198127,63
263051,63
676693,63
13207,63
630843,63
67544,63
612540,63
85352,63
618370,63
370761,63
329717,63
668846,63
266540,63
692587,63
495239,63
7208,63
677679,63
457401,63
694487,63
142340,63
12896,63
547851,63
388536,63
155006,63
270119,63
403124,63
196419,63
19474,63
365250,63
619038,63
200722,63
425747,63
259039,63
116099,63
242138,63
683091,63
84893,63
614659,63
508102,63
378714,63
357818,63
64201,63
181672,63
258891,63
477089,63
463748,63
183987,63
275298,63
600473,63
503887,63
227149,63
100095,63
184565,63
514580,63
367064,63
460913,63
90538,63
108515,63
126152,63
669309,63
7754,63
528383,63
104097,63
325138,63
681630,63
390493,63
107973,63
427384,63
444107,63
286527,63
113799,63
73017,63
34346,63
275315,63
529227,63
412572,63
550254,63
111913,63
34446,63
467917,63
281,63
240858,63
208781,63
630570,63
96830,63
435160,63
674994,63
115309,63
142447,63
8643,63
649690,63
569181,63
625083,63
669499,63
624795,63
612878,63
508140,63
634621,63
580471,63
329609,63
386663,63
567492,63
532145,63
219943,63
375662,63
329377,63
692346,63
35619,63
581572,63
129707,63
637344,63
632888,63
173269,63
110250,63
115719,63
627234,63
427832,63
458707,63
500547,63
119162,63
394383,63
165223,63
14540,63
38730,63
493999,63
197647,63
420670,63
649505,63
352041,63
108701,63
477000,63
415014,63
246643,63
205888,63
136296,63
363786,63
43961,63
154843,63
313727,63
227756,63
24097,63
13275,63
306953,63
202353,63
196243,63
75590,63
459276,63
432195,63
327070,63
157384,63
277991,63
551096,63
171090,63
680936,63
366815,63
471874,63
163365,63
366276,63
513107,63
342991,63
120824,63
568542,63
72036,63
157847,63
115788,63
538972,63
181350,63
642498,63
309913,63
203728,63
156708,63
434492,63
554523,63
136186,63
549575,63
16372,63
220990,63
103205,63
582442,63
379506,63
46817,63
120560,63
654789,63
93092,63
420342,63
539823,63
398627,63
196756,63
559796,63
557573,63
88392,63
428677,63
26388,63
456339,63
78845,63
2628,63
397407,63
149351,63
138407,63
56061,63
257354,63
548617,63
452213,63
448267,63
47263,63
520520,63
679311,63
69614,63
292249,63
508346,63
516928,63
584222,63
49647,63
510873,63
210041,63
519520,63
590476,63
33847,63
79689,63
33089,63
633278,63
450924,63
644328,63
243983,63
354440,63
177231,63
501184,63
481674,63
268068,63
554236,63
299190,63
603749,63
32012,63
517293,63
30212,63
380576,63
565687,63
313608,63
60343,63
55293,63
20634,63
598083,63
634310,63
263148,63
164787,63
130449,63
342168,63
291827,63
560363,63
167159,63
681041,63
67795,63
426100,63
233814,63
572571,63
590460,63
20283,63
497604,63
170588,63
289787,63
660627,63
326618,63
537034,63
688787,63
412026,63
609956,63
671470,63
580028,63
268030,63
136034,63
52989,63
122391,63
442939,63
76669,63
374363,63
421126,63
296385,63
625089,63
465351,63
506825,63
168604,63
187145,63
410341,63
264676,63
563996,63
548644,63
118714,63
609179,63
574351,63
585848,63
364252,63
692768,63
674908,63
124441,63
112804,63
36481,63
73227,63
203299,63
347096,63
170811,63
313463,63
284631,63
301637,63
190558,63
523260,63
674964,63
124136,63
555438,63
179615,63
371226,63
652822,63
360769,63
661263,63
42815,63
430712,63
389130,63
369291,63
335801,63
69901,63
429923,63
405179,63
566306,63
514245,63
601766,63
222360,63
612532,63
637587,63
408766,63
500604,63
632515,63
245891,63
352949,63
90912,63
596242,63
355052,63
26873,63
461630,63
252667,63
742,63
241488,63
7438,63
258577,63
162557,63
222596,63
609448,63
295271,63
565463,63
481768,63
236683,63
673701,63
242459,63
382918,63
65962,63
208349,63
544062,63
446712,63
340412,63
451668,63
107075,63
689868,63
306844,63
614148,63
608218,63
537462,63
372775,63
33247,63
424812,63
574207,63
480693,63
694502,63
340210,63
269414,63
515339,63
225819,63
356173,63
487427,63
548047,63
299748,63
683297,63
459096,63
163125,63
426787,63
221675,63
557924,63
468916,63
392636,63
469245,63
532602,63
271589,63
535384,63
101908,63
25250,63
34456,63
135634,63
35915,63
595276,63
368616,63
635785,63
683868,63
429521,63
559011,63
297746,63
364940,63
114542,63
494788,63
274720,63
61280,63
354472,63
524719,63
153142,63
70819,63
589010,63
292314,63
92787,63
555222,63
523042,63
549018,63
442895,63
450410,63
503835,63
64339,63
84415,63
543877,63
680526,63
536212,63
16219,63
466074,63
302238,63
215150,63
190691,63
71725,63
401707,63
516313,63
645647,63
518793,63
641602,63
326255,63
395111,63
289656,63
465265,63
392436,63
359529,63
692178,63
101643,63
676954,63
683024,63
456383,63
465129,63
674311,63
496321,63
144460,63
619135,63
195110,63
335850,63
363282,63
299669,63
203791,63
88180,63
143019,63
320,63
51728,63
450235,63
402401,63
648855,63
519872,63
89583,63
111655,63
455455,63
452011,63
451253,63
356086,63
272633,63
384161,63
642437,63
681490,63
104281,63
308035,63
441228,63
245923,63
74898,63
429059,63
637718,63
259746,63
354145,63
153986,63
299871,63
561936,63
400955,63
691961,63
491686,63
345306,63
124908,63
502348,63
521313,63
28361,63
602601,63
615930,63
451372,63
391646,63
578055,63
392812,63
97153,63
123344,63
94247,63
576576,63
78638,63
489756,63
390445,63
468981,63
693759,63
203632,63
32013,63
126966,63
585146,63
129963,63
21292,63
214646,63
248945,63
49690,63
373515,63
276057,63
52964,63
295687,63
428382,63
167370,63
242005,63
219978,63
642642,63
72994,63
12434,63
675146,63
505064,63
689833,63
220644,63
36957,63
239872,63
500913,63
324932,63
83805,63
663453,63
623279,63
427721,63
252639,63
307434,63
183630,63
38669,63
283407,63
181392,63
320040,63
148927,63
695019,63
291359,63
186194,63
463686,63
658746,63
395177,63
504803,63
86347,63
405771,63
233887,63
186550,63
380347,63
149739,63
257860,63
321544,63
347453,63
397433,63
648682,63
255168,63
435742,63
326226,63
461006,63
45543,63
456514,63
284883,63
3061,63
375886,63
607709,63
674926,63
174255,63
435845,63
485541,63
428062,63
178053,63
7458,63
139355,63
217446,63
235681,63
341357,63
28495,63
664351,63
49850,63
125528,63
451280,63
568637,63
454914,63
659206,63
146240,63
49187,63
112398,63
316392,63
56320,63
183373,63
177472,63
155304,63
472743,63
99840,63
278664,63
392530,63
451982,63
214910,63
38714,63
457754,63
10893,63
97558,63
33730,63
306022,63
356546,63
1489,63
692898,63
471743,63
168501,63
581150,63
392689,63
182109,63
598791,63
409540,63
382645,63
155090,63
191497,63
120628,63
316382,63
612421,63
199691,63
29071,63
41200,63
530894,63
197786,63
335321,63
611983,63
649931,63
518098,63
219173,63
179912,63
223492,63
466934,63
665065,63
92814,63
540080,63
647733,63
24626,63
55200,63
274361,63
686716,63
387030,63
231963,63
565306,63
322202,63
122859,63
239238,63
64893,63
594125,63
393608,63
134669,63
314344,63
122788,63
572666,63
74516,63
447476,63
14046,63
327930,63
424550,63
651998,63
138212,63
274512,63
92203,63
18173,63
439575,63
344312,63
198615,63
90936,63
384321,63
568142,63
88331,63
147394,63
509083,63
494267,63
58820,63
171350,63
177425,63
207751,63
684070,63
156109,63
215137,63
392673,63
11633,63
175185,63
429672,63
318620,63
288494,63
381470,63
278791,63
238446,63
671735,63
330491,63
12775,63
537724,63
388460,63
686027,63
640992,63
607572,63
211939,63
195867,63
408347,63
91395,63
228733,63
17018,63
196072,63
217538,63
161036,63
158672,63
217684,63
643307,63
608365,63
109990,63
633238,63
511469,63
156292,63
554396,63
400033,63
589507,63
551870,63
518436,63
596408,63
669305,63
577739,63
210831,63
429662,63
231152,63
614029,63
7386,63
239378,63
19935,63
365763,63
75727,63
252483,63
627684,63
120974,63
76863,63
532810,63
303744,63
4377,63
644829,63
507614,63
132707,63
261050,63
585663,63
501592,63
614808,63
354822,63
401534,63
228384,63
390654,63
108695,63
449339,63
31901,63
122843,63
607420,63
211324,63
118998,63
569947,63
204417,63
42641,63
694209,63
463727,63
2012,63
646281,63
368638,63
252047,63
474612,63
45363,63
193652,63
685624,63
377733,63
42115,63
254144,63
450588,63
389991,63
678424,63
406998,63
389947,63
508345,63
594711,63
326091,63
121170,63
256575,63
252646,63
212392,63
207823,63
274760,63
440228,63
413505,63
538601,63
310919,63
56414,63
6010,63
639020,63
359935,63
90775,63
386123,63
295643,63
264409,63
381191,63
306720,63
460154,63
653847,63
547772,63
39676,63
452262,63
312130,63
229607,63
538656,63
567822,63
165999,63
431718,63
384135,63
330000,63
372480,63
674379,63
372564,63
241733,63
182817,63
650407,63
187707,63
503788,63
312475,63
376365,63
445702,63
302729,63
302211,63
112499,63
611356,63
538869,63
249914,63
609580,63
216318,63
244951,63
368990,63
450088,63
688012,63
110104,63
353766,63
459602,63
201157,63
372489,63
525338,63
289704,63
169098,63
507856,63
392421,63
264118,63
487718,63
246111,63
390970,63
320115,63
208730,63
644938,63
142198,63
378884,63
536373,63
449332,63
431986,63
379372,63
297648,63
316330,63
27859,63
67488,63
250357,63
218752,63
256341,63
19768,63
509184,63
657027,63
3290,63
588800,63
471034,63
593794,63
615927,63
371234,63
336409,63
190444,63
202805,63
597954,63
484344,63
471610,63
602901,63
392437,63
103673,63
301302,63
631183,63
480050,63
641532,63
531498,63
541627,63
582300,63
31005,63
655134,63
382803,63
402042,63
309666,63
57546,63
550811,63
501260,63
624843,63
509142,63
629140,63
264359,63
491620,63
550721,63
378102,63
625017,63
442093,63
29383,63
485811,63
89405,63
129002,63
191377,63
146110,63
15504,63
248189,63
232646,63
698987,63
477626,63
344668,63
246376,63
513588,63
662345,63
442907,63
635904,63
615402,63
186208,63
458524,63
576310,63
257130,63
653581,63
644189,63
386515,63
622147,63
77178,63
179273,63
80247,63
392425,63
46008,63
506957,63
380431,63
536570,63
325413,63
366693,63
104665,63
163629,63
306518,63
350362,63
542847,63
499187,63
508866,63
50720,63
99114,63
447116,63
342936,63
631604,63
261866,63
61540,63
465017,63
530211,63
155974,63
512580,63
283046,63
496690,63
474613,63
335712,63
31256,63
529864,63
244071,63
348714,63
36761,63
393009,63
463022,63
313124,63
282332,63
583989,63
428600,63
546448,63
99733,63
28642,63
165491,63
235610,63
273618,63
233082,63
212724,63
266174,63
470548,63
106375,63
282514,63
252922,63
54922,63
80012,63
76619,63
68931,63
520354,63
411765,63
670362,63
439162,63
434396,63
126630,63
508016,63
360222,63
38022,63
14371,63
485125,63
258493,63
628945,63
301149,63
303706,63
123363,63
479681,63
592525,63
345263,63
643858,63
390215,63
558936,63
64941,63
409229,63
248366,63
215639,63
130568,63
375601,63
479264,63
422482,63
228685,63
145232,63
486798,63
119341,63
440218,63
694900,63
25220,63
110697,63
334862,63
371772,63
47203,63
156229,63
49347,63
330406,63
535116,63
200799,63
87152,63
610407,63
535263,63
159300,63
55025,63
609290,63
293086,63
205863,63
663173,63
397615,63
473721,63
239618,63
163566,63
427919,63
372895,63
371105,63
479404,63
232025,63
160250,63
251194,63
392595,63
131146,63
634322,63
551710,63
579535,63
418585,63
615317,63
693152,63
609652,63
149245,63
162246,63
668062,63
440377,63
361755,63
120522,63
688800,63
357187,63
236932,63
9455,63
75310,63
461796,63
638985,63
490520,63
429908,63
307889,63
360305,63
322653,63
547601,63
72627,63
616995,63
387181,63
298164,63
636123,63
542925,63
627803,63
151226,63
510901,63
510248,63
571281,63
242939,63
558769,63
144503,63
46377,63
677187,63
17327,63
499185,63
124868,63
550530,63
187248,63
662704,63
365174,63
574150,63
434779,63
157843,63
334488,63
539390,63
50464,63
338056,63
606971,63
242098,63
557033,63
423932,63
48068,63
561097,63
127989,63
586850,63
381613,63
690251,63
17011,63
237370,63
397395,63
242604,63
358595,63
205831,63
279242,63
461844,63
49891,63
280766,63
421489,63
229271,63
95435,63
627158,63
195483,63
559061,63
336392,63
120820,63
238192,63
662784,63
114598,63
103061,63
137585,63
26590,63
378933,63
306353,63
179123,63
388224,63
482232,63
268472,63
527739,63
22695,63
615388,63
503524,63
328587,63
143520,63
674854,63
506748,63
82394,63
248113,63
265846,63
123591,63
341542,63
195108,63
325741,63
594799,63
45097,63
213477,63
171243,63
489667,63
97613,63
355519,63
337432,63
371342,63
647890,63
418763,63
170262,63
485677,63
305019,63
288685,63
49210,63
173205,63
163251,63
283434,63
215051,63
572828,63
402018,63
238846,63
7405,63
551097,63
217336,63
155085,63
310418,63
399329,63
80055,63
110365,63
334801,63
447113,63
231951,63
306005,63
499418,63
531677,63
309204,63
672534,63
163146,63
667279,63
338804,63
532973,63
445614,63
533320,63
372624,63
648606,63
609743,63
70562,63
420904,63
559384,63
4948,63
582282,63
668936,63
206157,63
489603,63
521410,63
304556,63
448202,63
449183,63
453647,63
624115,63
328935,63
499927,63
695688,63
322965,63
565521,63
73632,63
316425,63
346468,63
116605,63
120413,63
624588,63
420559,63
301683,63
493507,63
87796,63
406180,63
367358,63
314753,63
215747,63
253495,63
114625,63
304691,63
441894,63
54685,63
690397,63
216815,63
524832,63
561402,63
210381,63
534405,63
178092,63
508847,63
368021,63
456394,63
431491,63
342289,63
104725,63
364195,63
368074,63
610581,63
473266,63
500205,63
581453,63
95363,63
671072,63
208368,63
257776,63
498971,63
194532,63
606030,63
148298,63
372675,63
590420,63
508654,63
612731,63
288333,63
215042,63
74271,63
528323,63
658753,63
309093,63
627527,63
41107,63
144601,63
295094,63
693082,63
199976,63
660943,63
585782,63
488757,63
411302,63
336733,63
255244,63
286278,63
300038,63
539715,63
81217,63
512173,63
136576,63
213942,63
513382,63
430927,63
90113,63
367727,63
38037,63
515802,63
359129,63
205393,63
606006,63
414843,63
483194,63
477907,63
604623,63
454035,63
344384,63
620056,63
189612,63
33502,63
269762,63
253964,63
72967,63
186481,63
395182,63
141126,63
379494,63
393459,63
10977,63
431372,63
121461,63
150374,63
570611,63
53649,63
195283,63
187057,63
340387,63
229478,63
289530,63
109869,63
277862,63
152029,63
518724,63
369,63
539769,63
493291,63
535496,63
651620,63
672046,63
78350,63
632069,63
7154,63
271621,63
19857,63
560011,63
366430,63
567437,63
378742,63
47875,63
540252,63
376429,63
172987,63
568786,63
56855,63
432361,63
544782,63
400665,63
349419,63
546821,63
278599,63
653468,63
194284,63
141980,63
344903,63
579874,63
523451,63
267073,63
466872,63
639449,63
330010,63
87821,63
206937,63
391220,63
617531,63
88734,63
501649,63
278438,63
62694,63
491595,63
186613,63
305208,63
456595,63
152278,63
73625,63
602848,63
217139,63
637074,63
14931,63
404643,63
79449,63
630881,63
319782,63
243707,63
133896,63
448209,63
11978,63
296345,63
168090,63
593378,63
395610,63
234482,63
687464,63
683470,63
588009,63
20965,63
452918,63
589763,63
453213,63
682975,63
102394,63
376764,63
445191,63
347131,63
625883,63
389089,63
209809,63
596518,63
238969,63
280485,63
624198,63
673535,63
351531,63
413397,63
203041,63
82230,63
217173,63
325706,63
402799,63
47547,63
61356,63
602189,63
224661,63
77931,63
199239,63
53778,63
527249,63
551334,63
482828,63
529428,63
357196,63
689454,63
73700,63
438994,63
544904,63
374758,63
240405,63
618511,63
515,63
666251,63
214327,63
429722,63
691354,63
432524,63
430529,63
36377,63
412323,63
650159,63
595589,63
561169,63
320887,63
244489,63
124226,63
374569,63
332171,63
545373,63
307706,63
437222,63
686260,63
362271,63
540756,63
433691,63
536326,63
628648,63
433975,63
377079,63
535089,63
395755,63
494075,63
150149,63
355378,63
307214,63
515505,63
73895,63
47713,63
632900,63
77636,63
455347,63
166670,63
360875,63
550641,63
545337,63
546468,63
103258,63
248542,63
450546,63
648769,63
316790,63
456996,63
362211,63
561795,63
618135,63
188078,63
323858,63
673827,63
341062,63
462549,63
392816,63
164854,63
130055,63
303300,63
594401,63
528406,63
241623,63
211708,63
184586,63
329563,63
533574,63
570145,63
128829,63
15965,63
388007,63
384914,63
195970,63
573459,63
88078,63
314741,63
534922,63
470418,63
628710,63
179219,63
539242,63
159224,63
515292,63
659107,63
507216,63
385626,63
423583,63
649024,63
360837,63
331703,63
662313,63
30013,63
297747,63
696296,63
323402,63
121908,63
293642,63
568487,63
501822,63
214391,63
186757,63
219965,63
58304,63
94396,63
605939,63
229105,63
267471,63
613950,63
190026,63
375088,63
563742,63
561003,63
118919,63
431733,63
169639,63
664746,63
131207,63
276665,63
566279,63
195130,63
147340,63
443780,63
18011,63
254226,63
445139,63
359262,63
364839,63
299240,63
258515,63
613301,63
23496,63
274030,63
137197,63
668879,63
193952,63
150779,63
659901,63
35031,63
122619,63
348249,63
366532,63
51973,63
83467,63
46606,63
343193,63
395014,63
84794,63
532398,63
627159,63
110749,63
35173,63
698271,63
692955,63
675747,63
134256,63
632987,63
207212,63
415924,63
498236,63
429073,63
134615,63
286636,63
409957,63
430896,63
256643,63
235709,63
172183,63
74240,63
357817,63
322695,63
629178,63
441653,63
268573,63
52959,63
654234,63
500159,63
145811,63
558411,63
10178,63
351402,63
95392,63
334358,63
483520,63
544137,63
499970,63
192265,63
14469,63
379241,63
618089,63
221807,63
511625,63
297897,63
699298,63
582915,63
258960,63
133727,63
542061,63
300832,63
448789,63
575119,63
423594,63
229457,63
215572,63
239876,63
550391,63
208650,63
407140,63
520558,63
338092,63
643699,63
146654,63
647155,63
202505,63
86772,63
557361,63
220939,63
581512,63
504214,63
429984,63
124406,63
434638,63
375765,63
333121,63
252421,63
142794,63
28528,63
183145,63
35170,63
362977,63
248564,63
254758,63
511960,63
638969,63
404885,63
464969,63
491979,63
214674,63
361832,63
642252,63
130303,63
311463,63
202054,63
272364,63
303467,63
381339,63
140530,63
11485,63
320243,63
138847,63
500625,63
682129,63
210646,63
528131,63
623574,63
460158,63
531717,63
248282,63
535417,63
152466,63
612681,63
612082,63
424091,63
52652,63
616369,63
162292,63
641561,63
264458,63
103502,63
402319,63
601798,63
542752,63
237479,63
208118,63
469484,63
58452,63
332966,63
152158,63
518999,63
66453,63
162597,63
122923,63
619100,63
611306,63
1555,63
513563,63
73401,63
495751,63
377738,63
25689,63
547616,63
152527,63
970,63
677271,63
316867,63
686005,63
41705,63
648594,63
270641,63
89573,63
197077,63
118296,63
551893,63
271126,63
528937,63
440817,63
282585,63
660438,63
589268,63
43274,63
265421,63
598969,63
356903,63
268585,63
475808,63
389704,63
150702,63
663162,63
158929,63
133419,63
63451,63
108159,63
672125,63
553401,63
506152,63
150609,63
81613,63
596743,63
400710,63
188618,63
39756,63
254961,63
93801,63
484630,63
358153,63
299340,63
271464,63
228965,63
204000,63
319371,63
257651,63
406308,63
433595,63
203651,63
61030,63
143890,63
562621,63
298793,63
449276,63
476051,63
99851,63
342097,63
338099,63
601802,63
67067,63
129662,63
602531,63
342720,63
586708,63
289495,63
587318,63
290695,63
451255,63
24364,63
604153,63
475933,63
94220,63
332612,63
666603,63
516295,63
466193,63
100772,63
622981,63
456123,63
626424,63
34441,63
524000,63
368657,63
320927,63
634127,63
511312,63
282268,63
409526,63
199026,63
511562,63
24630,63
260993,63
578243,63
168086,63
426615,63
275079,63
12027,63
491877,63
648614,63
422879,63
16157,63
399053,63
434627,63
332148,63
207322,63
672322,63
256075,63
370450,63
677780,63
217874,63
355788,63
156203,63
247068,63
35056,63
27978,63
684468,63
325619,63
504680,63
522929,63
120447,63
136434,63
384206,63
222987,63
135031,63
562186,63
604644,63
292902,63
120130,63
92697,63
192220,63
378169,63
421753,63
235767,63
550600,63
576230,63
243303,63
598915,63
101558,63
252314,63
281938,63
490298,63
10320,63
629560,63
273180,63
512019,63
77904,63
571751,63
484596,63
578644,63
477102,63
42713,63
492687,63
179463,63
327706,63
428252,63
653100,63
447090,63
111229,63
622910,63
397261,63
366261,63
59267,63
331922,63
671902,63
320021,63
133332,63
665488,63
5973,63
336534,63
293672,63
15971,63
219662,63
253150,63
271084,63
182816,63
524363,63
127920,63
304411,63
106457,63
53644,63
663998,63
640712,63
151481,63
319870,63
475365,63
48500,63
129082,63
417960,63
287197,63
197345,63
416463,63
250184,63
326845,63
358020,63
388410,63
646481,63
181694,63
391606,63
168018,63
534741,63
248766,63
253769,63
336300,63
241186,63
553535,63
55891,63
127651,63
513932,63
160306,63
129741,63
209511,63
131646,63
534293,63
381664,63
633053,63
599417,63
343618,63
486539,63
272936,63
114701,63
375970,63
488384,63
95566,63
692693,63
267448,63
204381,63
386198,63
574636,63
229573,63
194667,63
427635,63
427005,63
177765,63
85967,63
134577,63
652202,63
116895,63
552908,63
444441,63
262858,63
416610,63
322300,63
105820,63
489011,63
491294,63
472745,63
197052,63
561224,63
547030,63
7478,63
498548,63
474074,63
311084,63
543868,63
245698,63
342232,63
187088,63
579228,63
130849,63
391616,63
160970,63
229491,63
468400,63
477398,63
519536,63
572332,63
621696,63
301392,63
652245,63
354428,63
37180,63
675239,63
432690,63
576788,63
133909,63
609803,63
414671,63
263939,63
606347,63
132342,63
229773,63
593351,63
599575,63
362734,63
439700,63
32986,63
39797,63
555340,63
679813,63
297567,63
278292,63
604350,63
532744,63
96666,63
59757,63
491124,63
367585,63
592401,63
383502,63
279179,63
563097,63
409269,63
82089,63
231338,63
234498,63
317556,63
255118,63
413296,63
381710,63
219679,63
250040,63
384485,63
353792,63
243821,63
175898,63
563843,63
232035,63
625662,63
28348,63
149934,63
276667,63
368185,63
89042,63
426703,63
421695,63
471385,63
174128,63
29448,63
254764,63
499821,63
148779,63
96159,63
341223,63
55734,63
189963,63
70071,63
408934,63
202440,63
57604,63
351988,63
192508,63
140951,63
51575,63
516591,63
210273,63
104093,63
316536,63
564038,63
327444,63
159167,63
487975,63
567224,63
190893,63
620620,63
455583,63
471162,63
210678,63
277065,63
94432,63
602791,63
411463,63
617031,63
448661,63
543639,63
4500,63
694506,63
685850,63
657897,63
605619,63
328489,63
620604,63
615945,63
239805,63
108146,63
480731,63
524402,63
86886,63
485273,63
654687,63
623712,63
508547,63
166223,63
582654,63
361810,63
655197,63
614882,63
373010,63
420838,63
244546,63
668249,63
687745,63
633562,63
187075,63
119382,63
247583,63
274139,63
97543,63
634496,63
417364,63
301219,63
363825,63
297172,63
641405,63
386290,63
63444,63
545000,63
433476,63
101577,63
251779,63
157376,63
2179,63
265229,63
379650,63
343132,63
135554,63
392715,63
631322,63
372214,63
620873,63
361855,63
361560,63
579667,63
269684,63
73503,63
100899,63
161520,63
327159,63
174907,63
254306,63
383652,63
627178,63
18939,63
67950,63
50673,63
75077,63
5746,63
42137,63
236140,63
386465,63
214348,63
551183,63
642831,63
236242,63
362075,63
166397,63
356809,63
658601,63
515288,63
366620,63
519709,63
542549,63
104006,63
595069,63
329655,63
103097,63
410050,63
211014,63
120452,63
546669,63
629652,63
358496,63
251893,63
474499,63
219659,63
475626,63
680990,63
24658,63
315706,63
166498,63
208772,63
475210,63
382016,63
538615,63
221133,63
456027,63
651728,63
459072,63
468943,63
207215,63
350691,63
51176,63
78714,63
111789,63
299073,63
132158,63
649929,63
130953,63
410240,63
597653,63
119278,63
432996,63
459661,63
620690,63
487720,63
97347,63
349882,63
489538,63
180597,63
416125,63
303431,63
394689,63
504126,63
204490,63
578492,63
299259,63
488408,63
417327,63
21291,63
444622,63
291298,63
231023,63
220315,63
675457,63
278977,63
368669,63
391704,63
674210,63
598480,63
18490,63
146178,63
336049,63
473665,63
543849,63
502475,63
244663,63
681870,63
142058,63
540304,63
434971,63
429473,63
655612,63
221982,63
497481,63
113949,63
289158,63
362390,63
41998,63
284523,63
64035,63
117461,63
33618,63
106164,63
167897,63
187201,63
332031,63
24680,63
184355,63
608448,63
410110,63
300974,63
468461,63
409784,63
275626,63
229505,63
272335,63
411754,63
686676,63
176318,63
176444,63
616905,63
245821,63
362985,63
583166,63
72140,63
561937,63
575094,63
6312,63
163989,63
626773,63
565902,63
671334,63
487279,63
493015,63
18149,63
592371,63
134563,63
389888,63
543358,63
180174,63
62405,63
368019,63
381690,63
446337,63
234534,63
338121,63
450226,63
570563,63
285325,63
69681,63
675071,63
353543,63
481593,63
361413,63
215389,63
583900,63
479982,63
209364,63
108641,63
690073,63
202982,63
20656,63
202719,63
23499,63
558834,63
241808,63
158400,63
577836,63
239583,63
174234,63
403951,63
395552,63
369399,63
614064,63
215942,63
162703,63
492225,63
48948,63
420142,63
551524,63
662725,63
236935,63
144209,63
66039,63
352682,63
37511,63
198700,63
358914,63
43126,63
686855,63
193623,63
394668,63
174880,63
154982,63
148542,63
263661,63
673914,63
625860,63
683898,63
654679,63
501672,63
85059,63
159512,63
617859,63
381787,63
587773,63
334638,63
260010,63
684410,63
428030,63
629708,63
677190,63
519037,63
333183,63
90334,63
301432,63
189274,63
197411,63
384703,63
483369,63
375177,63
237300,63
282336,63
56554,63
556082,63
90716,63
189208,63
75814,63
193965,63
211579,63
659160,63
106582,63
541426,63
200205,63
26924,63
567852,63
219176,63
135364,63
623417,63
42634,63
401674,63
26232,63
272968,63
387484,63
389900,63
597545,63
61921,63
661556,63
403479,63
378414,63
469481,63
663945,63
501369,63
323439,63
208712,63
445356,63
261839,63
148945,63
695179,63
573009,63
210395,63
530485,63
518560,63
620005,63
18848,63
626587,63
2079,63
167749,63
605281,63
448513,63
556410,63
223812,63
151934,63
198953,63
577895,63
33258,63
625047,63
341159,63
260813,63
153209,63
684890,63
251844,63
61765,63
110635,63
102382,63
118381,63
564161,63
426824,63
221761,63
399252,63
148086,63
41592,63
156322,63
339944,63
72628,63
149409,63
504829,63
223978,63
78980,63
104718,63
470281,63
191586,63
91548,63
579908,63
152605,63
606539,63
443915,63
663664,63
347509,63
32478,63
676955,63
86915,63
83209,63
594399,63
73230,63
354488,63
497093,63
424204,63
261729,63
628451,63
375703,63
396227,63
23037,63
483722,63
80367,63
416028,63
572744,63
67299,63
456001,63
607222,63
86230,63
132076,63
372219,63
184200,63
126240,63
483176,63
618336,63
342029,63
77857,63
32627,63
673371,63
354106,63
564620,63
268373,63
207886,63
92267,63
611488,63
198935,63
564413,63
442289,63
431190,63
55428,63
588976,63
447603,63
599656,63
636346,63
365438,63
559899,63
124887,63
10084,63
383507,63
378059,63
350539,63
551280,63
547172,63
422076,63
312297,63
75536,63
157825,63
241158,63
149003,63
654143,63
211827,63
140583,63
601261,63
345714,63
269901,63
494067,63
91567,63
585266,63
655850,63
587866,63
134215,63
224654,63
193151,63
212541,63
547273,63
255911,63
305387,63
553484,63
276242,63
568068,63
85804,63
141705,63
72854,63
673161,63
485932,63
623536,63
508576,63
202611,63
50909,63
587018,63
74711,63
26385,63
401025,63
156387,63
2654,63
580288,63
40129,63
321667,63
217416,63
59432,63
75313,63
479317,63
697285,63
543622,63
161592,63
148528,63
567699,63
499677,63
57204,63
660756,63
16434,63
250913,63
507176,63
348440,63
551651,63
526933,63
251341,63
228812,63
418709,63
249301,63
347887,63
621527,63
692241,63
235286,63
296286,63
566502,63
591136,63
236277,63
31095,63
42864,63
40245,63
482998,63
370626,63
577518,63
207303,63
186989,63
496307,63
73750,63
418191,63
391770,63
401713,63
31504,63
90227,63
681767,63
267100,63
538639,63
80981,63
663469,63
301191,63
307023,63
47466,63
34486,63
397499,63
532311,63
516511,63
534587,63
561250,63
133247,63
420518,63
520881,63
661136,63
251211,63
126250,63
581927,63
545462,63
244920,63
404508,63
692630,63
559250,63
211203,63
283893,63
8575,63
619328,63
600961,63
6459,63
587830,63
395216,63
179133,63
12082,63
211314,63
507761,63
225940,63
155518,63
163133,63
439472,63
412001,63
162874,63
203888,63
692114,63
499039,63
246887,63
61223,63
692743,63
564449,63
337448,63
279075,63
256573,63
478151,63
638323,63
151666,63
15750,63
651839,63
163573,63
499775,63
121088,63
258725,63
563461,63
72389,63
503098,63
17791,63
290909,63
469994,63
146989,63
215583,63
535423,63
236750,63
415362,63
153894,63
457496,63
547369,63
576530,63
219327,63
268256,63
232572,63
511326,63
654389,63
498272,63
306893,63
677911,63
678703,63
326810,63
141985,63
594364,63
341276,63
197481,63
280137,63
680649,63
402462,63
418625,63
64837,63
496057,63
595841,63
650294,63
283592,63
99192,63
203802,63
622596,63
525892,63
480617,63
127069,63
256541,63
593080,63
254641,63
274079,63
9480,63
59046,63
484714,63
386682,63
444443,63
328753,63
425448,63
152201,63
153700,63
182602,63
445119,63
570016,63
642476,63
164170,63
69041,63
282875,63
505027,63
78681,63
609519,63
426266,63
677151,63
494345,63
361358,63
497802,63
219836,63
698021,63
98501,63
528680,63
463793,63
238725,63
281117,63
645032,63
12453,63
218196,63
306760,63
654841,63
201797,63
437685,63
384592,63
321974,63
516034,63
239554,63
97901,63
164614,63
409426,63
417843,63
502367,63
36707,63
645884,63
552826,63
681926,63
225569,63
649162,63
652307,63
244092,63
6994,63
622019,63
398158,63
395235,63
132313,63
12682,63
684181,63
546782,63
437612,63
63235,63
235073,63
646532,63
210491,63
433813,63
260592,63
659637,63
591507,63
434677,63
619928,63
219600,63
623792,63
269445,63
282985,63
145279,63
414587,63
550986,63
533033,63
137437,63
656551,63
112454,63
520790,63
698392,63
404584,63
123177,63
5717,63
653134,63
586069,63
206138,63
592747,63
442346,63
129726,63
472393,63
424672,63
544050,63
667539,63
488781,63
173037,63
629085,63
381234,63
651672,63
513954,63
99623,63
310811,63
506935,63
343748,63
320613,63
70980,63
547785,63
252630,63
21076,63
357904,63
265658,63
562245,63
265408,63
74580,63
232902,63
468738,63
58721,63
493837,63
458139,63
287398,63
111848,63
134665,63
399071,63
324336,63
369173,63
350363,63
606923,63
78543,63
242498,63
303777,63
298421,63
90032,63
230697,63
107690,63
631205,63
403963,63
128924,63
375649,63
529183,63
195035,63
319886,63
154442,63
453334,63
568954,63
539406,63
202412,63
63347,63
211869,63
297043,63
603096,63
532250,63
600331,63
164652,63
587987,63
580496,63
19526,63
5980,63
189487,63
203046,63
343427,63
547708,63
477839,63
555463,63
486928,63
598609,63
44734,63
309360,63
593719,63
578131,63
151826,63
472456,63
55331,63
556178,63
184103,63
49404,63
556636,63
148755,63
394200,63
536383,63
28362,63
230082,63
130811,63
83330,63
186197,63
556171,63
633893,63
427303,63
582155,63
107233,63
363231,63
438806,63
307053,63
167536,63
185689,63
543135,63
645420,63
15529,63
297504,63
481702,63
157321,63
488968,63
584177,63
564844,63
108477,63
588732,63
212917,63
46941,63
97152,63
320987,63
634862,63
439720,63
10838,63
63928,63
159565,63
8402,63
156654,63
694881,63
572881,63
589705,63
183690,63
542178,63
133932,63
95622,63
11604,63
497635,63
537900,63
459800,63
665250,63
124424,63
687523,63
445481,63
150460,63
343467,63
638679,63
666805,63
417521,63
70522,63
410390,63
144349,63
601561,63
511930,63
317532,63
624023,63
200420,63
563727,63
109503,63
434863,63
410624,63
639320,63
688602,63
172690,63
82718,63
152011,63
484183,63
571915,63
123151,63
583866,63
529985,63
473420,63
491330,63
20881,63
125529,63
36327,63
249189,63
619859,63
460932,63
470183,63
560482,63
549250,63
81495,63
161088,63
447915,63
136749,63
262059,63
324776,63
470122,63
457330,63
90412,63
553963,63
623353,63
373312,63
288831,63
485806,63
112253,63
609401,63
445247,63
490760,63
44564,63
587352,63
480357,63
431194,63
693065,63
357511,63
535168,63
237756,63
365083,63
70722,63
553,63
445055,63
13531,63
405642,63
29464,63
154175,63
119525,63
695958,63
509935,63
451644,63
533424,63
15401,63
597249,63
586305,63
627494,63
499335,63
200398,63
227073,63
449177,63
603618,63
155460,63
659459,63
168521,63
100048,63
686496,63
325956,63
565631,63
507718,63
634387,63
344684,63
23873,63
635696,63
200764,63
564445,63
457043,63
83540,63
481878,63
333711,63
86708,63
227509,63
346995,63
553135,63
678341,63
154148,63
4060,63
664601,63
548357,63
277695,63
695059,63
190768,63
121054,63
599303,63
11437,63
148577,63
126396,63
343751,63
517138,63
310176,63
679403,63
512037,63
246522,63
158857,63
313166,63
201041,63
273883,63
165148,63
358315,63
59386,63
419603,63
616334,63
298906,63
286972,63
512956,63
101176,63
469386,63
594884,63
252414,63
218797,63
340550,63
333490,63
187852,63
382337,63
520924,63
117543,63
118309,63
314888,63
99047,63
425358,63
123829,63
649648,63
644514,63
324304,63
640204,63
552144,63
437291,63
511302,63
500899,63
579143,63
428977,63
9358,63
621119,63
390269,63
496777,63
395023,63
55701,63
436073,63
520042,63
649116,63
100549,63
366226,63
508727,63
213780,63
681272,63
189027,63
503599,63
510651,63
652071,63
461329,63
673053,63
187772,63
237914,63
329414,63
395434,63
481334,63
88218,63
419723,63
370354,63
677132,63
333393,63
379304,63
40872,63
652384,63
276415,63
231243,63
234079,63
382282,63
30657,63
655519,63
644752,63
24608,63
592310,63
271749,63
55564,63
696700,63
480310,63
61720,63
573432,63
54065,63
556968,63
427740,63
538551,63
136589,63
177700,63
23678,63
39296,63
43058,63
449507,63
673962,63
137535,63
76070,63
187017,63
400851,63
169906,63
2253,63
562541,63
254115,63
129795,63
42885,63
173116,63
380401,63
287538,63
522919,63
26816,63
308459,63
602458,63
123730,63
152580,63
489357,63
254256,63
179315,63
662114,63
292730,63
602427,63
119374,63
608332,63
466055,63
684128,63
486791,63
554250,63
463156,63
514699,63
24293,63
597840,63
635474,63
343540,63
297507,63
56869,63
194353,63
108077,63
75204,63
518862,63
639904,63
617234,63
552591,63
290797,63
534872,63
458585,63
468154,63
642699,63
223170,63
96173,63
312784,63
353090,63
83254,63
206408,63
191849,63
165389,63
426691,63
40474,63
166520,63
249078,63
363716,63
660965,63
261769,63
108598,63
91401,63
600171,63
138418,63
628522,63
656202,63
233301,63
196190,63
156596,63
320136,63
466413,63
590878,63
518783,63
199795,63
511587,63
629795,63
264089,63
324669,63
456494,63
260733,63
510105,63
407629,63
322920,63
417093,63
697309,63
672230,63
25401,63
23724,63
567128,63
636984,63
605148,63
618125,63
435445,63
128636,63
668161,63
397853,63
666025,63
217800,63
461811,63
645337,63
671619,63
455105,63
145364,63
262111,63
355717,63
13357,63
129344,63
199961,63
31155,63
593265,63
351409,63
69356,63
210904,63
178627,63
180636,63
31326,63
281610,63
574143,63
104294,63
45788,63
669030,63
536186,63
529317,63
430016,63
650329,63
577721,63
476918,63
56668,63
503575,63
435509,63
270102,63
183082,63
531918,63
643754,63
275678,63
296335,63
592101,63
80213,63
320039,63
58085,63
354931,63
341320,63
633181,63
58752,63
30043,63
596660,63
275994,63
59102,63
165072,63
375544,63
553824,63
119988,63
198962,63
141647,63
7040,63
16164,63
247631,63
180746,63
645048,63
226920,63
135725,63
376424,63
476217,63
418183,63
621489,63
248915,63
22711,63
644936,63
239762,63
537577,63
411288,63
55643,63
357151,63
513106,63
250088,63
412824,63
205487,63
667534,63
59872,63
203623,63
634474,63
598477,63
296353,63
655060,63
350941,63
214470,63
543533,63
369726,63
471937,63
396687,63
220682,63
460863,63
547003,63
676197,63
273873,63
275182,63
483147,63
525980,63
169971,63
455490,63
397356,63
110819,63
169568,63
669036,63
649420,63
170517,63
369593,63
657005,63
615962,63
458131,63
584705,63
523394,63
347582,63
291672,63
691495,63
269589,63
657903,63
138390,63
203473,63
321951,63
530101,63
308067,63
275595,63
6651,63
141372,63
413042,63
141367,63
640345,63
531378,63
120498,63
1662,63
132451,63
524158,63
376800,63
82435,63
690513,63
391669,63
343868,63
48967,63
125458,63
357099,63
231629,63
205994,63
194334,63
329372,63
353234,63
320317,63
508594,63
675827,63
248377,63
134482,63
327994,63
144861,63
686694,63
571725,63
595923,63
438580,63
587236,63
415377,63
481250,63
532890,63
24784,63
122921,63
394674,63
301989,63
201256,63
142823,63
274804,63
463265,63
135237,63
567271,63
549053,63
108507,63
491010,63
581365,63
265929,63
198686,63
551582,63
698644,63
443259,63
443210,63
288551,63
316050,63
31328,63
24858,63
319079,63
146756,63
471023,63
683487,63
6997,63
669835,63
679687,63
100037,63
179045,63
351831,63
670466,63
675446,63
601473,63
267207,63
298672,63
557759,63
57007,63
606868,63
374953,63
271028,63
248632,63
236436,63
696424,63
266001,63
501403,63
166766,63
234251,63
615114,63
202063,63
685154,63
683386,63
681231,63
110650,63
113397,63
482823,63
491704,63
31801,63
221124,63
373908,63
346561,63
134354,63
187276,63
569272,63
567538,63
257269,63
160863,63
603653,63
68534,63
288445,63
538447,63
183000,63
151628,63
602381,63
571742,63
664600,63
327932,63
198381,63
653430,63
553268,63
151136,63
215945,63
317489,63
50888,63
534925,63
691702,63
51033,63
606017,63
578779,63
257924,63
419023,63
20016,63
198341,63
628206,63
36141,63
194916,63
113748,63
190791,63
601002,63
236302,63
262892,63
294169,63
66938,63
622311,63
83771,63
677124,63
309860,63
162427,63
20931,63
598343,63
345866,63
571171,63
116346,63
618334,63
516222,63
612467,63
326900,63
273476,63
95156,63
269937,63
306318,63
418802,63
79955,63
400840,63
430414,63
8141,63
173809,63
149729,63
637771,63
40771,63
413295,63
936,63
245953,63
381942,63
18297,63
295325,63
400183,63
434267,63
533212,63
278399,63
697465,63
679128,63
281224,63
171201,63
524232,63
655995,63
662274,63
99457,63
561604,63
86899,63
666981,63
247345,63
306271,63
699113,63
450934,63
489988,63
367439,63
49242,63
255258,63
646767,63
155620,63
549144,63
76443,63
93058,63
485080,63
114129,63
177235,63
261075,63
161635,63
433015,63
316261,63
479578,63
299573,63
683977,63
610023,63
24226,63
489164,63
647096,63
540312,63
316234,63
14177,63
489470,63
518661,63
379902,63
282810,63
264596,63
96340,63
154429,63
262610,63
285483,63
83825,63
300837,63
11851,63
325506,63
575167,63
190886,63
283695,63
72204,63
514916,63
155442,63
452330,63
185456,63
281855,63
261631,63
352351,63
471365,63
584528,63
13606,63
320794,63
285724,63
107467,63
56156,63
394504,63
10887,63
137106,63
55475,63
499438,63
190887,63
595329,63
18406,63
336668,63
195308,63
391779,63
372110,63
175245,63
514144,63
597296,63
480235,63
395051,63
576038,63
177543,63
609924,63
599443,63
659929,63
693377,63
495971,63
211270,63
153169,63
485463,63
680426,63
545830,63
416906,63
494543,63
83927,63
639146,63
507641,63
683472,63
489781,63
211812,63
183878,63
283641,63
155038,63
10132,63
161486,63
394819,63
122093,63
14598,63
179861,63
345331,63
137862,63
558218,63
478707,63
178589,63
511126,63
209054,63
630597,63
450815,63
77667,63
109392,63
278136,63
124977,63
126993,63
451319,63
344360,63
101127,63
257037,63
688767,63
325780,63
613347,63
241499,63
637726,63
684169,63
33875,63
353223,63
528,63
138456,63
582923,63
107606,63
188888,63
33959,63
376803,63
232447,63
642877,63
72783,63
182399,63
640856,63
220804,63
161241,63
457515,63
316700,63
117181,63
634702,63
210737,63
364096,63
203380,63
595849,63
33129,63
430938,63
878,63
97375,63
331523,63
590400,63
574641,63
289946,63
450797,63
261500,63
580324,63
591053,63
684096,63
114802,63
295465,63
579766,63
499834,63
297377,63
565309,63
303424,63
249310,63
39103,63
6759,63
186541,63
465252,63
633296,63
360715,63
243529,63
328864,63
96860,63
203558,63
549874,63
634861,63
610366,63
690019,63
198234,63
556717,63
680760,63
425132,63
12610,63
330350,63
239362,63
297025,63
338379,63
86183,63
305261,63
301738,63
119554,63
434992,63
512689,63
173,63
262907,63
593315,63
329868,63
283830,63
60735,63
221689,63
669403,63
530152,63
680185,63
632236,63
206168,63
12684,63
36043,63
484303,63
81530,63
87169,63
349341,63
501963,63
562339,63
91442,63
672410,63
280950,63
522725,63
1538,63
414823,63
596472,63
371777,63
324790,63
327252,63
456810,63
269083,63
337284,63
620078,63
20084,63
371657,63
124185,63
686549,63
51830,63
677590,63
533255,63
308343,63
518915,63
178657,63
139984,63
115832,63
613208,63
430994,63
353603,63
208929,63
209839,63
145280,63
222462,63
645165,63
165885,63
614142,63
74760,63
461345,63
648995,63
504460,63
183725,63
300277,63
380477,63
253473,63
205357,63
450914,63
640125,63
337594,63
622586,63
33728,63
341501,63
378538,63
675287,63
516435,63
383474,63
387905,63
498364,63
435177,63
483381,63
613543,63
113377,63
169447,63
435274,63
4737,63
302100,63
410728,63
570555,63
621327,63
432590,63
23845,63
379735,63
549715,63
507686,63
585484,63
574007,63
320745,63
640690,63
675381,63
557079,63
180800,63
437449,63
377947,63
281593,63
316991,63
315287,63
668310,63
614171,63
159841,63
673055,63
180486,63
167026,63
344643,63
136756,63
148178,63
280161,63
123680,63
430633,63
300126,63
482588,63
251442,63
537437,63
256231,63
632644,63
409393,63
333815,63
597857,63
370552,63
680824,63
27829,63
101985,63
449130,63
119395,63
154600,63
101346,63
154528,63
129428,63
58583,63
500338,63
548654,63
662608,63
126115,63
216502,63
373600,63
435900,63
35406,63
255963,63
141631,63
565150,63
133535,63
227932,63
539544,63
496302,63
549978,63
464607,63
659871,63
567848,63
196861,63
5841,63
473300,63
126909,63
241716,63
204501,63
289811,63
592526,63
225817,63
652977,63
341958,63
391455,63
428036,63
505459,63
26987,63
2814,63
532320,63
202940,63
382936,63
71950,63
438954,63
124331,63
344551,63
194764,63
320960,63
71645,63
669541,63
41466,63
209431,63
630450,63
650275,63
100801,63
471798,63
77347,63
3430,63
331885,63
31190,63
447567,63
10598,63
482950,63
551116,63
273222,63
142075,63
418273,63
387384,63
473413,63
9287,63
146826,63
544287,63
596641,63
246866,63
206027,63
564613,63
462638,63
328148,63
435286,63
165867,63
661130,63
278071,63
54198,63
235834,63
377025,63
522063,63
118477,63
170868,63
22834,63
72522,63
95823,63
476147,63
48965,63
512519,63
105527,63
548684,63
363401,63
697114,63
454177,63
293215,63
62157,63
557158,63
176529,63
540513,63
62244,63
686964,63
331609,63
334974,63
322745,63
582815,63
678156,63
175743,63
643616,63
239788,63
93007,63
526061,63
195250,63
173277,63
247679,63
504754,63
121121,63
465047,63
645838,63
133762,63
107175,63
268624,63
151114,63
290301,63
513054,63
505040,63
506504,63
389361,63
418172,63
690383,63
186773,63
435289,63
272975,63
12271,63
193548,63
380405,63
462372,63
308292,63
473033,63
617102,63
575749,63
660888,63
475402,63
144140,63
608593,63
631645,63
431942,63
175304,63
130102,63
190174,63
30228,63
267848,63
269609,63
235437,63
652771,63
569571,63
152361,63
109230,63
442210,63
293637,63
695367,63
21175,63
675317,63
140788,63
224797,63
166818,63
471426,63
58341,63
367665,63
481035,63
259934,63
3160,63
675695,63
349214,63
630419,63
523769,63
165676,63
204241,63
333215,63
488304,63
131551,63
321762,63
651953,63
162300,63
277464,63
669997,63
620038,63
16375,63
81940,63
568395,63
563753,63
266263,63
23081,63
405878,63
75624,63
42117,63
246773,63
469165,63
219418,63
633695,63
75066,63
176040,63
368556,63
623449,63
517392,63
592830,63
228698,63
334734,63
621502,63
295519,63
141994,63
551882,63
499140,63
125053,63
245353,63
340005,63
344112,63
111052,63
479682,63
643413,63
380001,63
124496,63
646241,63
329733,63
540965,63
390161,63
602718,63
513713,63
129220,63
96612,63
676571,63
444358,63
484191,63
334234,63
370359,63
464484,63
572247,63
105385,63
603964,63
477786,63
328355,63
110086,63
522801,63
518954,63
420509,63
254251,63
476457,63
384179,63
130747,63
161560,63
391848,63
479626,63
273763,63
268824,63
632941,63
15332,63
260642,63
187480,63
253280,63
584624,63
102625,63
643560,63
237410,63
21173,63
257859,63
509365,63
142992,63
336938,63
567941,63
126637,63
345447,63
82642,63
91453,63
655825,63
16196,63
666030,63
693627,63
44659,63
418140,63
652862,63
82302,63
687339,63
294834,63
544110,63
388169,63
251581,63
697177,63
558459,63
275856,63
537350,63
130641,63
657292,63
589620,63
309237,63
284108,63
194472,63
329954,63
377150,63
28633,63
116196,63
37116,63
385391,63
13485,63
379648,63
449117,63
161053,63
499020,63
51464,63
192775,63
353266,63
53159,63
334897,63
648463,63
80412,63
404396,63
376880,63
664227,63
683355,63
472308,63
277173,63
427118,63
129849,63
308924,63
317800,63
376580,63
584354,63
514457,63
381541,63
47035,63
7097,63
488358,63
146164,63
435301,63
528326,63
444663,63
541108,63
621271,63
206254,63
219543,63
330972,63
597489,63
540264,63
493683,63
685630,63
485976,63
479346,63
136617,63
198119,63
637617,63
439833,63
182381,63
419592,63
546620,63
201413,63
541196,63
425738,63
257464,63
265704,63
126674,63
585565,63
551781,63
544202,63
371034,63
10532,63
475095,63
259291,63
595194,63
28749,63
582542,63
267650,63
441910,63
3480,63
600265,63
120652,63
447404,63
449460,63
265627,63
185264,63
275373,63
236555,63
669350,63
326291,63
599811,63
438206,63
574166,63
450043,63
397611,63
387364,63
53665,63
317301,63
50880,63
615329,63
483925,63
9182,63
89391,63
25342,63
115384,63
316014,63
346668,63
155796,63
498133,63
620163,63
180322,63
602890,63
162441,63
13088,63
645581,63
106271,63
639321,63
260867,63
8984,63
397172,63
206845,63
454794,63
85136,63
545825,63
313088,63
216657,63
100008,63
304932,63
486514,63
361236,63
349987,63
670934,63
558058,63
414227,63
443029,63
162084,63
119836,63
500844,63
362078,63
84291,63
364908,63
678102,63
156589,63
429892,63
35318,63
631572,63
295447,63
332615,63
227895,63
153527,63
12933,63
54502,63
354224,63
71307,63
398416,63
324477,63
259590,63
608728,63
677119,63
692375,63
547993,63
649240,63
570614,63
228602,63
43942,63
563813,63
535818,63
543706,63
364019,63
223266,63
409074,63
3921,63
408989,63
217123,63
516261,63
454137,63
501200,63
620992,63
53765,63
236556,63
500126,63
248846,63
106126,63
369080,63
221474,63
632787,63
272263,63
206720,63
18903,63
239411,63
78895,63
58955,63
583529,63
302710,63
352107,63
103931,63
359489,63
283996,63
425940,63
206994,63
472575,63
132604,63
624033,63
368538,63
337886,63
8383,63
139181,63
424614,63
289489,63
631652,63
89789,63
371540,63
480423,63
227811,63
141819,63
668519,63
541382,63
5952,63
577793,63
464786,63
254495,63
53319,63
612331,63
630020,63
321317,63
674217,63
520148,63
254536,63
639505,63
101963,63
436685,63
218399,63
21661,63
412491,63
3201,63
510232,63
13704,63
357398,63
632404,63
219700,63
435224,63
628682,63
505334,63
687153,63
334253,63
479409,63
441717,63
301867,63
557868,63
688446,63
150724,63
284524,63
188585,63
500162,63
689706,63
664564,63
193511,63
547436,63
666817,63
107113,63
166014,63
25763,63
190038,63
396679,63
346892,63
262466,63
296200,63
458613,63
254068,63
353570,63
89369,63
538828,63
663175,63
485963,63
95793,63
6088,63
411444,63
667949,63
143750,63
669291,63
254266,63
671551,63
122888,63
671881,63
231960,63
105443,63
398443,63
499817,63
665541,63
476257,63
14217,63
506940,63
415939,63
59690,63
319909,63
468550,63
343449,63
60507,63
153933,63
560975,63
358001,63
307578,63
538925,63
208040,63
8077,63
203527,63
262608,63
386766,63
193302,63
298707,63
230909,63
598667,63
578921,63
605284,63
238807,63
581502,63
203288,63
5406,63
295060,63
318763,63
9769,63
84248,63
459149,63
216156,63
86395,63
531559,63
110758,63
336767,63
72180,63
344598,63
423203,63
611694,63
26604,63
385164,63
165597,63
450432,63
92040,63
601904,63
310475,63
139009,63
550901,63
378875,63
579013,63
351575,63
504058,63
296896,63
175473,63
66205,63
157337,63
309222,63
418616,63
215220,63
112705,63
89638,63
458666,63
536444,63
295088,63
52629,63
221180,63
368504,63
352403,63
31632,63
122050,63
297637,63
504889,63
679775,63
659434,63
637332,63
152901,63
160968,63
440772,63
525284,63
436135,63
458363,63
275010,63
298964,63
693956,63
243503,63
246214,63
248197,63
770,63
321715,63
440969,63
388568,63
655175,63
596678,63
367730,63
150108,63
533832,63
389967,63
581092,63
598032,63
290446,63
400312,63
528902,63
551359,63
308393,63
11550,63
332090,63
359472,63
430451,63
514051,63
546623,63
530014,63
73719,63
310786,63
20375,63
622058,63
13448,63
551485,63
118102,63
13575,63
287330,63
17943,63
440367,63
468186,63
538064,63
305660,63
490780,63
219251,63
639192,63
16623,63
435102,63
142719,63
167781,63
107545,63
640908,63
102033,63
308858,63
125282,63
305816,63
251782,63
326079,63
367931,63
588603,63
95803,63
560896,63
511422,63
413995,63
244691,63
618010,63
588588,63
380995,63
425319,63
257753,63
685693,63
673912,63
424052,63
128941,63
136515,63
565210,63
289337,63
349138,63
381471,63
482536,63
76066,63
628951,63
367296,63
224030,63
158417,63
25759,63
605271,63
91988,63
478407,63
463809,63
102538,63
404626,63
409838,63
173409,63
337431,63
311106,63
214557,63
149242,63
186302,63
589322,63
529709,63
164103,63
409851,63
151640,63
75285,63
214527,63
395376,63
396626,63
76766,63
280774,63
133758,63
96006,63
471038,63
86675,63
177247,63
407084,63
65436,63
265714,63
49155,63
275896,63
15649,63
678021,63
210203,63
441665,63
71597,63
34120,63
55156,63
91344,63
484830,63
644261,63
165096,63
369607,63
541217,63
350794,63
79087,63
83623,63
223258,63
462644,63
376814,63
267241,63
187170,63
559402,63
665474,63
615537,63
651016,63
346037,63
663288,63
570480,63
83800,63
125995,63
526341,63
602656,63
569621,63
105592,63
235657,63
311151,63
570516,63
102198,63
30662,63
11897,63
348080,63
22590,63
623528,63
33039,63
552572,63
591131,63
405081,63
206515,63
255812,63
502307,63
493137,63
533533,63
492575,63
277328,63
561307,63
384274,63
288861,63
643427,63
344082,63
279165,63
73038,63
507549,63
96027,63
695740,63
326252,63
662112,63
653342,63
654329,63
85017,63
177908,63
154800,63
661319,63
174243,63
589111,63
90570,63
217644,63
10898,63
467906,63
537879,63
382630,63
131897,63
501751,63
128808,63
169298,63
71701,63
597919,63
465205,63
608359,63
417334,63
94190,63
172213,63
149082,63
51657,63
117467,63
279517,63
670503,63
306939,63
581082,63
257972,63
169521,63
288743,63
415713,63
246406,63
369214,63
613958,63
237144,63
102041,63
469098,63
549910,63
174415,63
577980,63
246731,63
376079,63
254954,63
644125,63
317168,63
518571,63
369864,63
517978,63
382927,63
400999,63
151935,63
490198,63
74645,63
340057,63
192469,63
358296,63
189981,63
290648,63
586723,63
697587,63
485073,63
459874,63
189132,63
251464,63
601384,63
128616,63
244348,63
561140,63
539246,63
125379,63
392547,63
333921,63
527384,63
628924,63
549029,63
144114,63
684264,63
327778,63
348286,63
234913,63
334631,63
494416,63
172741,63
171091,63
2845,63
530102,63
501605,63
638137,63
490771,63
71731,63
212140,63
57731,63
190663,63
612010,63
425388,63
232613,63
380073,63
464466,63
396141,63
637870,63
457566,63
497738,63
389137,63
29742,63
613835,63
112808,63
449988,63
488101,63
204289,63
85496,63
209639,63
58398,63
353657,63
537791,63
124109,63
187110,63
660043,63
484743,63
626714,63
697002,63
676303,63
479786,63
469269,63
155457,63
329246,63
407099,63
538089,63
442656,63
230461,63
193463,63
30179,63
138081,63
638419,63
420556,63
519121,63
473616,63
565406,63
653268,63
327110,63
363128,63
510605,63
229253,63
379057,63
399227,63
140100,63
668387,63
306545,63
36436,63
564118,63
47806,63
74737,63
127013,63
182157,63
349205,63
329028,63
162701,63
556997,63
639711,63
152793,63
88497,63
135570,63
469927,63
99490,63
49463,63
251470,63
509196,63
488778,63
411874,63
467073,63
347950,63
271938,63
145345,63
153593,63
598142,63
210601,63
646257,63
48095,63
688506,63
416623,63
445962,63
383544,63
655962,63
320875,63
318695,63
33509,63
263065,63
111977,63
403774,63
158373,63
276013,63
174782,63
147532,63
83421,63
349843,63
100910,63
360008,63
931,63
310971,63
675855,63
129038,63
480800,63
234910,63
109975,63
110843,63
469170,63
219444,63
479051,63
263829,63
235754,63
505429,63
512274,63
458084,63
678052,63
71632,63
346185,63
31477,63
359229,63
587457,63
27731,63
422952,63
572088,63
618700,63
397072,63
221950,63
511939,63
662050,63
632542,63
673335,63
112001,63
537698,63
62768,63
582246,63
274485,63
691005,63
155325,63
4526,63
535171,63
502049,63
456269,63
225785,63
576037,63
681986,63
641194,63
73033,63
456407,63
597314,63
192887,63
84044,63
683746,63
450537,63
560817,63
683680,63
417176,63
302656,63
142808,63
500893,63
526210,63
349570,63
61387,63
252602,63
600983,63
196843,63
505677,63
365127,63
511797,63
594135,63
126457,63
102551,63
413085,63
33156,63
290234,63
387773,63
593468,63
597107,63
671221,63
362570,63
599133,63
539225,63
4969,63
156187,63
109406,63
172761,63
369818,63
605168,63
101160,63
504428,63
442559,63
652223,63
297810,63
495591,63
453955,63
356552,63
336457,63
232209,63
377595,63
379209,63
361497,63
498737,63
489433,63
194690,63
526535,63
266082,63
495554,63
456736,63
512817,63
210728,63
295419,63
111811,63
628464,63
10346,63
140277,63
421318,63
503793,63
255603,63
267175,63
444370,63
8995,63
470326,63
651455,63
514753,63
180328,63
250159,63
622725,63
525313,63
494713,63
346958,63
631967,63
673715,63
85708,63
496268,63
644165,63
288154,63
359407,63
388831,63
354947,63
276317,63
43177,63
340328,63
220468,63
548396,63
371763,63
295265,63
243342,63
164167,63
692268,63
118915,63
640866,63
532776,63
641283,63
63355,63
350983,63
232429,63
412331,63
383252,63
698905,63
439830,63
464880,63
209707,63
302880,63
691456,63
442595,63
183336,63
50243,63
177973,63
474095,63
218919,63
600685,63
492182,63
393965,63
387644,63
487922,63
117234,63
119387,63
553121,63
234334,63
494532,63
265540,63
612004,63
560795,63
261235,63
268776,63
636307,63
576398,63
232519,63
176655,63
526513,63
267032,63
587148,63
119553,63
444891,63
550298,63
667386,63
245110,63
534064,63
235533,63
437896,63
263083,63
391139,63
215036,63
478678,63
648518,63
113045,63
465610,63
604810,63
346525,63
615809,63
136538,63
164471,63
628596,63
668113,63
580409,63
581670,63
193552,63
248637,63
619230,63
178004,63
221940,63
456127,63
564362,63
614642,63
258090,63
209748,63
105864,63
12564,63
448967,63
602592,63
266022,63
127688,63
65483,63
565096,63
8606,63
551780,63
551603,63
538147,63
147041,63
293729,63
555986,63
82141,63
304997,63
94429,63
504867,63
124344,63
698786,63
578177,63
417115,63
246893,63
495481,63
456684,63
550158,63
286777,63
443507,63
418212,63
267346,63
236902,63
182060,63
549215,63
356830,63
132743,63
666031,63
88968,63
505610,63
374168,63
158232,63
656784,63
373825,63
345280,63
551574,63
428971,63
1881,63
51181,63
116225,63
74092,63
226076,63
255478,63
126473,63
699308,63
264012,63
323845,63
664435,63
432457,63
413426,63
560903,63
592973,63
45216,63
583650,63
434032,63
498318,63
409787,63
321899,63
491515,63
684942,63
600381,63
529852,63
292013,63
72316,63
19352,63
449628,63
140473,63
422158,63
86206,63
69400,63
616236,63
251012,63
340562,63
430513,63
411567,63
125834,63
206600,63
11944,63
348925,63
672211,63
37540,63
176546,63
347168,63
692199,63
491936,63
660193,63
176542,63
84800,63
658867,63
335660,63
609021,63
516015,63
217365,63
1145,63
62286,63
187803,63
491986,63
395420,63
562360,63
300261,63
463372,63
477674,63
484007,63
252998,63
362901,63
119513,63
483390,63
161011,63
269053,63
123567,63
265274,63
645213,63
341101,63
475416,63
551080,63
386991,63
265211,63
432374,63
148238,63
464352,63
106040,63
449530,63
101678,63
191967,63
172092,63
263137,63
498459,63
292723,63
662555,63
631346,63
639870,63
316368,63
34994,63
258898,63
518650,63
15377,63
582920,63
544263,63
19664,63
516624,63
452409,63
421621,63
637090,63
197842,63
584798,63
245460,63
390154,63
313945,63
243252,63
3073,63
135741,63
322721,63
499888,63
436466,63
104876,63
233961,63
401135,63
332478,63
384103,63
472921,63
279700,63
77968,63
545094,63
139991,63
467672,63
438315,63
447029,63
397585,63
21134,63
99295,63
608102,63
88770,63
111559,63
31770,63
439708,63
14661,63
322055,63
96861,63
328187,63
530097,63
279160,63
166103,63
512597,63
214561,63
487290,63
117694,63
107657,63
203667,63
248519,63
159909,63
377918,63
326438,63
663223,63
662425,63
345108,63
562051,63
406029,63
344441,63
670823,63
438126,63
347177,63
318860,63
78659,63
545020,63
417283,63
406528,63
224772,63
248647,63
305860,63
222036,63
369681,63
498234,63
260763,63
204989,63
262973,63
622040,63
428851,63
63067,63
261607,63
81641,63
503333,63
424407,63
679094,63
474983,63
116383,63
401875,63
505838,63
3595,63
280612,63
277892,63
519017,63
316166,63
448857,63
253713,63
696187,63
123577,63
640368,63
19991,63
448262,63
246100,63
72091,63
106807,63
215076,63
194857,63
313942,63
333052,63
93049,63
95907,63
454071,63
579436,63
540583,63
663304,63
549421,63
165600,63
644588,63
357900,63
365400,63
573102,63
661940,63
328172,63
675733,63
599410,63
334646,63
547492,63
227007,63
500209,63
121690,63
400782,63
128668,63
347345,63
344557,63
320493,63
257731,63
400252,63
222112,63
628834,63
235771,63
697166,63
17458,63
635374,63
111445,63
199703,63
283737,63
287848,63
285731,63
346387,63
540255,63
610599,63
651340,63
22994,63
44865,63
102930,63
411883,63
408278,63
28063,63
119293,63
355940,63
331158,63
410198,63
149666,63
29703,63
20958,63
62404,63
62986,63
505463,63
255569,63
253782,63
109520,63
661605,63
419856,63
248387,63
246751,63
143875,63
338441,63
299476,63
213465,63
213254,63
434432,63
66325,63
412500,63
340184,63
516109,63
188152,63
265583,63
517228,63
583339,63
615197,63
66673,63
324445,63
204016,63
34327,63
383247,63
395754,63
409464,63
260790,63
85920,63
106557,63
382574,63
587746,63
224201,63
570522,63
605261,63
669758,63
128645,63
588880,63
545012,63
316089,63
456508,63
352905,63
73413,63
117331,63
419314,63
287435,63
60106,63
680465,63
13514,63
336995,63
481442,63
453383,63
5155,63
628102,63
308467,63
409791,63
440595,63
546173,63
690063,63
531333,63
528060,63
472211,63
10975,63
249207,63
244438,63
380351,63
279493,63
635817,63
564953,63
93429,63
584181,63
511418,63
419054,63
487587,63
221909,63
376203,63
673475,63
516899,63
545683,63
385743,63
673088,63
75364,63
141692,63
459214,63
622197,63
401188,63
254450,63
509892,63
164249,63
265070,63
7566,63
666242,63
422238,63
387097,63
154545,63
490254,63
393199,63
432912,63
71712,63
494953,63
652994,63
231466,63
617835,63
358758,63
273633,63
311322,63
656416,63
543168,63
486312,63
429861,63
86711,63
298289,63
109467,63
174506,63
580045,63
312197,63
623445,63
340159,63
423994,63
4014,63
554103,63
656221,63
308533,63
169082,63
281781,63
687087,63
136505,63
4384,63
385308,63
608193,63
558474,63
677773,63
165358,63
329016,63
377785,63
672800,63
208931,63
303952,63
527285,63
346664,63
519398,63
156036,63
250578,63
82471,63
168624,63
65015,63
36096,63
357053,63
94575,63
184585,63
220655,63
194415,63
380517,63
646511,63
264915,63
488379,63
423800,63
13879,63
341500,63
474864,63
408349,63
365821,63
421641,63
55577,63
35359,63
169655,63
174512,63
368785,63
330890,63
345774,63
571893,63
496708,63
553861,63
376865,63
106192,63
223942,63
642448,63
337620,63
91355,63
196616,63
517187,63
19903,63
489317,63
682231,63
377002,63
19314,63
477030,63
156980,63
245635,63
487032,63
656537,63
173942,63
336511,63
356611,63
22893,63
641779,63
267586,63
475723,63
4410,63
481205,63
515685,63
642021,63
296688,63
570850,63
546683,63
248467,63
349242,63
100108,63
66700,63
416458,63
185173,63
474543,63
292429,63
372696,63
68900,63
609291,63
693238,63
206626,63
75082,63
105934,63
30535,63
178154,63
568141,63
480386,63
546862,63
399270,63
73975,63
158060,63
431016,63
576696,63
663790,63
205225,63
179343,63
606045,63
253246,63
3235,63
91883,63
444204,63
550303,63
491638,63
91622,63
285992,63
307754,63
600927,63
319197,63
474609,63
678433,63
586460,63
394802,63
249245,63
573126,63
557201,63
160449,63
646956,63
437661,63
281438,63
128117,63
79529,63
45186,63
386984,63
209355,63
586242,63
231124,63
158408,63
142969,63
381258,63
344202,63
18376,63
301858,63
562156,63
260475,63
629408,63
601329,63
470480,63
13111,63
475834,63
490226,63
428294,63
167115,63
567933,63
685573,63
216692,63
125895,63
575655,63
242467,63
443446,63
593837,63
506048,63
232647,63
376119,63
170420,63
231894,63
6702,63
335336,63
509657,63
439711,63
492486,63
134175,63
620607,63
150620,63
9392,63
610755,63
142288,63
340660,63
82714,63
198653,63
536959,63
664276,63
56463,63
294811,63
697073,63
479194,63
531693,63
102753,63
258248,63
698908,63
438223,63
689156,63
66508,63
177410,63
224488,63
107526,63
495290,63
322263,63
229403,63
610251,63
17854,63
100768,63
223110,63
586594,63
561171,63
499361,63
220223,63
615665,63
526027,63
80646,63
272242,63
147188,63
684027,63
18578,63
19856,63
555152,63
117969,63
594189,63
125111,63
641256,63
533010,63
94454,63
265690,63
593597,63
352474,63
368004,63
60292,63
332091,63
366582,63
482466,63
573490,63
288258,63
316441,63
517912,63
527111,63
413923,63
532571,63
228027,63
529162,63
372174,63
35257,63
336238,63
329168,63
146902,63
407380,63
295543,63
87524,63
11084,63
583990,63
371871,63
334869,63
315353,63
501787,63
614132,63
565959,63
278912,63
133065,63
192697,63
623621,63
433035,63
519065,63
21333,63
285110,63
642375,63
169837,63
341548,63
469815,63
63187,63
540083,63
16816,63
597552,63
632506,63
160314,63
454845,63
54441,63
73784,63
379097,63
23041,63
483630,63
268291,63
591695,63
686020,63
21811,63
470592,63
488558,63
83006,63
401867,63
257648,63
633340,63
446022,63
652971,63
257765,63
364176,63
75723,63
659607,63
463267,63
406155,63
65778,63
321147,63
51058,63
643698,63
676992,63
322457,63
197302,63
538142,63
283303,63
449218,63
106370,63
698870,63
541089,63
169417,63
686865,63
183332,63
518543,63
4535,63
560673,63
239973,63
335558,63
9544,63
347580,63
66300,63
425926,63
77631,63
354939,63
533172,63
392655,63
48294,63
625274,63
477863,63
513991,63
355080,63
511547,63
421329,63
145151,63
77658,63
6537,63
534855,63
379454,63
385852,63
490377,63
369405,63
672034,63
346758,63
122565,63
342526,63
1053,63
186514,63
683090,63
80266,63
512795,63
297137,63
34070,63
550588,63
693151,63
150505,63
9172,63
13233,63
221269,63
324632,63
678209,63
657832,63
421757,63
557596,63
603151,63
63516,63
146695,63
610691,63
628947,63
80429,63
676287,63
590612,63
70092,63
656812,63
53960,63
15759,63
40722,63
459012,63
300293,63
567594,63
482250,63
439415,63
179099,63
8542,63
84055,63
494690,63
384820,63
416580,63
382323,63
215755,63
630171,63
669433,63
55997,63
244845,63
508758,63
191439,63
105370,63
358808,63
106738,63
377960,63
27114,63
629366,63
680047,63
348038,63
337830,63
341660,63
193852,63
358467,63
393596,63
465722,63
610577,63
246688,63
369434,63
87846,63
375279,63
96425,63
655003,63
617696,63
358552,63
243394,63
269127,63
580752,63
306153,63
385909,63
695258,63
37423,63
405288,63
433750,63
58034,63
123983,63
667383,63
80720,63
240983,63
172051,63
237638,63
314079,63
257862,63
159901,63
574374,63
513123,63
219158,63
632215,63
12467,63
309474,63
591297,63
409663,63
653471,63
236871,63
214300,63
641033,63
421386,63
110718,63
343907,63
39232,63
71273,63
275541,63
452218,63
587100,63
545667,63
162031,63
126528,63
597349,63
35649,63
636438,63
314744,63
310502,63
293393,63
203268,63
488678,63
387049,63
307961,63
13737,63
414235,63
408767,63
472058,63
426047,63
152177,63
673113,63
307927,63
667473,63
613748,63
388359,63
184815,63
408622,63
537441,63
132369,63
663318,63
216465,63
381171,63
210027,63
665286,63
251724,63
487837,63
253931,63
8906,63
504254,63
286204,63
577751,63
240267,63
555871,63
506819,63
1152,63
465188,63
557549,63
380453,63
612569,63
321320,63
401104,63
29108,63
476347,63
481990,63
629425,63
53484,63
71341,63
623114,63
285259,63
21080,63
37909,63
82017,63
349378,63
239369,63
663039,63
504545,63
513322,63
503453,63
235647,63
212674,63
425393,63
681100,63
158570,63
8220,63
633699,63
62242,63
274855,63
209451,63
594975,63
371488,63
616199,63
141392,63
281306,63
257475,63
402237,63
277555,63
528291,63
646492,63
536446,63
114580,63
277974,63
226879,63
503292,63
216776,63
402910,63
697482,63
290739,63
381952,63
624356,63
42559,63
617211,63
658053,63
204785,63
509053,63
500180,63
221062,63
15951,63
411003,63
190545,63
621974,63
190959,63
278327,63
684564,63
446786,63
665684,63
476824,63
283805,63
58425,63
95964,63
422086,63
96943,63
6095,63
287341,63
675554,63
109909,63
500885,63
459499,63
565166,63
521767,63
429539,63
397028,63
227051,63
330933,63
696827,63
488566,63
113391,63
440902,63
47998,63
361984,63
304525,63
378079,63
148554,63
635232,63
498837,63
606722,63
661918,63
323583,63
441134,63
501782,63
669141,63
207593,63
92283,63
657949,63
40166,63
614290,63
331114,63
254382,63
129413,63
145883,63
274993,63
467719,63
268365,63
238646,63
14462,63
590531,63
477938,63
574469,63
38115,63
330250,63
602296,63
241269,63
558030,63
318040,63
31899,63
420538,63
270548,63
473723,63
554007,63
695261,63
43478,63
215303,63
440871,63
24235,63
43115,63
667084,63
503839,63
435923,63
427196,63
695307,63
360952,63
258822,63
36158,63
667627,63
215919,63
632183,63
418125,63
543139,63
531474,63
89754,63
337314,63
459835,63
639869,63
558332,63
429599,63
686519,63
533894,63
137024,63
40861,63
475591,63
539483,63
234962,63
210126,63
505921,63
446374,63
509720,63
517959,63
80156,63
584198,63
55957,63
603992,63
567721,63
423131,63
692131,63
545705,63
221589,63
57419,63
14317,63
271146,63
547425,63
556822,63
251286,63
597970,63
337144,63
14850,63
500268,63
10740,63
609667,63
4176,63
566989,63
179586,63
346832,63
596351,63
110122,63
448456,63
445683,63
669779,63
570564,63
54399,63
418540,63
109007,63
450190,63
112360,63
214222,63
244458,63
140783,63
151059,63
197218,63
525909,63
42270,63
623686,63
522349,63
410160,63
134423,63
241990,63
297365,63
283324,63
402387,63
396152,63
119925,63
327969,63
266829,63
62098,63
422931,63
215354,63
355820,63
421305,63
531576,63
365769,63
77613,63
446950,63
525322,63
584073,63
360385,63
299263,63
642147,63
361433,63
559353,63
409363,63
436377,63
298276,63
645509,63
23436,63
126198,63
206541,63
554812,63
676091,63
574937,63
141498,63
401213,63
366678,63
168919,63
23644,63
247973,63
677692,63
557119,63
466163,63
392424,63
265868,63
311592,63
641993,63
380636,63
393857,63
202858,63
66682,63
536054,63
118678,63
213813,63
449661,63
114409,63
278512,63
205909,63
376556,63
486503,63
623068,63
149206,63
188398,63
669579,63
451980,63
88222,63
609482,63
430134,63
670275,63
164923,63
670777,63
477497,63
418294,63
108812,63
132706,63
238009,63
181988,63
278342,63
211592,63
59141,63
377317,63
346828,63
585409,63
269175,63
450549,63
163100,63
115164,63
558895,63
244926,63
281870,63
296462,63
174276,63
676103,63
427791,63
664557,63
544758,63
252234,63
457015,63
424558,63
563808,63
593316,63
254891,63
215203,63
142241,63
108607,63
208264,63
346293,63
270527,63
499655,63
419093,63
640120,63
115405,63
633559,63
466886,63
4193,63
674817,63
487867,63
90518,63
234485,63
333312,63
299437,63
30582,63
606217,63
411499,63
143381,63
539529,63
541128,63
226671,63
199889,63
60890,63
584397,63
366005,63
355936,63
125196,63
456105,63
353695,63
672929,63
230965,63
76881,63
249582,63
207362,63
130326,63
585317,63
635694,63
251160,63
294005,63
263878,63
191120,63
575759,63
688260,63
121018,63
640370,63
586481,63
112542,63
287304,63
492474,63
116089,63
206448,63
371538,63
517571,63
13048,63
127180,63
641345,63
362935,63
106440,63
531083,63
302430,63
454906,63
305408,63
112652,63
391134,63
574637,63
344816,63
14066,63
468336,63
345542,63
587335,63
639201,63
98244,63
672393,63
512899,63
628282,63
675545,63
366607,63
250437,63
672889,63
153262,63
85138,63
364063,63
577147,63
448520,63
628668,63
25063,63
171695,63
244583,63
428352,63
267339,63
349231,63
529258,63
635449,63
60726,63
151874,63
91302,63
326843,63
153281,63
335840,63
512044,63
125997,63
532039,63
694752,63
464904,63
392941,63
619618,63
491953,63
234486,63
571075,63
258753,63
488043,63
464865,63
567636,63
162349,63
485686,63
228998,63
132146,63
357811,63
79320,63
400509,63
304280,63
223704,63
262519,63
220933,63
239611,63
317740,63
61932,63
478904,63
522539,63
273440,63
444139,63
276829,63
452371,63
83607,63
594800,63
229454,63
121745,63
305486,63
676264,63
630116,63
506111,63
310601,63
529199,63
294275,63
210711,63
468694,63
669122,63
69575,63
446572,63
598461,63
379941,63
616150,63
649059,63
545642,63
416089,63
385203,63
393774,63
414207,63
586399,63
173619,63
420830,63
246064,63
340722,63
220171,63
341754,63
283084,63
124094,63
287079,63
234576,63
27459,63
65182,63
84519,63
435372,63
468018,63
26244,63
292473,63
288053,63
76671,63
625166,63
406988,63
249644,63
20143,63
526617,63
272828,63
585542,63
338476,63
294826,63
552469,63
246897,63
643231,63
116851,63
508989,63
364648,63
605097,63
321379,63
107921,63
653400,63
615961,63
131458,63
405932,63
562367,63
222837,63
377419,63
692828,63
632760,63
45264,63
118946,63
288692,63
503580,63
347182,63
301178,63
282078,63
293781,63
207861,63
608966,63
454157,63
236105,63
361668,63
272520,63
659182,63
333022,63
311248,63
459353,63
490468,63
17936,63
594553,63
138897,63
358141,63
675419,63
510538,63
50497,63
387216,63
49722,63
194433,63
543602,63
454646,63
118028,63
635529,63
454641,63
321738,63
640006,63
47313,63
330486,63
138222,63
355622,63
266340,63
644336,63
5608,63
234745,63
682796,63
22158,63
606212,63
37013,63
392233,63
327522,63
362413,63
165868,63
112990,63
326423,63
652788,63
117618,63
404851,63
260530,63
438149,63
543824,63
431140,63
634134,63
508796,63
213967,63
328613,63
96303,63
226599,63
20897,63
521022,63
313764,63
56200,63
125975,63
31511,63
447027,63
385304,63
341193,63
424728,63
151630,63
591560,63
624571,63
203063,63
270309,63
487121,63
554559,63
599424,63
451374,63
118375,63
18341,63
270032,63
315209,63
635214,63
447723,63
643545,63
18332,63
302983,63
655449,63
583196,63
396833,63
64227,63
394951,63
620449,63
44500,63
669532,63
400538,63
380148,63
119436,63
220090,63
656890,63
107264,63
47801,63
179828,63
311700,63
584072,63
579218,63
390660,63
40921,63
218307,63
461024,63
455216,63
487832,63
232968,63
215063,63
688950,63
682704,63
690245,63
195835,63
146712,63
563493,63
248817,63
647924,63
384516,63
644323,63
404309,63
355271,63
411981,63
64922,63
89330,63
231120,63
425282,63
649584,63
642728,63
245013,63
277019,63
645927,63
403800,63
263182,63
52243,63
584956,63
335530,63
284190,63
247458,63
504067,63
192496,63
164775,63
635871,63
649680,63
492551,63
221700,63
181767,63
20146,63
645685,63
503697,63
650563,63
533261,63
573466,63
407458,63
163150,63
332875,63
555947,63
389498,63
203434,63
645391,63
528773,63
572479,63
590581,63
626155,63
525095,63
297415,63
289333,63
141576,63
364731,63
208755,63
313807,63
176990,63
14368,63
391788,63
685013,63
190936,63
219745,63
459836,63
658630,63
508416,63
321824,63
96040,63
414753,63
402271,63
177135,63
113816,63
639943,63
39882,63
649708,63
379458,63
532679,63
313431,63
331276,63
6796,63
235996,63
364988,63
209751,63
380130,63
196032,63
198517,63
461444,63
637840,63
324819,63
365575,63
641929,63
287560,63
203180,63
168981,63
317995,63
151957,63
325481,63
698358,63
568529,63
439028,63
81423,63
513293,63
684694,63
626466,63
409169,63
80762,63
545857,63
408619,63
25478,63
70342,63
70138,63
558798,63
107740,63
253131,63
645240,63
693818,63
415623,63
486930,63
330975,63
126607,63
134098,63
331953,63
442935,63
521267,63
306430,63
303481,63
574543,63
327788,63
376274,63
614699,63
416119,63
233797,63
179674,63
319659,63
381517,63
626331,63
147853,63
617365,63
205368,63
476935,63
437106,63
672129,63
609828,63
274196,63
670172,63
332882,63
244428,63
168135,63
586675,63
674646,63
283236,63
221728,63
271596,63
456855,63
41997,63
554114,63
322808,63
524887,63
130446,63
424870,63
171707,63
328795,63
95185,63
85437,63
592766,63
333204,63
205858,63
541849,63
512826,63
7493,63
5165,63
552686,63
81567,63
627814,63
310736,63
291304,63
459705,63
2663,63
41252,63
122467,63
683881,63
347802,63
384987,63
12871,63
294652,63
68760,63
384543,63
321882,63
483529,63
456853,63
285599,63
436568,63
231352,63
259812,63
81005,63
18237,63
148997,63
211451,63
356233,63
637257,63
339392,63
269908,63
79631,63
680320,63
130131,63
117675,63
480569,63
264495,63
404761,63
421519,63
597208,63
108143,63
602463,63
162742,63
638644,63
597470,63
388579,63
172873,63
127147,63
230979,63
393383,63
92587,63
360298,63
237227,63
254768,63
300446,63
386573,63
45911,63
375166,63
194842,63
582505,63
574594,63
364260,63
698979,63
367909,63
470442,63
320459,63
385732,63
183484,63
396991,63
215345,63
662903,63
184518,63
322574,63
273521,63
236263,63
381734,63
81202,63
204941,63
565830,63
177347,63
260735,63
271936,63
574800,63
233967,63
474681,63
110849,63
345755,63
414556,63
415098,63
266216,63
566603,63
308922,63
80848,63
291461,63
506995,63
390636,63
472367,63
259850,63
16124,63
11311,63
216553,63
84370,63
457442,63
367322,63
11196,63
300407,63
405694,63
506463,63
201150,63
273422,63
147103,63
602657,63
343674,63
13135,63
418828,63
367758,63
287642,63
208548,63
341466,63
96954,63
230037,63
348435,63
631785,63
327967,63
292752,63
409094,63
69953,63
49479,63
699046,63
94921,63
392502,63
698853,63
504034,63
630751,63
689091,63
560172,63
385904,63
340619,63
151853,63
54712,63
507270,63
178549,63
393617,63
667774,63
157528,63
58698,63
427524,63
348382,63
541443,63
336400,63
458837,63
388973,63
423905,63
11735,63
657641,63
515949,63
326231,63
130918,63
111909,63
345477,63
483568,63
389703,63
110076,63
531538,63
238124,63
257640,63
342551,63
259277,63
243017,63
147086,63
692278,63
460823,63
106505,63
454758,63
681552,63
9040,63
518409,63
51762,63
656309,63
294453,63
345918,63
136690,63
662876,63
431263,63
512393,63
351445,63
638713,63
388156,63
329357,63
37371,63
163341,63
550426,63
4870,63
631201,63
561522,63
525180,63
40895,63
405742,63
691747,63
671645,63
538099,63
254017,63
573161,63
134103,63
671286,63
20905,63
39812,63
571360,63
449789,63
197326,63
21081,63
526569,63
635613,63
275177,63
361150,63
299601,63
665330,63
649401,63
454516,63
467595,63
59413,63
39116,63
192470,63
478881,63
50268,63
31595,63
391156,63
569155,63
482858,63
248219,63
439499,63
427195,63
288331,63
96581,63
487955,63
330085,63
480746,63
45896,63
451829,63
247473,63
664730,63
129040,63
683348,63
86284,63
536099,63
607938,63
281754,63
662707,63
622290,63
165149,63
336720,63
211572,63
326673,63
156671,63
592605,63
634544,63
412072,63
175920,63
391660,63
56911,63
580863,63
271923,63
149098,63
560658,63
301172,63
498024,63
311757,63
240144,63
396136,63
403317,63
484290,63
304388,63
151681,63
545908,63
419735,63
500348,63
177362,63
650034,63
366691,63
262736,63
345468,63
234540,63
537541,63
172193,63
387783,63
116121,63
586434,63
626808,63
455950,63
175809,63
383425,63
179968,63
515695,63
680239,63
603418,63
575772,63
301500,63
19435,63
163337,63
494398,63
578050,63
204675,63
421219,63
331369,63
246302,63
28755,63
355471,63
471325,63
202980,63
108200,63
678337,63
660780,63
333320,63
679790,63
613973,63
535828,63
331457,63
12500,63
1237,63
112168,63
519568,63
511298,63
414747,63
409354,63
510237,63
489118,63
261128,63
240794,63
421876,63
199178,63
517308,63
517632,63
557115,63
114232,63
645542,63
93992,63
241014,63
228441,63
30047,63
304385,63
240021,63
427225,63
568126,63
441662,63
462318,63
275536,63
433520,63
135668,63
126947,63
6005,63
422940,63
422081,63
87942,63
336090,63
678260,63
75913,63
678701,63
236412,63
687930,63
109931,63
432439,63
140243,63
420304,63
544279,63
626073,63
95427,63
304672,63
293342,63
559544,63
514825,63
487895,63
248409,63
65226,63
599181,63
508817,63
379264,63
419577,63
120395,63
233336,63
39937,63
597703,63
248483,63
229435,63
56434,63
242006,63
569815,63
139830,63
641881,63
122775,63
28148,63
330339,63
638727,63
227099,63
230883,63
36883,63
416256,63
260620,63
229193,63
676472,63
235117,63
516088,63
524053,63
107055,63
428771,63
272265,63
575743,63
103900,63
299951,63
308423,63
283069,63
226500,63
289092,63
312164,63
528960,63
463743,63
460856,63
158816,63
65738,63
420925,63
516963,63
507265,63
111933,63
455606,63
382398,63
298022,63
478595,63
142317,63
512338,63
17781,63
500653,63
180025,63
660969,63
170430,63
178076,63
122771,63
389646,63
490522,63
122364,63
255492,63
362562,63
32622,63
233526,63
616666,63
7010,63
446245,63
92207,63
324779,63
442740,63
395022,63
634374,63
71237,63
241381,63
94418,63
54971,63
218582,63
99802,63
56214,63
31455,63
148939,63
287914,63
50402,63
103665,63
499799,63
329042,63
671149,63
484568,63
651614,63
496231,63
444297,63
267293,63
211893,63
107014,63
452766,63
264928,63
615401,63
613160,63
523895,63
464040,63
74826,63
45217,63
531129,63
223083,63
263261,63
334342,63
688496,63
36515,63
206104,63
378655,63
568012,63
432900,63
413373,63
493983,63
346243,63
249255,63
48288,63
147951,63
202971,63
72833,63
635088,63
397225,63
576333,63
167286,63
149811,63
60198,63
660585,63
625764,63
391014,63
1990,63
590300,63
616153,63
615356,63
623628,63
539457,63
117890,63
327204,63
265105,63
526710,63
575018,63
199645,63
366045,63
570943,63
204748,63
603124,63
65921,63
571227,63
409366,63
367501,63
133997,63
512821,63
635847,63
135279,63
465141,63
601886,63
660269,63
540979,63
610130,63
317401,63
493849,63
91680,63
365490,63
19054,63
214375,63
578726,63
100534,63
567995,63
412545,63
451595,63
85670,63
33392,63
348457,63
246521,63
37424,63
633288,63
175741,63
121384,63
583729,63
518637,63
694366,63
525515,63
317503,63
654379,63
222636,63
177068,63
268783,63
620796,63
395060,63
625475,63
39198,63
164281,63
597859,63
28564,63
474072,63
653492,63
41027,63
18924,63
563393,63
47376,63
87478,63
548242,63
648011,63
536201,63
192827,63
182057,63
599902,63
568256,63
111193,63
669964,63
553281,63
336490,63
477880,63
323885,63
319316,63
608167,63
173613,63
153600,63
181816,63
247781,63
548345,63
202846,63
158925,63
443782,63
269566,63
578111,63
547573,63
246490,63
417888,63
554204,63
51761,63
26837,63
190995,63
444769,63
121408,63
368973,63
185436,63
443474,63
592580,63
101931,63
323118,63
468696,63
486392,63
554466,63
41555,63
19932,63
572395,63
322157,63
92381,63
398417,63
340104,63
279089,63
26104,63
326912,63
176380,63
473793,63
698216,63
320035,63
534389,63
600139,63
659822,63
580995,63
158350,63
691406,63
263795,63
246157,63
160447,63
299379,63
58063,63
316525,63
814,63
2296,63
118188,63
22354,63
140706,63
242112,63
364174,63
169693,63
261343,63
503305,63
472627,63
259830,63
82867,63
388189,63
244440,63
195996,63
70157,63
337591,63
631892,63
694369,63
271509,63
281504,63
164123,63
465718,63
258532,63
52627,63
60661,63
188862,63
624889,63
16888,63
355642,63
142014,63
657323,63
282617,63
43195,63
199765,63
97581,63
208763,63
41335,63
290514,63
126736,63
113788,63
16793,63
356542,63
98096,63
330038,63
554317,63
570418,63
5476,63
346097,63
627137,63
685976,63
390552,63
620200,63
149885,63
244370,63
531531,63
405861,63
613735,63
46227,63
140596,63
364982,63
140363,63
227607,63
666660,63
378378,63
458497,63
263658,63
176414,63
598412,63
663960,63
99671,63
493316,63
352125,63
47669,63
75669,63
372189,63
95397,63
629327,63
282669,63
464919,63
466854,63
12787,63
629881,63
24328,63
116451,63
80891,63
62243,63
267762,63
278584,63
275946,63
251884,63
289115,63
12998,63
66309,63
471464,63
440983,63
636649,63
491434,63
696710,63
518812,63
305109,63
148905,63
463581,63
112236,63
90792,63
563137,63
436074,63
343260,63
452964,63
502273,63
507668,63
192591,63
201892,63
418780,63
357463,63
615894,63
582484,63
637421,63
362359,63
307498,63
680817,63
192345,63
610782,63
404256,63
17894,63
229032,63
11602,63
664812,63
357179,63
108692,63
631733,63
645185,63
2739,63
149445,63
439127,63
527764,63
216913,63
184302,63
20331,63
347504,63
156533,63
33294,63
475816,63
391597,63
671512,63
587425,63
52662,63
51915,63
113435,63
146196,63
435354,63
533938,63
254216,63
508831,63
592181,63
6671,63
289452,63
29557,63
523472,63
539276,63
417934,63
547670,63
280850,63
406318,63
366064,63
240244,63
57206,63
276621,63
594738,63
81209,63
311484,63
455731,63
400793,63
244719,63
43265,63
235925,63
312530,63
246989,63
209241,63
11255,63
502907,63
121885,63
106269,63
299226,63
683258,63
485084,63
109982,63
190502,63
232182,63
186367,63
139641,63
198682,63
315088,63
181033,63
421162,63
463896,63
401612,63
597541,63
614382,63
568265,63
655364,63
7294,63
431347,63
420056,63
677393,63
44551,63
31152,63
577087,63
217838,63
479299,63
146053,63
153654,63
606235,63
429159,63
336103,63
31016,63
272072,63
430536,63
534098,63
13794,63
485529,63
574968,63
614868,63
155547,63
394385,63
655956,63
236929,63
93126,63
163654,63
566857,63
397238,63
374721,63
434747,63
520268,63
424564,63
528955,63
462398,63
583725,63
127408,63
662124,63
155844,63
286593,63
62359,63
29726,63
679939,63
465605,63
395433,63
408911,63
336593,63
427736,63
520525,63
411726,63
331711,63
396850,63
43139,63
18868,63
400036,63
277493,63
242028,63
595146,63
634537,63
682748,63
43502,63
452892,63
130666,63
640805,63
203373,63
55462,63
45698,63
174015,63
665679,63
63310,63
71223,63
169405,63
259424,63
579385,63
344158,63
331601,63
554921,63
340165,63
371990,63
452406,63
209158,63
38721,63
412834,63
150399,63
433459,63
377299,63
635049,63
266985,63
4549,63
560834,63
331924,63
494670,63
328216,63
326432,63
288507,63
577364,63
239670,63
200445,63
277989,63
476894,63
112641,63
150270,63
183049,63
442686,63
143470,63
370439,63
258963,63
536979,63
608050,63
638467,63
49115,63
611228,63
502332,63
20657,63
254912,63
156087,63
405321,63
578684,63
492150,63
208309,63
139956,63
279640,63
122819,63
299515,63
106835,63
231308,63
162042,63
199103,63
424561,63
191895,63
363283,63
281128,63
645656,63
652763,63
303974,63
671169,63
169508,63
195284,63
694062,63
137992,63
443468,63
630126,63
377666,63
635872,63
166311,63
571814,63
263189,63
527896,63
386707,63
581558,63
378639,63
580952,63
357772,63
295068,63
13524,63
68048,63
214741,63
464824,63
648649,63
312389,63
660675,63
460873,63
559590,63
271479,63
573061,63
256184,63
66103,63
504854,63
157577,63
331614,63
571209,63
522523,63
180691,63
378236,63
336782,63
172271,63
657012,63
121097,63
196330,63
370278,63
592327,63
417068,63
215526,63
245254,63
354629,63
199731,63
153511,63
370513,63
455110,63
633164,63
44834,63
127187,63
477809,63
537040,63
402773,63
453972,63
439730,63
246586,63
608945,63
200219,63
116433,63
365006,63
485881,63
536710,63
366779,63
42929,63
681919,63
51421,63
162934,63
321740,63
230288,63
352986,63
95058,63
196856,63
642645,63
658355,63
508686,63
265155,63
563754,63
611410,63
568615,63
197066,63
492991,63
324306,63
386539,63
192580,63
429739,63
213764,63
19997,63
481888,63
340782,63
281406,63
225894,63
51921,63
291972,63
24354,63
488300,63
173060,63
325595,63
542656,63
295270,63
514163,63
555786,63
92604,63
141542,63
185906,63
543528,63
439243,63
553263,63
285635,63
5051,63
355275,63
139606,63
591508,63
338274,63
634766,63
548509,63
117578,63
516710,63
514928,63
251165,63
159288,63
567793,63
300800,63
26484,63
529865,63
223334,63
288955,63
579847,63
217611,63
176954,63
667813,63
78848,63
651151,63
507252,63
596078,63
175155,63
542285,63
266625,63
347350,63
308885,63
331488,63
601222,63
329456,63
137175,63
642098,63
456764,63
150713,63
317719,63
118443,63
537080,63
200401,63
534044,63
121313,63
288402,63
439542,63
452756,63
408944,63
375329,63
419079,63
464057,63
379271,63
135004,63
314798,63
304338,63
557308,63
230684,63
373376,63
445545,63
461940,63
245614,63
274051,63
643017,63
102502,63
438696,63
486520,63
539061,63
100774,63
531024,63
55929,63
284292,63
103625,63
409133,63
285303,63
484581,63
38558,63
20389,63
330506,63
83795,63
209668,63
569120,63
340112,63
398357,63
173866,63
665622,63
251793,63
24229,63
265410,63
538289,63
684631,63
413361,63
268533,63
454666,63
657795,63
622095,63
675404,63
450823,63
618672,63
670403,63
435516,63
540572,63
351612,63
183668,63
506776,63
682418,63
558212,63
497585,63
309050,63
634767,63
456854,63
182821,63
84516,63
326238,63
253275,63
631697,63
383935,63
345920,63
395201,63
648259,63
119149,63
102173,63
491453,63
439752,63
587635,63
54261,63
676143,63
15154,63
668299,63
145813,63
226281,63
300231,63
54016,63
447398,63
491286,63
84793,63
491981,63
272196,63
57435,63
490098,63
371122,63
354758,63
600726,63
636691,63
553366,63
151578,63
417878,63
131167,63
559767,63
62676,63
642885,63
108327,63
210688,63
423220,63
448546,63
542513,63
656974,63
528518,63
349166,63
691071,63
129299,63
635853,63
621724,63
602242,63
585837,63
472908,63
289460,63
464766,63
326496,63
229864,63
630571,63
596925,63
69928,63
503537,63
598557,63
429332,63
290464,63
13196,63
628031,63
441647,63
183710,63
473450,63
615655,63
342680,63
550148,63
79425,63
379957,63
10021,63
545879,63
696416,63
629784,63
86878,63
493527,63
307847,63
386482,63
82039,63
25998,63
161939,63
183108,63
626243,63
540429,63
18795,63
568536,63
43818,63
383421,63
112234,63
54499,63
145604,63
243752,63
624842,63
264798,63
595181,63
574733,63
433184,63
59067,63
493028,63
373304,63
571820,63
644292,63
385273,63
426974,63
527997,63
99257,63
616240,63
607087,63
336166,63
363160,63
357595,63
392064,63
47866,63
503573,63
36243,63
419076,63
451640,63
332591,63
215403,63
486299,63
49651,63
167373,63
619990,63
278240,63
481169,63
71982,63
57369,63
571822,63
198498,63
411720,63
585789,63
3198,63
533621,63
688036,63
462902,63
231797,63
277866,63
162640,63
98710,63
90588,63
647208,63
267747,63
67533,63
149852,63
37884,63
226098,63
678100,63
139900,63
167988,63
541001,63
14631,63
446601,63
43730,63
115830,63
445080,63
351229,63
519645,63
645438,63
246307,63
251493,63
298540,63
75864,63
174244,63
244186,63
309300,63
13750,63
21653,63
384054,63
424651,63
605503,63
611180,63
640266,63
488448,63
169433,63
380043,63
96575,63
373596,63
82711,63
306693,63
145187,63
326297,63
23102,63
186106,63
443677,63
392019,63
26336,63
419997,63
24458,63
377275,63
113162,63
12964,63
278745,63
570102,63
573060,63
658532,63
421488,63
142459,63
562726,63
535852,63
448137,63
178542,63
437696,63
504165,63
185668,63
277908,63
315241,63
37083,63
212350,63
505474,63
242460,63
183383,63
466177,63
183559,63
272702,63
268856,63
636327,63
687493,63
636273,63
89294,63
408118,63
33024,63
639428,63
374949,63
33011,63
363351,63
482602,63
520529,63
463254,63
102497,63
176833,63
544103,63
408333,63
63036,63
504705,63
5489,63
446764,63
146914,63
155746,63
35432,63
456897,63
243558,63
650848,63
121146,63
670296,63
248963,63
95596,63
442460,63
336449,63
437495,63
46498,63
83477,63
416047,63
111643,63
166145,63
415660,63
113139,63
293483,63
679210,63
671999,63
44071,63
33362,63
481735,63
20797,63
588615,63
366288,63
247030,63
460433,63
441019,63
220202,63
472706,63
16363,63
448353,63
219949,63
461424,63
59066,63
117134,63
383925,63
239607,63
322674,63
406197,63
262527,63
86874,63
543408,63
604903,63
277824,63
601236,63
291442,63
256291,63
301745,63
565257,63
471677,63
217706,63
267923,63
589849,63
609603,63
463910,63
163829,63
533596,63
585549,63
73847,63
181217,63
456871,63
434689,63
107683,63
275253,63
538785,63
505364,63
146172,63
72246,63
524857,63
247757,63
525708,63
295614,63
365347,63
542069,63
562411,63
361657,63
373813,63
383834,63
249509,63
174973,63
204397,63
333612,63
373764,63
480537,63
255772,63
395084,63
429795,63
198950,63
68766,63
529377,63
600569,63
461480,63
664387,63
532631,63
89226,63
620210,63
450507,63
586738,63
7683,63
431667,63
692651,63
361383,63
422766,63
316811,63
20214,63
406438,63
435804,63
407488,63
104365,63
20755,63
76488,63
277152,63
97691,63
382595,63
337458,63
87192,63
356321,63
425289,63
599317,63
249540,63
418459,63
2011,63
232521,63
408810,63
24151,63
289261,63
456538,63
566172,63
501542,63
378052,63
456402,63
272398,63
24934,63
160072,63
285049,63
574574,63
335675,63
574575,63
88606,63
274480,63
483794,63
210137,63
619183,63
358312,63
517148,63
608478,63
358727,63
119579,63
383426,63
506654,63
311811,63
89929,63
55228,63
521304,63
140329,63
400039,63
686774,63
326940,63
527247,63
131767,63
342831,63
511503,63
656383,63
286637,63
79514,63
158481,63
658430,63
79257,63
489530,63
32122,63
451587,63
152017,63
640634,63
413199,63
91691,63
674075,63
69199,63
33719,63
129289,63
234918,63
142230,63
291209,63
396264,63
552652,63
280830,63
667324,63
45564,63
263130,63
182376,63
86277,63
429997,63
221373,63
112064,63
115112,63
375093,63
660663,63
629187,63
46700,63
166154,63
70249,63
690742,63
627530,63
207988,63
18893,63
369333,63
399485,63
263230,63
473039,63
614550,63
431952,63
100850,63
311019,63
218625,63
199609,63
543120,63
318551,63
462903,63
91054,63
176645,63
373967,63
426311,63
493824,63
372543,63
489977,63
287161,63
557416,63
536162,63
126599,63
519345,63
592380,63
681049,63
60800,63
101928,63
657310,63
497385,63
622975,63
129874,63
216293,63
446706,63
596018,63
478872,63
158625,63
440782,63
5767,63
292546,63
539771,63
394412,63
104361,63
627308,63
443133,63
263947,63
489268,63
273344,63
477873,63
164564,63
175087,63
444656,63
341744,63
461262,63
294099,63
512582,63
110914,63
171684,63
189766,63
190801,63
124605,63
609167,63
502529,63
321694,63
375630,63
434731,63
513366,63
29075,63
89994,63
248925,63
105697,63
456099,63
331900,63
222157,63
251016,63
256411,63
253570,63
209339,63
462085,63
508595,63
40299,63
328101,63
349322,63
405271,63
287550,63
91495,63
514357,63
692869,63
600367,63
399159,63
444182,63
157947,63
70921,63
527012,63
358776,63
207869,63
227744,63
682795,63
609585,63
430201,63
426783,63
695232,63
192602,63
499501,63
34934,63
600213,63
293155,63
605635,63
15533,63
29168,63
343578,63
50145,63
46841,63
30378,63
691290,63
174719,63
114283,63
412498,63
455894,63
680345,63
685310,63
37568,63
368087,63
7267,63
296094,63
513893,63
375421,63
407555,63
500293,63
438398,63
232590,63
311281,63
659966,63
103925,63
680776,63
56316,63
53364,63
562414,63
257940,63
520201,63
336838,63
267306,63
568119,63
552811,63
470136,63
24711,63
220400,63
159728,63
625290,63
519176,63
143487,63
95453,63
71457,63
237263,63
668924,63
109876,63
196331,63
102351,63
90706,63
421342,63
116336,63
257281,63
417909,63
547045,63
483436,63
294239,63
450556,63
107114,63
639506,63
519301,63
45901,63
263129,63
484643,63
397775,63
666597,63
329746,63
421253,63
262720,63
676160,63
593752,63
685322,63
476774,63
479403,63
52359,63
272147,63
99614,63
99485,63
607847,63
696297,63
668304,63
278787,63
480315,63
652032,63
378610,63
649114,63
434772,63
454173,63
621785,63
253837,63
46172,63
630256,63
664517,63
608023,63
385596,63
225736,63
55443,63
646856,63
565448,63
641700,63
12406,63
431573,63
263504,63
65605,63
343692,63
1099,63
477488,63
663537,63
376624,63
18278,63
347956,63
421363,63
45356,63
177830,63
316574,63
165736,63
265248,63
119276,63
544100,63
580743,63
45880,63
179984,63
109089,63
75628,63
292071,63
627984,63
542343,63
78405,63
524546,63
20408,63
675862,63
117288,63
659504,63
339421,63
356482,63
97259,63
94968,63
132109,63
425553,63
533922,63
7056,63
320653,63
104956,63
596146,63
23997,63
248371,63
419322,63
392790,63
448708,63
630788,63
384960,63
356984,63
648331,63
652460,63
679757,63
243133,63
652759,63
51693,63
590815,63
630057,63
403714,63
226731,63
158253,63
247426,63
604409,63
447952,63
378566,63
327171,63
373200,63
96459,63
250170,63
404264,63
658935,63
244684,63
585681,63
415995,63
142381,63
339314,63
341118,63
367209,63
534729,63
695654,63
12924,63
36728,63
531995,63
301554,63
203370,63
616204,63
193751,63
392370,63
322059,63
546999,63
678537,63
178174,63
145790,63
363220,63
80675,63
312277,63
626084,63
533949,63
261399,63
542804,63
31607,63
569055,63
470732,63
278769,63
624253,63
246712,63
178298,63
675100,63
67033,63
80902,63
52003,63
383389,63
58363,63
194404,63
573957,63
23840,63
480092,63
302361,63
140095,63
249948,63
256932,63
571519,63
77737,63
61409,63
185544,63
24813,63
431859,63
667643,63
681719,63
110764,63
167265,63
609550,63
178,63
98085,63
142423,63
379040,63
327259,63
348687,63
520817,63
201097,63
234286,63
544236,63
443935,63
400425,63
562831,63
208111,63
530644,63
38152,63
112483,63
662534,63
259906,63
322693,63
89393,63
548963,63
309804,63
359518,63
359098,63
459871,63
95375,63
24507,63
644512,63
50102,63
459448,63
643703,63
676075,63
199324,63
119710,63
523351,63
411027,63
479035,63
17660,63
366195,63
51600,63
125897,63
79849,63
235880,63
376999,63
156124,63
343698,63
110752,63
247497,63
14702,63
572934,63
279967,63
244677,63
526069,63
65683,63
62785,63
624227,63
288779,63
387125,63
137522,63
384623,63
420477,63
232356,63
567288,63
109042,63
483406,63
193763,63
676155,63
335457,63
638186,63
371219,63
286877,63
291845,63
502785,63
459047,63
275831,63
415516,63
372039,63
674107,63
545229,63
504827,63
247794,63
367916,63
124775,63
403011,63
127150,63
320706,63
22537,63
504740,63
191702,63
40040,63
548156,63
187464,63
364287,63
634480,63
14086,63
443329,63
351884,63
117570,63
448494,63
73285,63
512347,63
3391,63
518514,63
637909,63
48944,63
663260,63
403636,63
358028,63
304436,63
467319,63
8967,63
5107,63
99972,63
59541,63
162897,63
15227,63
61909,63
57070,63
290337,63
322058,63
216354,63
315955,63
549482,63
618912,63
676404,63
114522,63
40573,63
331780,63
361359,63
82791,63
221406,63
684921,63
425337,63
326116,63
291969,63
505626,63
472006,63
147107,63
430835,63
163501,63
19822,63
520035,63
295343,63
54043,63
200301,63
100432,63
484267,63
310937,63
401588,63
678318,63
255207,63
263782,63
272860,63
315983,63
356819,63
371904,63
200442,63
341712,63
664125,63
142781,63
136151,63
442454,63
660534,63
396130,63
286782,63
649871,63
623339,63
490215,63
183866,63
491117,63
375771,63
258425,63
599140,63
6422,63
526747,63
370868,63
269549,63
574121,63
575268,63
492729,63
686296,63
338842,63
603587,63
163976,63
601769,63
215269,63
314057,63
381953,63
273753,63
569384,63
141846,63
320771,63
116673,63
531564,63
202905,63
465365,63
216075,63
611083,63
586747,63
112726,63
167518,63
514657,63
252597,63
191103,63
669400,63
580139,63
28380,63
404958,63
163651,63
382594,63
224846,63
620205,63
394241,63
320236,63
176679,63
290911,63
43834,63
23895,63
192665,63
69057,63
57885,63
618117,63
304797,63
288797,63
222725,63
229302,63
680127,63
616302,63
614286,63
474427,63
224578,63
285470,63
159458,63
440353,63
167298,63
645840,63
637008,63
606315,63
245220,63
47522,63
290653,63
489542,63
403797,63
625800,63
501386,63
577229,63
149022,63
639095,63
158069,63
523980,63
209284,63
92373,63
573503,63
606445,63
180839,63
142498,63
502387,63
2512,63
453273,63
530258,63
186930,63
348480,63
630342,63
312744,63
544212,63
576377,63
502931,63
506878,63
677859,63
505167,63
389096,63
613867,63
177967,63
46383,63
257141,63
629360,63
492599,63
539469,63
314140,63
692549,63
282857,63
526656,63
151729,63
85361,63
576903,63
1874,63
617649,63
637545,63
118558,63
392854,63
362552,63
271390,63
318183,63
624849,63
395048,63
690004,63
420557,63
209554,63
216178,63
53188,63
497957,63
382318,63
494967,63
25629,63
215119,63
346253,63
602972,63
468884,63
552724,63
18909,63
4767,63
520646,63
121796,63
381833,63
94512,63
251187,63
52055,63
71584,63
387530,63
231058,63
654935,63
437497,63
260924,63
437408,63
273221,63
421482,63
388028,63
65172,63
371400,63
395322,63
671311,63
556244,63
421358,63
234975,63
600923,63
639433,63
278939,63
617682,63
577813,63
71383,63
316661,63
180411,63
658711,63
309205,63
196992,63
540466,63
443202,63
332576,63
242464,63
499248,63
671746,63
69341,63
188889,63
313473,63
629823,63
371223,63
418587,63
492446,63
407942,63
36347,63
166698,63
582163,63
157063,63
49855,63
644160,63
669988,63
454080,63
488387,63
13281,63
444553,63
451125,63
278954,63
548718,63
6279,63
511490,63
542603,63
26111,63
260240,63
509517,63
278490,63
75842,63
323319,63
352801,63
85896,63
380262,63
474336,63
579611,63
547339,63
232405,63
201953,63
162820,63
304021,63
445986,63
75650,63
471117,63
513144,63
353133,63
651978,63
423907,63
6692,63
571300,63
5869,63
543944,63
601595,63
220831,63
87783,63
159320,63
67506,63
189102,63
671603,63
470823,63
228907,63
276140,63
430498,63
657598,63
217196,63
465509,63
511910,63
482246,63
371379,63
459552,63
392737,63
440624,63
589519,63
515530,63
513317,63
6676,63
319035,63
156689,63
333343,63
282132,63
82384,63
533382,63
335870,63
225674,63
598080,63
256221,63
2042,63
194362,63
381767,63
285793,63
393963,63
451034,63
140314,63
134588,63
348473,63
100339,63
482158,63
95722,63
442823,63
337225,63
178536,63
617884,63
196501,63
162439,63
287954,63
173631,63
542658,63
65049,63
289743,63
541439,63
412066,63
505539,63
63844,63
147564,63
517049,63
492835,63
434034,63
27587,63
479312,63
571147,63
686195,63
295555,63
72916,63
568617,63
81165,63
393806,63
284529,63
209199,63
549099,63
663540,63
642511,63
148405,63
312584,63
68772,63
130298,63
26107,63
217194,63
355851,63
589061,63
198848,63
184851,63
450041,63
304714,63
578234,63
229510,63
569112,63
285713,63
565158,63
313557,63
668134,63
515434,63
561770,63
527998,63
228778,63
584102,63
19003,63
344034,63
353813,63
550473,63
507259,63
41776,63
134649,63
541033,63
250121,63
156693,63
358499,63
572441,63
555168,63
517772,63
101532,63
650088,63
274316,63
227326,63
332988,63
576131,63
328423,63
638057,63
625895,63
642153,63
653969,63
592541,63
276882,63
88596,63
353556,63
662518,63
102873,63
49490,63
63111,63
349335,63
251727,63
589896,63
252663,63
403044,63
545974,63
536037,63
612940,63
461782,63
222319,63
5354,63
370992,63
430948,63
326782,63
163056,63
222039,63
497183,63
486038,63
262299,63
542309,63
58238,63
277480,63
365188,63
693172,63
96399,63
401241,63
444340,63
619380,63
435601,63
695202,63
439822,63
403119,63
147042,63
595175,63
563389,63
507379,63
253971,63
224514,63
115479,63
70118,63
104268,63
78622,63
17324,63
617117,63
564192,63
195570,63
86574,63
658594,63
361104,63
286734,63
295378,63
376172,63
7615,63
334870,63
62076,63
460869,63
299500,63
428995,63
138768,63
475600,63
538824,63
150625,63
688931,63
240406,63
442036,63
491201,63
86104,63
393689,63
581020,63
415036,63
357822,63
158656,63
24106,63
71896,63
412053,63
379607,63
652419,63
188173,63
394681,63
60308,63
626703,63
305641,63
125605,63
81320,63
63428,63
151597,63
406529,63
536007,63
375669,63
576371,63
387738,63
420263,63
653615,63
855,63
404518,63
539366,63
127171,63
660766,63
285008,63
57862,63
345043,63
388578,63
367976,63
157218,63
59261,63
109541,63
672688,63
649516,63
408138,63
277885,63
69771,63
145867,63
349265,63
575313,63
280853,63
271594,63
236571,63
459967,63
509290,63
212585,63
652047,63
510878,63
676653,63
549460,63
626535,63
645215,63
525383,63
385473,63
27457,63
673395,63
665917,63
505321,63
542072,63
87413,63
273984,63
503514,63
22221,63
483209,63
345901,63
430197,63
457180,63
162307,63
682157,63
667261,63
607768,63
139054,63
278870,63
392115,63
645696,63
93768,63
254192,63
307668,63
516583,63
267493,63
128362,63
659893,63
158965,63
239254,63
177047,63
12227,63
677345,63
141549,63
335929,63
383013,63
257582,63
208613,63
90394,63
448408,63
222990,63
393205,63
411803,63
209455,63
359703,63
51009,63
131652,63
698779,63
577444,63
676713,63
235601,63
500186,63
449288,63
565838,63
578959,63
434657,63
141877,63
96952,63
70126,63
451531,63
29300,63
184996,63
200289,63
575470,63
504151,63
247349,63
405963,63
518474,63
697989,63
300992,63
239763,63
218056,63
264555,63
523729,63
610189,63
494818,63
461521,63
674047,63
76542,63
458093,63
617603,63
575874,63
460712,63
230470,63
636144,63
157314,63
654962,63
120201,63
107380,63
256727,63
86857,63
173309,63
223197,63
325419,63
357879,63
479820,63
306120,63
610249,63
393138,63
151840,63
155409,63
315485,63
231779,63
546282,63
272852,63
47836,63
75599,63
571333,63
262980,63
510053,63
125556,63
500441,63
289491,63
192006,63
263320,63
339216,63
588395,63
331038,63
311045,63
67623,63
297886,63
679876,63
213429,63
6238,63
127983,63
187960,63
572658,63
187341,63
66686,63
368772,63
384610,63
280462,63
250064,63
561479,63
627696,63
675646,63
459369,63
629487,63
496918,63
39346,63
320091,63
296342,63
520559,63
155305,63
249851,63
31031,63
184675,63
406209,63
601393,63
591343,63
450197,63
470161,63
659693,63
6009,63
26204,63
339446,63
483066,63
154324,63
653022,63
373833,63
564744,63
357334,63
557239,63
559132,63
476568,63
151047,63
110020,63
547216,63
597874,63
530261,63
131407,63
506410,63
261699,63
307026,63
94702,63
280072,63
512866,63
388415,63
699419,63
664773,63
641572,63
155117,63
133962,63
77318,63
470273,63
562819,63
323662,63
422209,63
152210,63
573547,63
438276,63
400042,63
356020,63
52376,63
683344,63
29027,63
536213,63
530682,63
231237,63
634771,63
671363,63
689804,63
132368,63
185462,63
521650,63
670302,63
134321,63
563201,63
446908,63
145866,63
573159,63
242212,63
248390,63
286435,63
222451,63
329898,63
567354,63
141570,63
24536,63
630853,63
334376,63
484847,63
61759,63
696042,63
403002,63
487138,63
571759,63
583527,63
669522,63
622206,63
462795,63
683966,63
35802,63
269871,63
593118,63
273921,63
680943,63
403890,63
479007,63
359120,63
687789,63
351886,63
105430,63
52465,63
686916,63
692583,63
688843,63
527077,63
694229,63
71576,63
304683,63
13439,63
257189,63
437827,63
361923,63
233113,63
306868,63
221773,63
398263,63
205862,63
697706,63
551968,63
173410,63
604077,63
51041,63
235174,63
537347,63
127646,63
689441,63
520831,63
613109,63
597972,63
644692,63
155648,63
687799,63
321797,63
232385,63
394232,63
503199,63
453897,63
277982,63
160160,63
807,63
242113,63
147896,63
316219,63
128688,63
393488,63
423327,63
369505,63
60869,63
434500,63
433497,63
382534,63
447326,63
501716,63
131017,63
86326,63
631425,63
72641,63
88268,63
564698,63
514233,63
328532,63
520462,63
515522,63
638043,63
341903,63
270871,63
120831,63
8648,63
484879,63
612662,63
483487,63
103152,63
593072,63
186480,63
635117,63
459820,63
356735,63
681994,63
181004,63
310533,63
312890,63
357284,63
190380,63
571802,63
441881,63
171043,63
341257,63
23787,63
299400,63
194219,63
357237,63
468548,63
280739,63
200798,63
493435,63
121507,63
504133,63
217315,63
39653,63
130582,63
11546,63
618910,63
553734,63
528560,63
586598,63
380017,63
220253,63
252919,63
17341,63
323288,63
42686,63
478643,63
140058,63
23468,63
201589,63
376126,63
514443,63
541913,63
236936,63
324392,63
298385,63
402103,63
566444,63
639078,63
48717,63
397337,63
391321,63
144923,63
338750,63
175225,63
539565,63
82857,63
222862,63
359511,63
17278,63
70659,63
147291,63
293533,63
191342,63
230334,63
76366,63
77089,63
59221,63
139016,63
296917,63
695527,63
440977,63
344576,63
441054,63
305646,63
1537,63
486733,63
140362,63
397193,63
337258,63
601545,63
282812,63
279867,63
87976,63
474906,63
688034,63
182923,63
317018,63
46587,63
66184,63
386000,63
627574,63
468045,63
582835,63
486564,63
157143,63
233306,63
125287,63
517742,63
321338,63
312127,63
471367,63
22104,63
219048,63
341832,63
12702,63
165603,63
139413,63
563452,63
692604,63
639788,63
28766,63
35559,63
177863,63
186752,63
159403,63
536642,63
371256,63
416869,63
73782,63
378886,63
415737,63
429482,63
263461,63
12101,63
77681,63
311044,63
18054,63
333461,63
234805,63
255136,63
143165,63
49912,63
680786,63
301288,63
420227,63
432971,63
517003,63
270995,63
345850,63
483874,63
33671,63
194006,63
593668,63
226643,63
349983,63
136378,63
289462,63
526804,63
535132,63
219681,63
346269,63
279484,63
383836,63
372637,63
255355,63
698287,63
475780,63
186735,63
486687,63
584480,63
262082,63
698054,63
672456,63
409617,63
317434,63
75852,63
645174,63
303826,63
17292,63
345236,63
536283,63
461014,63
589022,63
380054,63
29721,63
610550,63
427271,63
402843,63
104736,63
566474,63
459674,63
274479,63
632022,63
567996,63
130306,63
495048,63
573447,63
573249,63
359922,63
594043,63
496474,63
433998,63
445150,63
7330,63
43703,63
684744,63
377047,63
615284,63
669244,63
371509,63
601400,63
217239,63
628131,63
587031,63
668421,63
447931,63
491697,63
55878,63
210180,63
390484,63
252912,63
205349,63
340860,63
265732,63
111286,63
659466,63
603,63
634858,63
157434,63
63816,63
493054,63
237620,63
459983,63
415699,63
452082,63
228669,63
523253,63
479247,63
21374,63
462886,63
122476,63
21506,63
660423,63
246774,63
455348,63
695266,63
224887,63
92777,63
636833,63
645167,63
611028,63
230446,63
37870,63
615808,63
603034,63
200603,63
395308,63
160524,63
215030,63
382793,63
70224,63
191572,63
209764,63
136644,63
342137,63
611406,63
558870,63
153145,63
655477,63
581688,63
287784,63
6080,63
669958,63
608219,63
161762,63
358868,63
349351,63
476267,63
140350,63
310802,63
41680,63
194387,63
57549,63
147765,63
83723,63
693695,63
614050,63
3023,63
158457,63
454698,63
624113,63
228363,63
502284,63
186379,63
376960,63
652088,63
326270,63
178653,63
343414,63
42642,63
322980,63
601967,63
232046,63
286762,63
370087,63
291230,63
100777,63
179428,63
449884,63
433982,63
648357,63
520794,63
443046,63
369245,63
623776,63
462409,63
331294,63
682417,63
114463,63
229309,63
123853,63
434,63
586718,63
503492,63
441633,63
299892,63
694052,63
625606,63
501345,63
30596,63
516857,63
460021,63
75270,63
365059,63
300251,63
335030,63
484179,63
276527,63
151353,63
48181,63
435356,63
508648,63
623320,63
495634,63
102820,63
471119,63
640744,63
114992,63
214242,63
253554,63
469038,63
596061,63
282919,63
482352,63
243937,63
9000,63
135614,63
622672,63
215809,63
232364,63
650019,63
124073,63
637490,63
84611,63
281651,63
176461,63
13543,63
263602,63
569360,63
507111,63
533837,63
262194,63
569552,63
382615,63
688160,63
309076,63
146010,63
605762,63
271514,63
594296,63
240548,63
259057,63
290243,63
105633,63
483205,63
85907,63
21865,63
500617,63
278988,63
438930,63
601557,63
311361,63
547462,63
109205,63
319544,63
184089,63
219071,63
619459,63
250309,63
448777,63
281057,63
515310,63
23140,63
590333,63
151025,63
160435,63
461503,63
573328,63
20802,63
192551,63
626244,63
71973,63
96196,63
385949,63
111261,63
568693,63
296500,63
40113,63
229707,63
412416,63
414941,63
131750,63
235592,63
447184,63
93459,63
237587,63
475862,63
597471,63
27339,63
563196,63
180474,63
393201,63
651589,63
328323,63
268348,63
503215,63
131538,63
366366,63
350774,63
591611,63
60424,63
562476,63
471833,63
604180,63
295700,63
123291,63
128176,63
304886,63
641377,63
497571,63
316297,63
420745,63
514167,63
501026,63
281684,63
24134,63
76098,63
556907,63
310173,63
678735,63
518216,63
238620,63
641638,63
288914,63
655064,63
124776,63
368912,63
343534,63
508222,63
190709,63
265218,63
318895,63
125513,63
559390,63
456111,63
521802,63
165537,63
580034,63
584816,63
617579,63
611254,63
105100,63
23063,63
95842,63
94806,63
300966,63
400556,63
71269,63
73071,63
258683,63
173258,63
296242,63
551743,63
623627,63
499470,63
440253,63
26174,63
520480,63
291991,63
88084,63
33248,63
136303,63
411593,63
383014,63
349414,63
361294,63
34487,63
321747,63
242099,63
186537,63
228572,63
110151,63
323623,63
35322,63
517677,63
511054,63
669768,63
248594,63
6694,63
223742,63
239901,63
513921,63
326643,63
110318,63
607647,63
573758,63
342960,63
429035,63
559737,63
613221,63
409991,63
100265,63
293336,63
478909,63
357934,63
485641,63
234505,63
190900,63
375318,63
193283,63
27646,63
552286,63
465131,63
496911,63
615120,63
417452,63
183475,63
176066,63
656533,63
199116,63
295203,63
689245,63
176618,63
467520,63
155842,63
183207,63
358583,63
254511,63
471672,63
177476,63
528285,63
25886,63
577059,63
55371,63
520476,63
418145,63
666609,63
15753,63
289936,63
82654,63
447161,63
539476,63
181054,63
71709,63
162939,63
353819,63
474171,63
15730,63
325793,63
303533,63
531469,63
468518,63
280252,63
216686,63
223115,63
523478,63
671612,63
195146,63
40171,63
273970,63
161124,63
521166,63
58329,63
460013,63
339063,63
411536,63
559837,63
251784,63
359158,63
639297,63
677962,63
317708,63
698936,63
670729,63
168976,63
286731,63
18926,63
601371,63
169535,63
174070,63
302383,63
62683,63
335885,63
441689,63
291495,63
596671,63
22853,63
431405,63
14218,63
640740,63
51426,63
418927,63
596044,63
542723,63
532424,63
269673,63
111923,63
292973,63
335996,63
468751,63
541155,63
434548,63
521039,63
199722,63
337473,63
143035,63
646169,63
488452,63
92226,63
416380,63
513118,63
13993,63
47990,63
99540,63
227375,63
458573,63
422776,63
347740,63
503584,63
638230,63
254682,63
109552,63
94650,63
609960,63
129360,63
254172,63
57533,63
496866,63
628823,63
298922,63
431604,63
265842,63
317810,63
643347,63
84619,63
676291,63
121317,63
119024,63
506834,63
413252,63
237345,63
221276,63
593683,63
86730,63
618652,63
183561,63
150262,63
225459,63
613644,63
637740,63
563671,63
285430,63
696661,63
446721,63
352390,63
61460,63
184818,63
25415,63
407595,63
473573,63
35456,63
144632,63
328264,63
150291,63
13571,63
336830,63
143462,63
608017,63
255376,63
143696,63
605651,63
161094,63
570742,63
207581,63
87121,63
435401,63
602794,63
178545,63
317008,63
264179,63
680269,63
33924,63
255634,63
608239,63
548888,63
349656,63
56062,63
662475,63
446126,63
625888,63
672154,63
161255,63
303573,63
683087,63
128943,63
265680,63
237829,63
452067,63
681336,63
430154,63
448213,63
442888,63
142892,63
86399,63
95047,63
220224,63
453114,63
517173,63
632755,63
246515,63
356715,63
506696,63
607413,63
165181,63
563739,63
482905,63
416617,63
267143,63
278178,63
146083,63
533624,63
17665,63
459172,63
558532,63
618861,63
175800,63
117942,63
478916,63
683384,63
59182,63
59092,63
117638,63
471146,63
674280,63
99587,63
113895,63
64423,63
622624,63
411366,63
600323,63
71777,63
155334,63
647676,63
93118,63
444800,63
632479,63
435789,63
550095,63
315577,63
292704,63
635462,63
452680,63
696356,63
49161,63
653184,63
670050,63
171597,63
541218,63
103794,63
317051,63
258616,63
158070,63
286715,63
121623,63
221509,63
607174,63
292298,63
359137,63
657799,63
250265,63
549809,63
8625,63
150400,63
81346,63
629289,63
273106,63
39633,63
145118,63
56313,63
49947,63
470948,63
377611,63
652077,63
586845,63
430621,63
471908,63
519289,63
176772,63
677338,63
141262,63
589695,63
610933,63
100092,63
396110,63
61712,63
612343,63
292158,63
159452,63
38597,63
442107,63
8721,63
446588,63
694080,63
224577,63
549909,63
133228,63
423680,63
661000,63
476230,63
286982,63
80904,63
626818,63
136327,63
343466,63
613874,63
605211,63
590429,63
578031,63
187540,63
531382,63
108095,63
454272,63
21992,63
232810,63
557980,63
591701,63
84479,63
312078,63
615629,63
24100,63
293481,63
498492,63
287980,63
288761,63
534434,63
43072,63
299354,63
637789,63
698029,63
515818,63
429242,63
473321,63
174977,63
385831,63
605335,63
488749,63
283492,63
402835,63
244970,63
259264,63
423200,63
204061,63
432025,63
578607,63
154427,63
643137,63
127759,63
70289,63
580149,63
652990,63
36581,63
403176,63
223869,63
285727,63
683784,63
390857,63
662474,63
628277,63
472599,63
464946,63
486998,63
432228,63
327957,63
591866,63
422884,63
423496,63
55478,63
424539,63
655797,63
283235,63
530660,63
217429,63
180623,63
280964,63
680393,63
285684,63
417300,63
213832,63
605181,63
576967,63
75319,63
478812,63
552519,63
210220,63
164199,63
420708,63
191203,63
192638,63
94979,63
577787,63
490608,63
62562,63
230182,63
634506,63
684063,63
125583,63
120996,63
196566,63
477985,63
423359,63
351725,63
601408,63
359802,63
418009,63
381749,63
254280,63
578143,63
106212,63
698764,63
339380,63
255103,63
362724,63
439532,63
277803,63
450066,63
693748,63
337688,63
11294,63
444307,63
172447,63
695984,63
260276,63
351539,63
257263,63
543796,63
604102,63
152855,63
146119,63
47104,63
238881,63
57255,63
323737,63
507987,63
293026,63
81369,63
10510,63
432246,63
526120,63
83171,63
262869,63
10815,63
157597,63
532435,63
179408,63
598576,63
76020,63
595684,63
184515,63
168255,63
212264,63
320407,63
90301,63
477387,63
333550,63
417875,63
203073,63
66424,63
270475,63
575557,63
681333,63
507090,63
572386,63
326656,63
50213,63
118598,63
640655,63
482185,63
31473,63
606575,63
250750,63
108642,63
638354,63
262323,63
570542,63
210789,63
576843,63
565824,63
291629,63
307983,63
245099,63
564868,63
240440,63
691294,63
478115,63
313980,63
136237,63
270289,63
524387,63
484224,63
338258,63
678740,63
467436,63
677678,63
120495,63
646227,63
367552,63
472253,63
698530,63
188300,63
413566,63
5379,63
602433,63
162365,63
384030,63
4228,63
60837,63
569027,63
64241,63
477062,63
43833,63
227743,63
564457,63
581655,63
296772,63
447994,63
83241,63
562053,63
40674,63
595389,63
312248,63
656070,63
545965,63
519434,63
491297,63
636487,63
180969,63
478520,63
451318,63
649936,63
605344,63
684215,63
228313,63
79078,63
455711,63
369539,63
404372,63
652313,63
527782,63
218892,63
278410,63
478437,63
270201,63
406693,63
600229,63
337133,63
625016,63
362517,63
289538,63
699049,63
61809,63
472141,63
525211,63
239048,63
40535,63
28548,63
125278,63
561230,63
242787,63
308227,63
679719,63
529803,63
434945,63
685444,63
642119,63
198345,63
199888,63
161066,63
446670,63
122174,63
281466,63
431096,63
150558,63
591687,63
270762,63
239415,63
431349,63
29123,63
277453,63
234146,63
297262,63
677337,63
233620,63
528393,63
50659,63
471529,63
417518,63
405940,63
35654,63
178979,63
20440,63
348976,63
564702,63
575318,63
88366,63
236837,63
94014,63
115962,63
536046,63
179127,63
437389,63
302068,63
70543,63
317129,63
368530,63
644862,63
44174,63
649380,63
568699,63
133251,63
684539,63
686061,63
318052,63
531149,63
508268,63
455444,63
127320,63
574336,63
92565,63
267624,63
655033,63
135731,63
648447,63
349449,63
206688,63
385808,63
102706,63
650233,63
414080,63
199459,63
264379,63
363600,63
379724,63
332261,63
650641,63
572117,63
309556,63
120311,63
534326,63
209282,63
273069,63
169542,63
257258,63
597798,63
114705,63
241152,63
548625,63
53104,63
651687,63
354845,63
238218,63
309669,63
393434,63
577738,63
146288,63
617169,63
114794,63
195755,63
255995,63
443555,63
264370,63
155235,63
674751,63
334873,63
61199,63
269406,63
482153,63
164394,63
661648,63
87879,63
591840,63
90495,63
93666,63
588927,63
556165,63
695914,63
523934,63
101879,63
465158,63
243680,63
194609,63
352499,63
139341,63
314544,63
309245,63
356148,63
241945,63
370133,63
581489,63
446072,63
181618,63
75809,63
426963,63
141130,63
119050,63
144337,63
99750,63
207032,63
1595,63
113972,63
520336,63
433641,63
131794,63
463741,63
411046,63
159012,63
595536,63
354217,63
406906,63
672061,63
622892,63
245812,63
114634,63
345323,63
166595,63
49605,63
380378,63
385130,63
144616,63
342155,63
195727,63
68918,63
59853,63
73520,63
522741,63
49516,63
439716,63
256590,63
401420,63
116474,63
380178,63
161422,63
498291,63
8755,63
283148,63
22247,63
298944,63
160957,63
667585,63
421706,63
72042,63
366426,63
618318,63
675812,63
47185,63
641296,63
600164,63
219256,63
685104,63
398255,63
638284,63
200784,63
135909,63
187044,63
597873,63
119874,63
498,63
92947,63
467200,63
138185,63
126350,63
4573,63
321621,63
426985,63
597276,63
346204,63
136274,63
83485,63
547130,63
449370,63
264738,63
590427,63
188430,63
464838,63
414928,63
515885,63
305365,63
289545,63
539955,63
696757,63
190953,63
96015,63
456463,63
258430,63
388380,63
502012,63
568356,63
688346,63
239781,63
358346,63
236299,63
678045,63
66041,63
235618,63
612056,63
276933,63
376441,63
6036,63
152698,63
348505,63
347264,63
549335,63
677238,63
322556,63
41662,63
309270,63
660253,63
433768,63
210722,63
100753,63
490180,63
372900,63
599548,63
688870,63
116834,63
258808,63
607266,63
197255,63
75276,63
520188,63
474756,63
298496,63
654968,63
645022,63
511761,63
164101,63
649481,63
262775,63
253924,63
524048,63
342630,63
474645,63
238439,63
405225,63
251565,63
168971,63
604460,63
40980,63
28607,63
591646,63
598683,63
141396,63
243181,63
137398,63
56729,63
574132,63
286308,63
188692,63
203547,63
587618,63
404442,63
679056,63
471629,63
363053,63
287377,63
534317,63
193780,63
117525,63
504517,63
446326,63
483222,63
199285,63
207856,63
633942,63
522862,63
508343,63
352169,63
485192,63
484247,63
409414,63
43628,63
488963,63
34016,63
453754,63
356352,63
147887,63
334940,63
108013,63
605737,63
345825,63
68567,63
642626,63
470459,63
422599,63
612675,63
619187,63
88057,63
13848,63
122797,63
140600,63
211341,63
136386,63
154239,63
496998,63
487903,63
636462,63
558783,63
248004,63
486089,63
57888,63
412904,63
686194,63
609556,63
628775,63
668737,63
685253,63
5752,63
666121,63
293728,63
324267,63
550872,63
525960,63
567099,63
552392,63
26827,63
471615,63
692954,63
651539,63
555182,63
466659,63
637468,63
89398,63
361569,63
362569,63
120903,63
317257,63
540103,63
134935,63
88128,63
652045,63
621341,63
298498,63
200222,63
674661,63
178955,63
228084,63
81586,63
66991,63
43857,63
475229,63
485209,63
592231,63
476256,63
237716,63
18881,63
395209,63
165411,63
214936,63
129779,63
355857,63
50130,63
677437,63
175273,63
572282,63
514005,63
221465,63
578725,63
428109,63
258260,63
5437,63
363205,63
677139,63
609460,63
36730,63
558057,63
227598,63
337646,63
374961,63
646207,63
167575,63
603662,63
481175,63
135419,63
297328,63
617828,63
14455,63
694867,63
459392,63
681432,63
604774,63
560045,63
443470,63
634366,63
439920,63
106065,63
81938,63
164991,63
55296,63
131630,63
349605,63
532010,63
154749,63
370753,63
633673,63
187593,63
80759,63
578049,63
458721,63
406641,63
443983,63
426292,63
163404,63
297323,63
584580,63
324165,63
363321,63
591965,63
237507,63
161734,63
229395,63
424100,63
195940,63
628091,63
308913,63
559151,63
396987,63
625838,63
58762,63
387034,63
388880,63
658638,63
137954,63
274067,63
9386,63
544785,63
292638,63
473142,63
102383,63
667529,63
521679,63
533445,63
167771,63
176395,63
575093,63
140674,63
213527,63
216118,63
13570,63
390461,63
438333,63
402738,63
142250,63
546895,63
23548,63
76397,63
609273,63
463927,63
650199,63
306736,63
134717,63
450602,63
451593,63
424563,63
569009,63
671387,63
118819,63
472254,63
105328,63
417923,63
549787,63
271512,63
549402,63
577184,63
384785,63
530512,63
270733,63
331340,63
137017,63
563912,63
605578,63
531343,63
345361,63
3242,63
196615,63
264231,63
392519,63
295966,63
311127,63
269801,63
628497,63
548255,63
505513,63
372712,63
410296,63
180907,63
213561,63
385861,63
466785,63
77648,63
383155,63
577407,63
134331,63
553013,63
6498,63
524197,63
236490,63
188020,63
696717,63
367584,63
41341,63
283950,63
588343,63
446244,63
166999,63
492001,63
139766,63
537820,63
515636,63
624905,63
79130,63
350107,63
391080,63
28926,63
644606,63
470456,63
26353,63
492401,63
43143,63
570455,63
467008,63
447844,63
184959,63
335779,63
24443,63
470943,63
676306,63
499278,63
288102,63
279082,63
646311,63
273876,63
132154,63
371683,63
278392,63
122160,63
686745,63
392918,63
18036,63
11053,63
61607,63
26877,63
429479,63
102052,63
569635,63
692089,63
226317,63
180835,63
224589,63
619812,63
674937,63
643729,63
1045,63
380321,63
378673,63
18306,63
244942,63
313658,63
465148,63
520557,63
134298,63
226112,63
67058,63
350273,63
238065,63
602425,63
570132,63
82573,63
423481,63
554968,63
409684,63
457260,63
94427,63
33668,63
632647,63
654208,63
178637,63
413030,63
89440,63
218774,63
646205,63
678462,63
495871,63
489697,63
82043,63
566110,63
644108,63
71451,63
250416,63
563761,63
397462,63
134225,63
282520,63
415042,63
149419,63
363837,63
500729,63
652173,63
456464,63
376271,63
349030,63
393655,63
694937,63
118826,63
639452,63
63359,63
282102,63
113360,63
671235,63
621331,63
66392,63
479361,63
88819,63
254411,63
696889,63
165932,63
666390,63
600456,63
512473,63
379786,63
441081,63
313243,63
195073,63
34195,63
105661,63
22674,63
486809,63
662113,63
174402,63
46143,63
686602,63
468050,63
495584,63
475936,63
102039,63
153309,63
39600,63
451896,63
17436,63
313110,63
692365,63
132596,63
503264,63
497548,63
170663,63
147815,63
240747,63
655919,63
575781,63
263173,63
667158,63
518780,63
450490,63
235922,63
417622,63
431208,63
204363,63
650764,63
236015,63
226506,63
285284,63
336699,63
648494,63
315433,63
226219,63
531865,63
315299,63
380521,63
392696,63
62824,63
39327,63
622136,63
486833,63
428110,63
319633,63
290180,63
126069,63
445630,63
504581,63
477451,63
533309,63
201431,63
606240,63
462184,63
682717,63
313374,63
423328,63
238118,63
647056,63
207590,63
162110,63
613541,63
438708,63
88915,63
371501,63
456539,63
464101,63
180692,63
305163,63
577032,63
46374,63
638666,63
459501,63
232942,63
408772,63
25814,63
446620,63
75615,63
666213,63
507731,63
188652,63
141626,63
239791,63
409375,63
50137,63
227933,63
45585,63
595940,63
681718,63
673442,63
320453,63
365401,63
323973,63
222194,63
506105,63
462657,63
265326,63
34066,63
89885,63
60584,63
303261,63
400653,63
107151,63
476188,63
681643,63
86614,63
523465,63
248259,63
114665,63
51909,63
692907,63
377585,63
67583,63
219610,63
321108,63
321955,63
540814,63
592826,63
55424,63
367348,63
234972,63
597410,63
671457,63
63549,63
507743,63
485507,63
249877,63
540061,63
242852,63
107734,63
495517,63
323429,63
145993,63
199343,63
409099,63
1119,63
573914,63
306434,63
276103,63
533557,63
161697,63
298008,63
597163,63
515071,63
602431,63
217028,63
264276,63
133187,63
253786,63
295907,63
62044,63
284206,63
68998,63
607621,63
656843,63
574537,63
311161,63
151538,63
135130,63
698261,63
22291,63
199256,63
171868,63
158480,63
280488,63
148824,63
143935,63
483998,63
445062,63
538276,63
182298,63
320194,63
342731,63
639999,63
221699,63
30465,63
347902,63
405019,63
551618,63
462808,63
207359,63
64728,63
86631,63
12514,63
628339,63
237277,63
87086,63
196677,63
259371,63
28075,63
224960,63
677080,63
67290,63
691312,63
149374,63
584276,63
11879,63
201389,63
583851,63
532883,63
36460,63
2515,63
554963,63
635647,63
235658,63
619923,63
572163,63
422493,63
509446,63
570978,63
366954,63
91685,63
595093,63
14650,63
89030,63
195158,63
549330,63
488992,63
691885,63
595145,63
383,63
417234,63
633514,63
336046,63
619652,63
232072,63
367943,63
370189,63
692754,63
76792,63
670447,63
414373,63
484572,63
216462,63
587590,63
181165,63
279833,63
667430,63
281262,63
85442,63
17219,63
165432,63
275943,63
669894,63
462007,63
164573,63
606859,63
595953,63
481956,63
398209,63
683883,63
137573,63
449792,63
654591,63
189286,63
441045,63
482739,63
492303,63
195861,63
538454,63
115798,63
494244,63
493677,63
249673,63
155350,63
615943,63
442523,63
297653,63
479817,63
303158,63
350275,63
114960,63
354501,63
101415,63
439704,63
516801,63
517405,63
83328,63
605143,63
151972,63
384162,63
463974,63
118687,63
355188,63
319054,63
508455,63
354608,63
413631,63
364923,63
189371,63
557803,63
114929,63
385140,63
617403,63
544354,63
367934,63
611279,63
105034,63
528786,63
159546,63
461302,63
164689,63
112336,63
78220,63
187760,63
217009,63
265142,63
576806,63
281736,63
268168,63
571603,63
195580,63
27162,63
434803,63
689421,63
495187,63
157923,63
184499,63
192315,63
23278,63
211551,63
163637,63
624108,63
478634,63
137777,63
231132,63
635668,63
119282,63
636070,63
610929,63
657834,63
396217,63
607250,63
641754,63
603744,63
194094,63
373504,63
644781,63
386263,63
24498,63
238500,63
561159,63
663125,63
650640,63
549830,63
346486,63
223397,63
514522,63
416796,63
159614,63
130328,63
645200,63
413132,63
630124,63
382094,63
267811,63
7165,63
494257,63
497600,63
646267,63
274061,63
686219,63
520018,63
24380,63
163660,63
375346,63
340373,63
416161,63
345074,63
450449,63
622273,63
90709,63
478211,63
409027,63
620914,63
394635,63
199060,63
284149,63
349034,63
449816,63
593417,63
625967,63
531079,63
19229,63
534876,63
142639,63
390063,63
316534,63
146167,63
549483,63
497537,63
142468,63
450218,63
1695,63
605982,63
260206,63
21007,63
76075,63
68965,63
461122,63
667119,63
29236,63
496337,63
152292,63
368128,63
451737,63
142186,63
408485,63
40851,63
434856,63
560115,63
258743,63
390664,63
157714,63
124111,63
413629,63
482372,63
288986,63
387219,63
455367,63
391493,63
590431,63
314660,63
182350,63
425226,63
353787,63
373972,63
168722,63
358298,63
477221,63
498679,63
231674,63
211080,63
395398,63
374615,63
670630,63
49321,63
379626,63
195718,63
616796,63
686680,63
403371,63
81037,63
144163,63
303861,63
231581,63
119362,63
6478,63
591019,63
380467,63
525008,63
521722,63
286645,63
90937,63
297310,63
331082,63
449891,63
27373,63
580903,63
501353,63
72125,63
260658,63
414936,63
670698,63
156729,63
266627,63
214143,63
694482,63
628543,63
567152,63
204051,63
313906,63
586023,63
344208,63
610400,63
221468,63
225771,63
164507,63
7382,63
624727,63
481904,63
425934,63
16431,63
364245,63
257896,63
444145,63
617063,63
91411,63
647535,63
283881,63
211300,63
333584,63
695336,63
15751,63
310185,63
85024,63
467821,63
307886,63
180937,63
272960,63
532482,63
428394,63
533661,63
59366,63
104880,63
79767,63
159569,63
653743,63
260252,63
537394,63
675704,63
606727,63
345404,63
481642,63
239493,63
416418,63
239766,63
451590,63
468733,63
694737,63
312469,63
419432,63
393176,63
526215,63
683914,63
402014,63
100872,63
363515,63
639438,63
505883,63
189818,63
433559,63
140110,63
685048,63
165396,63
176209,63
190779,63
111706,63
41164,63
17368,63
12844,63
114121,63
427575,63
653059,63
372658,63
484064,63
469618,63
140828,63
355289,63
450832,63
448472,63
217785,63
629806,63
219288,63
333561,63
376331,63
279192,63
160143,63
459901,63
117362,63
269199,63
119691,63
455295,63
14976,63
540109,63
440580,63
568910,63
138764,63
39701,63
13894,63
693561,63
248297,63
294571,63
249847,63
320812,63
463730,63
673626,63
340298,63
181818,63
457873,63
554768,63
572173,63
343276,63
312218,63
579348,63
683299,63
409072,63
421820,63
487078,63
67275,63
477384,63
428920,63
26713,63
180206,63
105229,63
459514,63
294559,63
160092,63
95236,63
170205,63
375170,63
411486,63
13864,63
491698,63
354548,63
113528,63
513878,63
48471,63
577709,63
692003,63
289978,63
673477,63
158877,63
566749,63
696275,63
130013,63
674134,63
116888,63
220885,63
619933,63
685440,63
565321,63
68494,63
231623,63
174188,63
239150,63
447814,63
284652,63
153839,63
167617,63
481305,63
242572,63
264757,63
437643,63
230210,63
238438,63
100927,63
73099,63
449501,63
140797,63
90309,63
289051,63
37470,63
448812,63
6411,63
150356,63
144253,63
397153,63
92615,63
688834,63
529890,63
321760,63
269057,63
426191,63
346011,63
329322,63
442048,63
205700,63
534205,63
565072,63
83539,63
420265,63
141604,63
127793,63
440500,63
692088,63
468624,63
88952,63
572300,63
543889,63
558167,63
94093,63
540656,63
117413,63
26173,63
342026,63
425350,63
391758,63
288228,63
101229,63
360408,63
200341,63
362604,63
178281,63
481438,63
48176,63
264863,63
511967,63
303935,63
27097,63
562124,63
613555,63
538290,63
435903,63
139525,63
43157,63
561199,63
662579,63
678378,63
261495,63
630654,63
593264,63
603705,63
593239,63
575969,63
55160,63
526488,63
269001,63
183117,63
355119,63
22071,63
574331,63
531907,63
362982,63
519934,63
384099,63
414358,63
687948,63
360204,63
113163,63
535024,63
586204,63
586831,63
228565,63
653132,63
378960,63
672529,63
336038,63
53996,63
619257,63
519428,63
99693,63
696910,63
377400,63
87753,63
424164,63
696435,63
351222,63
215279,63
280297,63
547793,63
413116,63
198687,63
29566,63
301765,63
201702,63
597880,63
372425,63
549102,63
327525,63
145868,63
43347,63
461547,63
529218,63
477347,63
186140,63
569573,63
206623,63
210815,63
610317,63
619226,63
523421,63
573501,63
80388,63
300274,63
588748,63
368653,63
311190,63
650135,63
45551,63
476872,63
214743,63
361856,63
378726,63
630112,63
385981,63
54740,63
429339,63
343224,63
612805,63
520797,63
497551,63
357520,63
372515,63
258148,63
555577,63
361327,63
499328,63
448052,63
364872,63
423964,63
595336,63
287222,63
115937,63
136732,63
287020,63
396869,63
33239,63
118277,63
275941,63
219479,63
104676,63
580097,63
472077,63
217252,63
243231,63
123790,63
698008,63
225134,63
151249,63
588646,63
298196,63
693603,63
295512,63
99299,63
688087,63
688095,63
247689,63
603182,63
118844,63
338823,63
88463,63
392931,63
513620,63
33460,63
521211,63
381198,63
572811,63
580650,63
563261,63
585231,63
467067,63
234949,63
97981,63
551018,63
243067,63
338380,63
106424,63
243293,63
196351,63
363717,63
384228,63
183118,63
430183,63
329065,63
674115,63
241103,63
60191,63
5510,63
451969,63
461049,63
643734,63
533778,63
98103,63
518399,63
74933,63
508602,63
337153,63
621462,63
467088,63
190897,63
171827,63
58267,63
386358,63
686277,63
502203,63
243578,63
635204,63
439076,63
667127,63
591582,63
251621,63
93695,63
575686,63
158980,63
168764,63
157821,63
13580,63
319764,63
407422,63
412628,63
461801,63
336350,63
59195,63
135358,63
234145,63
468749,63
495315,63
241899,63
45900,63
406735,63
425749,63
497482,63
601220,63
60718,63
604073,63
43056,63
94249,63
244609,63
475778,63
523337,63
645678,63
91473,63
380514,63
468342,63
54125,63
605422,63
417514,63
266500,63
342537,63
688062,63
356863,63
572525,63
649693,63
535643,63
592328,63
561235,63
583785,63
18127,63
295202,63
108473,63
195569,63
210322,63
48628,63
573301,63
322445,63
619034,63
322001,63
647569,63
496008,63
137722,63
418818,63
167766,63
368258,63
111160,63
629370,63
35994,63
428178,63
189128,63
366119,63
628977,63
691761,63
479979,63
465360,63
443325,63
430462,63
424914,63
577984,63
108469,63
655578,63
415763,63
501096,63
167906,63
126991,63
315219,63
508451,63
3398,63
371425,63
230255,63
361986,63
45428,63
697534,63
668281,63
319205,63
492538,63
661859,63
535704,63
276559,63
514658,63
23045,63
645002,63
628167,63
288765,63
320615,63
400330,63
470741,63
508740,63
434693,63
309650,63
469444,63
116670,63
381357,63
574552,63
431685,63
288229,63
598067,63
638215,63
521225,63
180666,63
360808,63
126065,63
26067,63
71002,63
215832,63
232795,63
111159,63
44819,63
583776,63
301091,63
600083,63
125568,63
551588,63
455654,63
129101,63
522269,63
88302,63
485787,63
230268,63
30391,63
684112,63
264592,63
280025,63
339788,63
497197,63
60731,63
73087,63
642308,63
574757,63
512537,63
312835,63
38236,63
27336,63
198995,63
392476,63
202332,63
430786,63
180319,63
102606,63
177310,63
241227,63
130651,63
354828,63
128643,63
32613,63
90877,63
636170,63
422095,63
369762,63
447200,63
666540,63
73027,63
557130,63
355865,63
75099,63
484472,63
668481,63
121849,63
215272,63
220402,63
555604,63
177306,63
549265,63
131659,63
678058,63
240804,63
436711,63
558901,63
123233,63
50836,63
578583,63
608319,63
672980,63
407249,63
423519,63
487610,63
434028,63
511178,63
263350,63
543285,63
684853,63
613385,63
173758,63
448130,63
666488,63
382772,63
525264,63
556011,63
251668,63
290217,63
213337,63
17928,63
275396,63
502770,63
296412,63
358328,63
217647,63
350634,63
279393,63
509102,63
398300,63
417338,63
537579,63
442984,63
296541,63
238354,63
577645,63
24262,63
28377,63
339954,63
560560,63
225702,63
137849,63
387870,63
508644,63
585245,63
687410,63
169556,63
670445,63
111603,63
140816,63
80812,63
477396,63
209870,63
321855,63
313392,63
527376,63
395582,63
227846,63
319616,63
19877,63
557284,63
624005,63
248437,63
190865,63
394027,63
309655,63
676072,63
102424,63
6627,63
646212,63
384533,63
527627,63
190655,63
99590,63
294321,63
161213,63
432017,63
332627,63
611182,63
621382,63
374919,63
516491,63
307080,63
656698,63
526851,63
379391,63
249082,63
510998,63
22393,63
128405,63
213378,63
561415,63
274801,63
331171,63
439171,63
658768,63
458543,63
658126,63
185446,63
340235,63
537267,63
292683,63
31823,63
354321,63
337179,63
321516,63
389706,63
532750,63
4965,63
84274,63
52083,63
681629,63
259909,63
62252,63
42780,63
679575,63
479392,63
116877,63
269220,63
502426,63
604603,63
671971,63
647275,63
114078,63
260588,63
406982,63
99374,63
545494,63
118629,63
168147,63
108699,63
438466,63
614147,63
692832,63
22911,63
287493,63
351701,63
586121,63
393962,63
226356,63
387179,63
253575,63
638436,63
468200,63
370046,63
417604,63
183809,63
401659,63
225505,63
33468,63
357570,63
6504,63
473728,63
115186,63
340185,63
163868,63
673587,63
4874,63
110579,63
3847,63
74001,63
619750,63
1522,63
137512,63
99126,63
348206,63
49525,63
198481,63
425642,63
341829,63
422367,63
627952,63
45769,63
406498,63
482318,63
114777,63
572223,63
288336,63
321452,63
338415,63
70999,63
294998,63
151936,63
178566,63
131895,63
282105,63
71406,63
206592,63
494939,63
591279,63
7244,63
301530,63
362708,63
248023,63
506423,63
292363,63
421733,63
253868,63
33669,63
186417,63
429995,63
19534,63
651855,63
83662,63
180934,63
409866,63
28743,63
260869,63
666633,63
578393,63
8512,63
451362,63
415205,63
493929,63
410762,63
419870,63
105645,63
329332,63
281471,63
331694,63
391454,63
117706,63
422186,63
200926,63
491021,63
64967,63
549411,63
302791,63
372659,63
85440,63
23560,63
57511,63
65101,63
289331,63
192767,63
440249,63
646193,63
433211,63
223418,63
86113,63
509516,63
205993,63
597364,63
9374,63
466669,63
630530,63
677477,63
408648,63
304124,63
539166,63
432673,63
525195,63
670231,63
256808,63
462623,63
27539,63
576589,63
412519,63
30370,63
573549,63
531629,63
194144,63
330588,63
262701,63
551885,63
500761,63
671379,63
349049,63
547912,63
538532,63
228852,63
319350,63
14808,63
159435,63
32901,63
200108,63
272513,63
414432,63
512250,63
247210,63
118551,63
521832,63
49951,63
36100,63
478570,63
434065,63
621831,63
537696,63
547381,63
268789,63
593422,63
449611,63
332476,63
155363,63
34118,63
627706,63
516335,63
428288,63
292856,63
66251,63
371806,63
605645,63
292884,63
686160,63
677062,63
614626,63
188376,63
564381,63
30994,63
410038,63
192176,63
661807,63
514971,63
470423,63
618767,63
662818,63
359034,63
300259,63
506372,63
689505,63
334941,63
56352,63
1514,63
55848,63
473106,63
413625,63
215207,63
309068,63
676309,63
564650,63
631396,63
1343,63
567095,63
292069,63
642778,63
388177,63
608215,63
237389,63
587713,63
285813,63
572996,63
647236,63
546696,63
135722,63
278751,63
403864,63
352825,63
310880,63
43503,63
681289,63
65634,63
689572,63
43493,63
158423,63
625297,63
651611,63
328992,63
675590,63
220258,63
607074,63
494430,63
380595,63
479792,63
670036,63
100789,63
169931,63
28245,63
287955,63
676545,63
242880,63
189117,63
545279,63
501086,63
392176,63
447008,63
562507,63
693641,63
119399,63
148714,63
588562,63
422025,63
331707,63
45241,63
226655,63
207148,63
112063,63
220214,63
67695,63
190843,63
88750,63
463208,63
109612,63
283878,63
525835,63
281986,63
262550,63
172033,63
391380,63
197224,63
87670,63
318007,63
4472,63
171617,63
283765,63
141010,63
386235,63
593740,63
553975,63
69307,63
404324,63
546888,63
438001,63
162071,63
459075,63
525847,63
662846,63
4896,63
223666,63
413636,63
595210,63
237073,63
637844,63
512483,63
622316,63
344088,63
677555,63
2580,63
290886,63
679664,63
92827,63
144073,63
437996,63
330943,63
467627,63
462103,63
414013,63
202229,63
136623,63
397425,63
674448,63
290980,63
449950,63
382708,63
489385,63
418874,63
599836,63
149047,63
311766,63
245100,63
548025,63
579001,63
227548,63
328743,63
443116,63
508354,63
398226,63
591710,63
230877,63
635426,63
33293,63
435311,63
537367,63
143430,63
3949,63
308029,63
554388,63
344260,63
273701,63
136597,63
99345,63
400879,63
283216,63
383109,63
170918,63
523161,63
34295,63
401095,63
326150,63
260905,63
379758,63
370833,63
691795,63
683699,63
14035,63
464982,63
355922,63
533001,63
41481,63
588281,63
171577,63
501618,63
101621,63
268938,63
552972,63
122032,63
32833,63
187014,63
431534,63
248656,63
406958,63
609826,63
585209,63
282895,63
356818,63
144741,63
615527,63
371378,63
625292,63
533495,63
672772,63
319215,63
376300,63
688840,63
650917,63
348743,63
386040,63
605889,63
649433,63
317030,63
86684,63
440499,63
530088,63
159451,63
296587,63
237376,63
185169,63
59422,63
602215,63
120366,63
108161,63
296118,63
42831,63
639092,63
375684,63
251007,63
104422,63
672378,63
126190,63
123106,63
288179,63
291962,63
275148,63
411795,63
284872,63
170938,63
108114,63
4449,63
686778,63
9810,63
578866,63
143761,63
547774,63
191693,63
338970,63
327811,63
28081,63
475421,63
682618,63
617457,63
557922,63
436781,63
41091,63
507717,63
575654,63
88743,63
413831,63
344566,63
330577,63
433844,63
497378,63
698898,63
147882,63
233481,63
333796,63
595328,63
355170,63
642866,63
661456,63
328319,63
230546,63
411686,63
606904,63
423034,63
669551,63
94287,63
98112,63
382186,63
309903,63
600635,63
58481,63
166692,63
562395,63
418466,63
166545,63
352113,63
654325,63
412908,63
202202,63
201201,63
510568,63
551206,63
629785,63
75586,63
398056,63
213221,63
164202,63
311078,63
105623,63
408741,63
595281,63
96589,63
277883,63
591703,63
575641,63
124762,63
315426,63
555890,63
110314,63
469249,63
445587,63
485671,63
125245,63
350025,63
559759,63
517942,63
57659,63
571816,63
416449,63
394025,63
273374,63
383632,63
17181,63
577680,63
536714,63
491501,63
489096,63
578639,63
356630,63
21748,63
609189,63
495408,63
82217,63
465975,63
65080,63
87081,63
264869,63
361202,63
691379,63
249963,63
594424,63
264238,63
511335,63
162978,63
414438,63
595385,63
631001,63
389011,63
365742,63
301180,63
71243,63
450108,63
559516,63
174933,63
442489,63
332995,63
620311,63
546653,63
512841,63
458039,63
295876,63
7340,63
650631,63
470283,63
681686,63
37104,63
259255,63
44467,63
392454,63
621384,63
183321,63
690413,63
474181,63
277501,63
488766,63
218424,63
189306,63
648882,63
79595,63
39640,63
585612,63
587493,63
456894,63
219649,63
219470,63
664747,63
31696,63
327686,63
282759,63
257571,63
267966,63
328410,63
203294,63
53005,63
135902,63
120381,63
230784,63
270735,63
131751,63
111183,63
21460,63
36373,63
157490,63
426515,63
445884,63
612454,63
398674,63
686592,63
225703,63
230006,63
489082,63
503869,63
214572,63
150791,63
608653,63
391075,63
378117,63
659736,63
327458,63
27222,63
635849,63
552109,63
106935,63
11876,63
417138,63
87987,63
489093,63
676448,63
371236,63
491902,63
410145,63
544542,63
575787,63
310438,63
635459,63
158135,63
437942,63
318562,63
514302,63
123556,63
314924,63
54425,63
631187,63
559685,63
272931,63
286023,63
546667,63
348513,63
470910,63
171212,63
482079,63
645543,63
283844,63
453152,63
588628,63
72305,63
11131,63
251226,63
165883,63
140708,63
605369,63
622551,63
250530,63
113544,63
431668,63
663888,63
120287,63
623223,63
464108,63
373516,63
45519,63
273189,63
362554,63
689838,63
550880,63
357085,63
65828,63
526814,63
654676,63
303739,63
467572,63
190567,63
336429,63
263444,63
660549,63
493601,63
149262,63
552484,63
266526,63
298257,63
469312,63
684960,63
530590,63
357259,63
110527,63
600612,63
35709,63
410103,63
200404,63
126803,63
674242,63
446727,63
677125,63
51655,63
96132,63
424517,63
41850,63
532406,63
151483,63
279430,63
229965,63
688,63
669535,63
627253,63
371625,63
165472,63
333751,63
357503,63
698244,63
62434,63
326790,63
558964,63
20206,63
562167,63
444127,63
426914,63
578595,63
224076,63
289201,63
467462,63
676477,63
94479,63
510233,63
483326,63
389178,63
121436,63
414795,63
311011,63
344878,63
286326,63
376064,63
450609,63
612110,63
623060,63
88935,63
610352,63
238359,63
459666,63
331237,63
540919,63
453916,63
388283,63
529197,63
276030,63
199932,63
621655,63
18407,63
457575,63
10645,63
206096,63
647815,63
528920,63
91908,63
59726,63
324805,63
496381,63
238848,63
350197,63
682780,63
672948,63
481446,63
102566,63
144647,63
554555,63
685842,63
538823,63
15553,63
376860,63
75136,63
476644,63
410592,63
88170,63
144965,63
479488,63
538220,63
538603,63
62712,63
162421,63
161074,63
489612,63
686446,63
22096,63
682651,63
463233,63
237001,63
111222,63
87921,63
539874,63
412814,63
249946,63
612885,63
627689,63
48401,63
580472,63
593363,63
503616,63
350232,63
229795,63
635875,63
647856,63
558925,63
184346,63
27051,63
79697,63
530592,63
186224,63
696659,63
413819,63
621705,63
84400,63
264628,63
197576,63
553351,63
237972,63
623754,63
320213,63
450880,63
444357,63
479421,63
565797,63
8069,63
278115,63
2421,63
531723,63
249885,63
346485,63
447481,63
606092,63
401978,63
122137,63
542398,63
79451,63
120207,63
384978,63
652455,63
110409,63
397953,63
233852,63
446896,63
184887,63
132948,63
207349,63
413952,63
285105,63
185769,63
171551,63
476342,63
460193,63
417816,63
576148,63
258975,63
573039,63
567267,63
614854,63
497882,63
288735,63
368575,63
227214,63
260895,63
652154,63
531756,63
317357,63
159564,63
255433,63
18038,63
506507,63
555694,63
214068,63
233385,63
38997,63
132238,63
234195,63
399946,63
531956,63
199614,63
408824,63
384532,63
278258,63
146282,63
195223,63
279230,63
164712,63
332849,63
609568,63
639162,63
604740,63
558388,63
357068,63
121987,63
598017,63
488756,63
652434,63
376181,63
323047,63
498880,63
459263,63
184431,63
166548,63
339651,63
19679,63
560133,63
202358,63
406623,63
449828,63
623907,63
300245,63
235051,63
33435,63
364012,63
165842,63
349272,63
497861,63
638032,63
16761,63
202256,63
30056,63
152313,63
558408,63
192717,63
45736,63
690636,63
667801,63
465260,63
645320,63
428384,63
163597,63
293488,63
573655,63
623747,63
127953,63
375839,63
247598,63
291666,63
443640,63
372663,63
40757,63
131567,63
641800,63
252317,63
323943,63
593481,63
274054,63
156885,63
500762,63
471390,63
186448,63
15503,63
696699,63
204903,63
4346,63
481426,63
665527,63
208719,63
498157,63
24992,63
226824,63
541138,63
596464,63
165745,63
633397,63
56535,63
144797,63
509183,63
201223,63
643950,63
17746,63
645188,63
347364,63
521065,63
664714,63
205478,63
261244,63
103485,63
1006,63
22447,63
453605,63
211749,63
10818,63
478962,63
235550,63
35204,63
689799,63
153640,63
350667,63
220881,63
362937,63
52698,63
325615,63
247943,63
653699,63
34320,63
120360,63
287146,63
458618,63
21861,63
498513,63
508775,63
628657,63
293564,63
155968,63
683034,63
24466,63
540444,63
579721,63
91268,63
253078,63
399850,63
370927,63
217914,63
237783,63
235789,63
489443,63
295036,63
371570,63
647129,63
235167,63
583010,63
692817,63
210340,63
223459,63
524413,63
137876,63
409881,63
445359,63
49756,63
278532,63
403513,63
53573,63
249955,63
559191,63
48825,63
182419,63
42610,63
274017,63
306068,63
269858,63
352301,63
34868,63
278497,63
128725,63
195005,63
383059,63
510746,63
208464,63
183448,63
33272,63
581221,63
485187,63
449049,63
331295,63
689364,63
67934,63
110154,63
502045,63
454609,63
298089,63
162902,63
292781,63
144543,63
512280,63
140917,63
313298,63
491047,63
248201,63
207429,63
294788,63
351076,63
294297,63
454432,63
127503,63
667231,63
78591,63
297719,63
549162,63
595717,63
631293,63
414076,63
148112,63
386382,63
24372,63
512103,63
565781,63
572349,63
34104,63
11935,63
552142,63
285736,63
524799,63
155198,63
649410,63
378412,63
505120,63
136748,63
25294,63
460955,63
587056,63
552839,63
6296,63
140709,63
516349,63
157687,63
277794,63
53313,63
647921,63
297408,63
396807,63
61248,63
119603,63
635917,63
443969,63
276611,63
366393,63
685066,63
682589,63
43446,63
384200,63
354645,63
318940,63
139344,63
159952,63
324181,63
147831,63
652401,63
210714,63
450482,63
293700,63
677278,63
212632,63
535822,63
448831,63
539456,63
575509,63
608426,63
660490,63
696930,63
148487,63
310160,63
551260,63
14380,63
501140,63
283970,63
288714,63
672850,63
581689,63
570433,63
226077,63
45676,63
138616,63
130979,63
205306,63
155060,63
15945,63
382236,63
350521,63
486045,63
94283,63
141376,63
411682,63
348292,63
320754,63
4654,63
344061,63
696606,63
235112,63
311097,63
630436,63
78924,63
543223,63
330368,63
62114,63
23326,63
471061,63
376232,63
301156,63
395644,63
374940,63
558938,63
684820,63
203769,63
5848,63
646994,63
504902,63
559556,63
330100,63
487065,63
134385,63
227044,63
672253,63
353806,63
551962,63
474941,63
447977,63
86512,63
309168,63
645455,63
306119,63
582881,63
98548,63
651826,63
154473,63
236738,63
111083,63
403034,63
275767,63
608565,63
132784,63
61731,63
42088,63
299559,63
331981,63
20182,63
420103,63
224962,63
446593,63
635289,63
129460,63
378073,63
352621,63
53648,63
483489,63
542940,63
342018,63
514169,63
327648,63
168866,63
476155,63
64172,63
228933,63
192499,63
470606,63
17650,63
598442,63
528136,63
493846,63
67999,63
277031,63
323120,63
232568,63
281344,63
443777,63
603438,63
307979,63
102881,63
335380,63
669796,63
207999,63
64550,63
502951,63
325154,63
304858,63
157994,63
397711,63
264316,63
604060,63
664510,63
271216,63
71505,63
281730,63
245394,63
146622,63
192479,63
44954,63
86018,63
25887,63
87365,63
295403,63
360443,63
400671,63
565113,63
344402,63
557567,63
14595,63
227900,63
595758,63
579071,63
274698,63
667797,63
682120,63
75317,63
557215,63
57271,63
352732,63
51985,63
375949,63
7301,63
125869,63
432220,63
42356,63
86664,63
456089,63
356315,63
630916,63
465504,63
264461,63
647726,63
445660,63
501268,63
483868,63
287902,63
597634,63
513888,63
85723,63
356448,63
610089,63
364317,63
676539,63
103439,63
465344,63
460221,63
336244,63
406452,63
199032,63
300144,63
34243,63
331650,63
333402,63
274881,63
287639,63
535595,63
18567,63
263162,63
147146,63
20774,63
638770,63
217927,63
30553,63
285294,63
296116,63
128469,63
470022,63
369101,63
276143,63
507830,63
184886,63
474922,63
116003,63
393717,63
360451,63
543611,63
255766,63
104322,63
417810,63
55410,63
646740,63
238437,63
289960,63
352368,63
51474,63
8197,63
680060,63
465716,63
302077,63
219389,63
510891,63
296748,63
431030,63
629364,63
409498,63
506272,63
390221,63
220197,63
267330,63
542532,63
357194,63
334395,63
639492,63
620662,63
62725,63
162576,63
430097,63
331497,63
636463,63
590924,63
556489,63
292562,63
607897,63
517900,63
486875,63
128216,63
467610,63
621917,63
120689,63
50162,63
170444,63
65464,63
109043,63
378121,63
148040,63
506824,63
459352,63
646881,63
307686,63
630547,63
437255,63
404248,63
232227,63
653919,63
8657,63
484017,63
328645,63
98986,63
284353,63
605375,63
113270,63
239620,63
666087,63
108583,63
575479,63
36726,63
215480,63
471830,63
589999,63
593782,63
48684,63
269228,63
206317,63
189757,63
635819,63
12984,63
140658,63
86310,63
349144,63
485728,63
188968,63
70577,63
168133,63
654085,63
90173,63
225512,63
319419,63
148874,63
450681,63
329573,63
428318,63
211276,63
205209,63
601844,63
23221,63
38095,63
21708,63
64508,63
649813,63
371511,63
541063,63
165357,63
366348,63
604939,63
224925,63
438100,63
148733,63
668625,63
582228,63
260061,63
638845,63
84919,63
263501,63
153688,63
72201,63
432166,63
171882,63
9533,63
311243,63
247515,63
374205,63
596366,63
555176,63
484620,63
378543,63
574173,63
430243,63
128237,63
302322,63
368381,63
229038,63
340953,63
366252,63
644253,63
651639,63
655920,63
146617,63
331911,63
358883,63
399317,63
512599,63
694346,63
475605,63
505182,63
565859,63
650347,63
98198,63
403278,63
236640,63
503588,63
621188,63
486017,63
140563,63
648260,63
530442,63
170386,63
636168,63
586001,63
354529,63
642970,63
439846,63
315678,63
450739,63
101446,63
682815,63
263815,63
613216,63
547783,63
507307,63
462327,63
218101,63
231959,63
276560,63
84326,63
513060,63
571280,63
563069,63
610087,63
566088,63
558953,63
672983,63
557769,63
209848,63
346462,63
46127,63
544264,63
698864,63
437589,63
634252,63
357829,63
50066,63
535247,63
240329,63
433490,63
28652,63
665287,63
376002,63
473224,63
451931,63
493543,63
610290,63
309277,63
85554,63
613673,63
693525,63
604937,63
637660,63
119005,63
250915,63
268940,63
389284,63
599368,63
361178,63
524187,63
625871,63
163226,63
526065,63
382609,63
405060,63
589049,63
306892,63
598643,63
590574,63
503689,63
441802,63
337742,63
681397,63
256363,63
566101,63
443710,63
306215,63
383328,63
1567,63
3948,63
74693,63
670103,63
296507,63
310587,63
183432,63
546622,63
637503,63
91084,63
478283,63
76820,63
574239,63
636540,63
146044,63
222887,63
198316,63
387521,63
312546,63
93411,63
149818,63
32660,63
48183,63
104419,63
644335,63
389166,63
196043,63
340876,63
316180,63
290640,63
448606,63
415119,63
591253,63
456409,63
344943,63
88613,63
623941,63
228630,63
535591,63
267340,63
3110,63
363952,63
227322,63
308275,63
281541,63
394598,63
560663,63
231952,63
169715,63
438232,63
313172,63
247823,63
75879,63
284300,63
400445,63
399758,63
578513,63
314378,63
302598,63
689597,63
379155,63
542094,63
604100,63
136145,63
128612,63
688357,63
513115,63
633929,63
421652,63
56986,63
694193,63
516622,63
491806,63
186376,63
46384,63
419802,63
135973,63
21530,63
644747,63
69692,63
32890,63
166830,63
394480,63
194975,63
418258,63
430778,63
411105,63
201068,63
1879,63
554594,63
265563,63
266305,63
237542,63
67984,63
134983,63
323091,63
435730,63
583178,63
327006,63
624065,63
3915,63
517110,63
1422,63
232371,63
87085,63
151162,63
402125,63
335853,63
527957,63
594279,63
128144,63
271592,63
630330,63
630348,63
312441,63
53922,63
73909,63
680295,63
72587,63
616945,63
120896,63
341263,63
440502,63
667858,63
351064,63
269067,63
152019,63
67505,63
442282,63
565457,63
322923,63
381694,63
499814,63
299642,63
491587,63
327698,63
487638,63
662789,63
199175,63
575486,63
133016,63
643774,63
640636,63
1806,63
383231,63
159897,63
681905,63
282033,63
534730,63
516410,63
522633,63
109269,63
129571,63
286321,63
142349,63
88236,63
344594,63
283423,63
392952,63
150338,63
75847,63
617786,63
309216,63
128730,63
307463,63
693860,63
133904,63
26494,63
555749,63
554248,63
404174,63
254660,63
392386,63
344624,63
537944,63
252344,63
589266,63
134048,63
669902,63
182843,63
481071,63
115464,63
324106,63
593578,63
11208,63
646935,63
75021,63
513379,63
654064,63
433411,63
346381,63
588678,63
555468,63
175215,63
73924,63
588756,63
164613,63
278549,63
479219,63
35225,63
177502,63
108879,63
458408,63
254859,63
496279,63
697342,63
470128,63
434086,63
77672,63
643266,63
220690,63
634565,63
36781,63
362046,63
378930,63
586469,63
659003,63
117478,63
515453,63
378593,63
416482,63
474408,63
38926,63
532015,63
395174,63
154339,63
39061,63
380481,63
406303,63
68515,63
342030,63
360485,63
351031,63
564197,63
421609,63
141037,63
507201,63
166082,63
293581,63
119337,63
663353,63
91714,63
142214,63
24541,63
459234,63
591876,63
420164,63
566936,63
453951,63
566010,63
583834,63
115270,63
148748,63
383816,63
93360,63
558128,63
605572,63
191309,63
338861,63
427752,63
494837,63
478143,63
462044,63
446881,63
109300,63
257941,63
344779,63
116799,63
372666,63
291674,63
556092,63
532859,63
66130,63
305805,63
341381,63
102895,63
174958,63
131676,63
233346,63
219947,63
422793,63
74800,63
309956,63
247672,63
667894,63
480097,63
551110,63
464847,63
327862,63
547432,63
285983,63
580872,63
127782,63
342958,63
284328,63
365067,63
194744,63
394341,63
229875,63
568819,63
491290,63
105865,63
222449,63
682584,63
233006,63
357393,63
158787,63
169889,63
14014,63
461882,63
146508,63
652142,63
558100,63
94785,63
55079,63
543779,63
467494,63
603348,63
525841,63
58878,63
689129,63
67939,63
610014,63
336786,63
675595,63
524076,63
565114,63
317019,63
689403,63
496537,63
306522,63
158332,63
182703,63
139289,63
144251,63
80226,63
156527,63
635307,63
607314,63
495890,63
352859,63
572016,63
20503,63
656858,63
326026,63
10495,63
657702,63
35503,63
165078,63
78560,63
601716,63
550677,63
235061,63
442850,63
670345,63
275976,63
263894,63
591704,63
30403,63
402687,63
149648,63
529723,63
347942,63
140006,63
625227,63
124723,63
334597,63
172434,63
237273,63
351467,63
467079,63
579604,63
357161,63
137973,63
625283,63
677632,63
667377,63
114020,63
293997,63
232517,63
35293,63
86029,63
501357,63
604514,63
649820,63
501304,63
561108,63
57950,63
419994,63
436540,63
403243,63
655308,63
413655,63
321723,63
271693,63
169641,63
199297,63
292510,63
212220,63
10787,63
381461,63
649606,63
237524,63
608417,63
343021,63
183943,63
556480,63
212390,63
256820,63
630935,63
75829,63
649304,63
140205,63
612359,63
311703,63
459050,63
467902,63
447948,63
271097,63
318796,63
389053,63
562742,63
57402,63
654044,63
333882,63
135335,63
557530,63
610003,63
631277,63
552499,63
121533,63
660118,63
5109,63
58512,63
473515,63
468968,63
298037,63
124538,63
82237,63
540394,63
352213,63
407312,63
512125,63
620136,63
568956,63
401328,63
130185,63
677397,63
451848,63
396388,63
510311,63
253181,63
238899,63
10257,63
588305,63
662861,63
538445,63
583167,63
639902,63
409478,63
31206,63
7173,63
550486,63
529589,63
585177,63
495057,63
209001,63
60851,63
55381,63
23215,63
184112,63
230772,63
470302,63
426870,63
633154,63
331418,63
307949,63
278630,63
311692,63
243936,63
244987,63
92954,63
427493,63
23183,63
302700,63
540751,63
534099,63
65903,63
697572,63
281909,63
156586,63
514420,63
207962,63
196095,63
206432,63
439420,63
632927,63
187116,63
651963,63
393405,63
332449,63
571444,63
425954,63
568176,63
479016,63
464783,63
25157,63
198749,63
91589,63
605460,63
362900,63
260616,63
386965,63
231721,63
405450,63
60154,63
400246,63
577362,63
490258,63
605456,63
528018,63
225156,63
262897,63
53708,63
272672,63
652167,63
135288,63
234571,63
606394,63
400180,63
490664,63
52393,63
283405,63
46999,63
452095,63
186723,63
398845,63
637030,63
641828,63
49304,63
17740,63
338819,63
369515,63
413567,63
608040,63
582866,63
296441,63
348650,63
79567,63
428437,63
125661,63
21125,63
547174,63
474157,63
367337,63
359791,63
521820,63
263049,63
469519,63
130161,63
349955,63
384945,63
462564,63
63277,63
658954,63
298948,63
154144,63
106723,63
80975,63
14502,63
415643,63
291648,63
97207,63
389914,63
401796,63
371322,63
349639,63
647311,63
516306,63
449524,63
499246,63
370662,63
314087,63
415968,63
66414,63
648054,63
79498,63
523390,63
492630,63
440668,63
629017,63
231525,63
173183,63
231754,63
338676,63
17267,63
116852,63
621924,63
565651,63
628802,63
71918,63
682424,63
600526,63
233266,63
462958,63
485427,63
61346,63
667920,63
264800,63
443162,63
190905,63
174196,63
419996,63
328468,63
81657,63
595597,63
171364,63
354137,63
249031,63
555596,63
211577,63
267076,63
357926,63
668792,63
28773,63
510896,63
561098,63
250285,63
667862,63
175464,63
56761,63
1542,63
428892,63
325050,63
18674,63
34333,63
430408,63
291544,63
632827,63
198323,63
580818,63
586764,63
550710,63
476659,63
172962,63
544669,63
95628,63
678309,63
267980,63
453684,63
423679,63
547558,63
245332,63
693378,63
101765,63
645060,63
508452,63
116348,63
35978,63
665735,63
533191,63
535008,63
592381,63
397338,63
424921,63
47114,63
360118,63
139508,63
531458,63
426072,63
149041,63
110755,63
318248,63
339240,63
13231,63
519080,63
162723,63
360855,63
236854,63
25673,63
271435,63
355305,63
301029,63
429103,63
685486,63
104733,63
178819,63
242674,63
110622,63
659990,63
306842,63
617429,63
410216,63
37995,63
551361,63
479121,63
565759,63
185672,63
630960,63
454564,63
637230,63
691810,63
209456,63
66678,63
63053,63
278916,63
203984,63
45142,63
408392,63
376459,63
507253,63
351226,63
439948,63
586759,63
619465,63
450212,63
402766,63
361029,63
636686,63
175109,63
472610,63
388069,63
414000,63
141949,63
116315,63
42040,63
688404,63
278254,63
27068,63
566251,63
557737,63
53811,63
219727,63
188549,63
487522,63
467206,63
7849,63
495369,63
574607,63
205290,63
466257,63
126522,63
331198,63
528562,63
84943,63
118842,63
43445,63
605945,63
644233,63
21052,63
316393,63
274841,63
44869,63
249343,63
645494,63
1228,63
685837,63
603300,63
368117,63
613981,63
120717,63
481441,63
288381,63
488746,63
672259,63
220198,63
511546,63
183058,63
53833,63
215138,63
677495,63
355280,63
156304,63
534503,63
326555,63
239820,63
494436,63
109134,63
403417,63
648139,63
570417,63
546733,63
369514,63
178166,63
149327,63
211938,63
411416,63
214550,63
497753,63
575045,63
338073,63
187121,63
163123,63
54323,63
451631,63
508490,63
594487,63
599598,63
551586,63
324836,63
343203,63
377875,63
622032,63
237900,63
640036,63
132779,63
450092,63
133416,63
475094,63
68735,63
399451,63
167307,63
663595,63
501016,63
142938,63
5053,63
544503,63
118737,63
534325,63
219432,63
158934,63
320160,63
284118,63
390685,63
4541,63
645750,63
642750,63
654669,63
427846,63
56054,63
309303,63
398606,63
435818,63
566662,63
548004,63
221890,63
180892,63
693815,63
9191,63
624317,63
200845,63
53685,63
626611,63
12538,63
482429,63
481165,63
178838,63
351894,63
184160,63
215579,63
537331,63
483777,63
559579,63
273604,63
583231,63
284378,63
286538,63
175641,63
22720,63
518235,63
220828,63
462362,63
665608,63
267061,63
333848,63
589955,63
694917,63
657696,63
3231,63
258636,63
220646,63
410530,63
255793,63
173473,63
346196,63
528845,63
212301,63
59237,63
278556,63
492686,63
110393,63
485321,63
373479,63
475234,63
43192,63
355513,63
136929,63
36773,63
626402,63
324183,63
103716,63
617062,63
311993,63
205769,63
603967,63
292999,63
524428,63
363179,63
64809,63
193075,63
547706,63
173993,63
32801,63
246261,63
442751,63
196093,63
388992,63
554443,63
565529,63
435802,63
38555,63
186606,63
647318,63
524665,63
23647,63
126606,63
67444,63
359523,63
573499,63
549915,63
1513,63
160576,63
284493,63
290778,63
582768,63
370942,63
697830,63
482562,63
18990,63
114163,63
381882,63
53479,63
335946,63
51599,63
35032,63
485988,63
656752,63
657113,63
334819,63
37533,63
641231,63
535768,63
166922,63
402529,63
168870,63
494533,63
400270,63
81637,63
7396,63
116899,63
380731,63
487859,63
3221,63
687613,63
385989,63
338324,63
59744,63
411512,63
180109,63
512983,63
655933,63
530718,63
20124,63
44330,63
167762,63
354355,63
345760,63
83887,63
292157,63
296371,63
690771,63
560676,63
532463,63
157655,63
135496,63
218050,63
435556,63
489291,63
72795,63
161492,63
206752,63
640870,63
106693,63
41249,63
352214,63
697576,63
93369,63
314280,63
76635,63
500614,63
143757,63
514761,63
148679,63
335034,63
155440,63
191479,63
605057,63
132431,63
465993,63
199735,63
334628,63
429432,63
648684,63
43955,63
210888,63
535859,63
86764,63
319613,63
261675,63
438844,63
363290,63
613896,63
460450,63
240250,63
97881,63
383441,63
499819,63
424042,63
542859,63
14094,63
573010,63
393623,63
266785,63
567338,63
370770,63
148845,63
644896,63
612912,63
337871,63
199699,63
417820,63
343947,63
690968,63
371875,63
108888,63
258627,63
538480,63
524880,63
456803,63
237491,63
73221,63
117097,63
78340,63
298884,63
472052,63
299687,63
188584,63
427483,63
141264,63
223613,63
255846,63
250116,63
622254,63
405239,63
646195,63
72166,63
40298,63
418052,63
17833,63
250798,63
391056,63
17911,63
235297,63
52676,63
481699,63
299181,63
168704,63
134865,63
554398,63
105664,63
348582,63
503233,63
70663,63
578136,63
500309,63
109576,63
629165,63
586543,63
162813,63
317277,63
649094,63
110608,63
384787,63
545876,63
559777,63
136417,63
35777,63
154426,63
317717,63
267105,63
577673,63
630022,63
312017,63
100274,63
366386,63
258096,63
44962,63
685643,63
297178,63
586561,63
518011,63
609226,63
380572,63
344856,63
277250,63
447648,63
67340,63
129851,63
471935,63
167658,63
351687,63
442,63
562684,63
436481,63
47922,63
231746,63
377867,63
273369,63
505168,63
68633,63
561515,63
228046,63
395559,63
664425,63
101440,63
161633,63
118265,63
373759,63
673832,63
588509,63
670363,63
330688,63
173939,63
669182,63
536358,63
687916,63
401517,63
668077,63
169252,63
42489,63
461665,63
433286,63
146665,63
61153,63
401630,63
556549,63
487952,63
475157,63
232863,63
96271,63
259477,63
32679,63
632561,63
331361,63
25380,63
551802,63
634744,63
557099,63
332408,63
363765,63
200969,63
95649,63
478519,63
38046,63
69118,63
133062,63
475798,63
502125,63
318752,63
106458,63
590465,63
297846,63
214835,63
316004,63
401303,63
46668,63
603890,63
65064,63
437138,63
131480,63
461549,63
658701,63
254255,63
91934,63
64881,63
84050,63
371515,63
189115,63
422017,63
346767,63
337387,63
208301,63
210634,63
41255,63
120648,63
566544,63
683038,63
588196,63
131341,63
102854,63
137006,63
465060,63
596414,63
230083,63
35390,63
299245,63
435848,63
697946,63
697745,63
23280,63
487232,63
330786,63
616419,63
559664,63
424580,63
555287,63
670699,63
454598,63
230878,63
65420,63
380745,63
92316,63
385064,63
339502,63
620413,63
217295,63
427370,63
408532,63
107252,63
684996,63
569278,63
475193,63
405382,63
350196,63
40090,63
578624,63
144992,63
344115,63
505305,63
513297,63
434790,63
305306,63
161242,63
71295,63
30579,63
196457,63
519085,63
552562,63
256685,63
320427,63
357295,63
440169,63
439585,63
234736,63
506685,63
659067,63
274466,63
26490,63
138990,63
620707,63
630532,63
325909,63
499593,63
400212,63
529129,63
248007,63
437272,63
551907,63
18494,63
116200,63
601372,63
338341,63
629266,63
167830,63
637231,63
68092,63
21702,63
175656,63
655466,63
625236,63
34634,63
594937,63
194791,63
276515,63
203943,63
404561,63
433291,63
463108,63
657676,63
374950,63
569302,63
493565,63
262253,63
675467,63
240957,63
518635,63
360164,63
320718,63
687384,63
476425,63
300015,63
648628,63
661740,63
264513,63
317774,63
322033,63
218996,63
103407,63
176076,63
620801,63
18182,63
512759,63
301367,63
276485,63
268665,63
29757,63
209105,63
140603,63
42091,63
163842,63
444572,63
642382,63
194126,63
129323,63
614186,63
696112,63
655588,63
438219,63
311945,63
627128,63
583489,63
146825,63
551731,63
223246,63
106432,63
40667,63
365918,63
555300,63
316488,63
420399,63
144060,63
62038,63
54443,63
402128,63
190563,63
303611,63
631751,63
424209,63
608806,63
550443,63
60252,63
215349,63
69185,63
369829,63
618539,63
308245,63
302830,63
87410,63
403601,63
224956,63
452876,63
679701,63
49307,63
323426,63
291103,63
525206,63
667375,63
550458,63
539465,63
226232,63
483263,63
568539,63
657820,63
697463,63
465076,63
401485,63
584831,63
477627,63
385116,63
1168,63
569866,63
276744,63
194462,63
202702,63
172328,63
449465,63
623858,63
680001,63
351657,63
633983,63
552666,63
417320,63
175129,63
304906,63
590722,63
335814,63
56262,63
579113,63
107300,63
403135,63
549425,63
45552,63
342377,63
629540,63
421503,63
494380,63
461089,63
473958,63
698016,63
457541,63
223032,63
23957,63
85105,63
180226,63
512674,63
678935,63
250596,63
423926,63
127417,63
532226,63
27884,63
618323,63
589641,63
239282,63
215762,63
42139,63
484899,63
29125,63
251154,63
506675,63
33717,63
365362,63
563781,63
67948,63
341416,63
303578,63
167178,63
102492,63
162786,63
551830,63
535654,63
103754,63
285764,63
149746,63
482687,63
558277,63
656674,63
572200,63
208948,63
671838,63
294400,63
547190,63
496873,63
325897,63
665555,63
18230,63
360103,63
248236,63
636851,63
586226,63
457125,63
169815,63
298900,63
489161,63
605171,63
194718,63
470911,63
290568,63
354868,63
303510,63
508185,63
417180,63
278743,63
653364,63
193629,63
237074,63
422829,63
229031,63
638695,63
503429,63
69004,63
441060,63
315501,63
38723,63
697583,63
421860,63
462732,63
261287,63
347401,63
657162,63
406628,63
533510,63
5832,63
376727,63
389,63
628515,63
183849,63
572667,63
265113,63
108090,63
409571,63
263852,63
478698,63
698727,63
214813,63
352428,63
484411,63
115257,63
200098,63
83526,63
660732,63
430709,63
509542,63
662696,63
489693,63
613969,63
49051,63
26881,63
437760,63
674463,63
239359,63
328449,63
622087,63
632119,63
271029,63
169213,63
385731,63
681949,63
398871,63
589592,63
285094,63
276729,63
555640,63
690887,63
274812,63
35179,63
298811,63
292308,63
219335,63
477949,63
655421,63
4804,63
450712,63
500237,63
542484,63
363567,63
502527,63
236270,63
571608,63
361760,63
215553,63
102823,63
52022,63
192853,63
30275,63
14671,63
505351,63
605193,63
297937,63
686885,63
15610,63
501194,63
382529,63
423071,63
510511,63
181732,63
641291,63
562679,63
40026,63
477735,63
365625,63
132099,63
617987,63
329052,63
181136,63
121594,63
530447,63
352430,63
334996,63
356617,63
282409,63
634879,63
129177,63
358824,63
567019,63
4333,63
15450,63
651148,63
567599,63
179005,63
316083,63
524471,63
84550,63
689425,63
196274,63
260045,63
480498,63
199255,63
64972,63
554357,63
324236,63
409678,63
205568,63
172356,63
351690,63
408231,63
338173,63
87749,63
10107,63
666173,63
630277,63
190057,63
475859,63
208193,63
67628,63
188930,63
384497,63
412299,63
253467,63
382993,63
265730,63
176873,63
465562,63
69007,63
179943,63
460266,63
396026,63
190330,63
141945,63
177465,63
563414,63
61208,63
637652,63
474333,63
145198,63
667573,63
352341,63
482719,63
587835,63
341180,63
61899,63
222231,63
607591,63
31072,63
302915,63
152115,63
70700,63
13682,63
129683,63
320109,63
569911,63
206479,63
651022,63
135272,63
682196,63
333767,63
505084,63
423391,63
524281,63
499739,63
148053,63
167761,63
45134,63
447966,63
664157,63
334987,63
150801,63
25111,63
348977,63
343169,63
149672,63
217504,63
576732,63
479034,63
73206,63
14605,63
514292,63
133315,63
186332,63
524614,63
691149,63
387833,63
118275,63
486412,63
572509,63
456039,63
75038,63
252138,63
123504,63
80903,63
57022,63
413949,63
678553,63
609480,63
506623,63
116251,63
333198,63
582193,63
595135,63
275457,63
310022,63
550783,63
114174,63
324105,63
667884,63
249508,63
139865,63
434118,63
418990,63
524180,63
293577,63
37224,63
594226,63
25708,63
171099,63
694294,63
455871,63
691886,63
290430,63
179276,63
79594,63
43492,63
599638,63
668890,63
444054,63
34298,63
224095,63
296859,63
459913,63
661043,63
405806,63
23369,63
368601,63
194536,63
119043,63
40533,63
267963,63
437997,63
101273,63
326317,63
407443,63
82329,63
76360,63
89021,63
695350,63
409459,63
322935,63
293230,63
349726,63
188132,63
11946,63
431400,63
487709,63
146959,63
76546,63
290197,63
502965,63
22533,63
450698,63
57952,63
306294,63
266161,63
590840,63
664304,63
676200,63
695502,63
565388,63
281601,63
182452,63
507282,63
537155,63
288243,63
28277,63
86697,63
106499,63
206764,63
21483,63
55019,63
27157,63
67344,63
218757,63
672821,63
381064,63
527876,63
6727,63
393098,63
394655,63
539167,63
452008,63
649043,63
118747,63
389895,63
354904,63
676012,63
642307,63
466608,63
30487,63
242993,63
672765,63
615421,63
305264,63
329131,63
56243,63
357987,63
426639,63
214172,63
613540,63
258724,63
108362,63
599389,63
541203,63
698548,63
337016,63
431166,63
375577,63
56808,63
287263,63
177259,63
648561,63
340579,63
194528,63
468332,63
483929,63
498811,63
314958,63
308870,63
579139,63
251546,63
54886,63
264405,63
342844,63
183869,63
354114,63
272562,63
442400,63
88190,63
78621,63
103674,63
137101,63
16296,63
205499,63
451207,63
225234,63
609648,63
156981,63
649525,63
612079,63
400571,63
219629,63
371024,63
351389,63
212458,63
216457,63
308238,63
526169,63
184004,63
514592,63
5666,63
624704,63
412185,63
299298,63
610094,63
151677,63
138625,63
648706,63
545021,63
206097,63
334583,63
3621,63
206635,63
258284,63
644252,63
85123,63
121283,63
526151,63
354485,63
99392,63
304358,63
157954,63
133471,63
693106,63
56838,63
657765,63
656801,63
453024,63
172621,63
223605,63
664430,63
660778,63
66029,63
295806,63
627761,63
540208,63
490601,63
74153,63
551457,63
187333,63
587285,63
467749,63
42242,63
626683,63
440202,63
19723,63
359865,63
243710,63
644691,63
388320,63
141763,63
368533,63
605083,63
635378,63
230406,63
533960,63
174478,63
467534,63
316336,63
417973,63
84201,63
321207,63
515875,63
624157,63
476832,63
517961,63
615327,63
123840,63
87926,63
616341,63
401640,63
637765,63
89868,63
186042,63
247585,63
389691,63
594148,63
149547,63
269460,63
624654,63
333133,63
289013,63
476040,63
170684,63
147999,63
519530,63
498991,63
117493,63
478286,63
98274,63
463030,63
62249,63
356958,63
204204,63
605077,63
358154,63
163609,63
287421,63
216353,63
355996,63
400791,63
483207,63
17722,63
12119,63
693263,63
122803,63
264989,63
6684,63
576446,63
194889,63
678657,63
599018,63
582211,63
666174,63
492497,63
585473,63
397727,63
182477,63
645635,63
23115,63
369447,63
474001,63
335044,63
631507,63
467761,63
675725,63
564796,63
563874,63
681064,63
460004,63
236685,63
435071,63
103045,63
501682,63
613068,63
271664,63
206052,63
618402,63
98930,63
143219,63
242221,63
37868,63
536015,63
319922,63
545171,63
54981,63
487675,63
627646,63
10533,63
253939,63
38298,63
524530,63
255007,63
454910,63
307335,63
167985,63
516419,63
621184,63
484622,63
178477,63
270098,63
383024,63
456334,63
546874,63
332721,63
650038,63
619001,63
199740,63
684802,63
336266,63
131212,63
464412,63
55539,63
453793,63
7570,63
133523,63
512366,63
658967,63
445232,63
540912,63
675675,63
422178,63
497194,63
486454,63
655542,63
589265,63
24722,63
227164,63
524279,63
521856,63
578065,63
164205,63
282118,63
644068,63
36408,63
78712,63
532481,63
522739,63
516346,63
656078,63
220365,63
697795,63
593216,63
448062,63
356220,63
437023,63
3803,63
613241,63
245628,63
323569,63
481202,63
185236,63
675477,63
415784,63
627023,63
291711,63
349585,63
297716,63
95081,63
669012,63
171906,63
340466,63
309415,63
559052,63
182429,63
294539,63
587837,63
347323,63
522252,63
423090,63
303484,63
2594,63
587313,63
398822,63
589065,63
551300,63
501017,63
452645,63
482388,63
646460,63
527914,63
266626,63
442914,63
6202,63
162107,63
124054,63
656936,63
482269,63
276488,63
601456,63
97058,63
15495,63
258835,63
223235,63
522714,63
467210,63
214737,63
251258,63
591883,63
295972,63
121333,63
56684,63
309302,63
479628,63
582522,63
577082,63
259730,63
562751,63
479646,63
443622,63
651771,63
580753,63
555465,63
537551,63
42034,63
100527,63
685891,63
123621,63
301255,63
129870,63
330346,63
348765,63
268958,63
319301,63
588116,63
219627,63
220026,63
164595,63
424072,63
463188,63
260849,63
108978,63
67747,63
622035,63
546259,63
434985,63
370595,63
321312,63
491692,63
642080,63
301962,63
367714,63
662479,63
225265,63
358734,63
427612,63
418601,63
130110,63
607091,63
645623,63
505984,63
505238,63
359321,63
644995,63
316669,63
51837,63
77885,63
595208,63
623331,63
245027,63
586934,63
21213,63
691449,63
283011,63
147771,63
304501,63
115613,63
248348,63
193356,63
52021,63
541315,63
15436,63
418638,63
258685,63
610534,63
75171,63
472529,63
358818,63
121961,63
543863,63
209726,63
542916,63
149053,63
547865,63
269181,63
347955,63
529430,63
179490,63
507471,63
630300,63
657563,63
428321,63
111207,63
559184,63
367637,63
376729,63
412771,63
481635,63
203130,63
217261,63
425071,63
12206,63
463062,63
312875,63
658426,63
57139,63
109624,63
194525,63
29277,63
374977,63
186736,63
106649,63
127935,63
635834,63
269170,63
144363,63
74329,63
8744,63
666039,63
165344,63
414632,63
454515,63
209721,63
361819,63
519940,63
470234,63
71208,63
471084,63
597173,63
434536,63
603153,63
320586,63
139279,63
394646,63
211757,63
455682,63
273691,63
541287,63
466419,63
698494,63
343245,63
218593,63
577679,63
349627,63
442545,63
389015,63
246151,63
322396,63
478321,63
418166,63
433210,63
76386,63
186600,63
290302,63
377031,63
623770,63
542642,63
629323,63
21202,63
386800,63
431865,63
588864,63
625821,63
434495,63
534455,63
521962,63
3715,63
322748,63
13746,63
198174,63
416694,63
501108,63
92042,63
242292,63
266668,63
5259,63
254253,63
534201,63
469673,63
53632,63
372787,63
340560,63
696193,63
431932,63
368371,63
575880,63
354588,63
40742,63
70050,63
598917,63
552593,63
299772,63
584144,63
373615,63
218286,63
200122,63
594112,63
565241,63
294910,63
63265,63
224597,63
636166,63
88505,63
588380,63
218551,63
142831,63
264335,63
111808,63
296022,63
582221,63
582737,63
654425,63
494049,63
571176,63
528187,63
379590,63
578654,63
157344,63
31272,63
681467,63
421857,63
506322,63
545616,63
691562,63
169233,63
656261,63
179391,63
451314,63
669209,63
75617,63
169597,63
161508,63
557075,63
368449,63
391911,63
444658,63
532339,63
472623,63
331516,63
297253,63
188491,63
385558,63
545099,63
411095,63
374903,63
481081,63
241403,63
676422,63
640868,63
454128,63
211161,63
644231,63
693352,63
65802,63
432653,63
105663,63
80856,63
309688,63
458302,63
148860,63
34111,63
44562,63
614026,63
520043,63
328183,63
158709,63
211367,63
353390,63
445990,63
243657,63
497017,63
324387,63
369045,63
127624,63
199411,63
509355,63
16049,63
57272,63
603306,63
499434,63
514703,63
377716,63
45070,63
435713,63
69147,63
367187,63
260743,63
565809,63
429706,63
629433,63
403205,63
488198,63
567534,63
283060,63
162827,63
78624,63
31357,63
653895,63
562296,63
87959,63
508860,63
501390,63
172712,63
160775,63
293135,63
314457,63
74692,63
344017,63
65205,63
113655,63
373455,63
677040,63
589616,63
67382,63
258206,63
250360,63
409593,63
185266,63
142463,63
243761,63
340864,63
41600,63
684672,63
505582,63
124128,63
524680,63
540636,63
646414,63
568437,63
328186,63
154383,63
237229,63
35813,63
155192,63
481842,63
181614,63
662288,63
429200,63
579065,63
623058,63
667607,63
290005,63
139477,63
176734,63
351508,63
479974,63
180665,63
239897,63
551632,63
56618,63
416172,63
646068,63
305657,63
149626,63
427048,63
267114,63
509539,63
283338,63
202887,63
178712,63
437819,63
640876,63
487860,63
596537,63
132586,63
65050,63
412354,63
465227,63
512045,63
29083,63
494589,63
398217,63
661348,63
463929,63
40292,63
190582,63
376500,63
521263,63
248518,63
209690,63
562531,63
442719,63
248316,63
461073,63
546012,63
436718,63
288309,63
60895,63
130015,63
164092,63
59673,63
607865,63
372957,63
593105,63
190043,63
100060,63
119441,63
251259,63
518927,63
28932,63
373948,63
446064,63
21200,63
164607,63
386234,63
72242,63
79000,63
246972,63
112463,63
238888,63
298111,63
683158,63
433801,63
406123,63
102040,63
279953,63
433890,63
603704,63
2069,63
631768,63
66754,63
371723,63
202280,63
585776,63
109659,63
644653,63
21006,63
153102,63
448701,63
244728,63
602322,63
585872,63
551616,63
332255,63
636277,63
86424,63
460809,63
399964,63
270996,63
580188,63
283440,63
482683,63
94540,63
206657,63
365940,63
418306,63
423320,63
266736,63
250957,63
200648,63
175090,63
233264,63
364682,63
510684,63
44338,63
495968,63
281044,63
115786,63
58458,63
469614,63
52865,63
601833,63
603970,63
659501,63
111907,63
447540,63
584357,63
178896,63
232277,63
625253,63
337960,63
105622,63
675908,63
681762,63
438579,63
326436,63
277037,63
411241,63
422115,63
427704,63
299758,63
652934,63
313199,63
387150,63
244524,63
421170,63
98410,63
239138,63
630855,63
675911,63
556980,63
327164,63
509948,63
477492,63
346881,63
442497,63
343521,63
617655,63
455984,63
603751,63
69144,63
533816,63
184949,63
278850,63
674853,63
417272,63
297117,63
402517,63
622127,63
257476,63
124468,63
383432,63
126771,63
524960,63
613630,63
517101,63
498839,63
604748,63
596519,63
661990,63
538005,63
87705,63
28946,63
658610,63
545297,63
685616,63
605192,63
387963,63
597319,63
284857,63
678736,63
317215,63
215437,63
384210,63
106703,63
286116,63
198410,63
244558,63
15107,63
584236,63
169820,63
438721,63
372813,63
538187,63
464177,63
269623,63
246545,63
340253,63
363802,63
46569,63
588079,63
613756,63
689414,63
229340,63
117281,63
624959,63
522702,63
120723,63
495010,63
158140,63
175652,63
49625,63
334823,63
680223,63
629845,63
328207,63
342491,63
417123,63
324189,63
389977,63
201829,63
473857,63
360424,63
640766,63
94936,63
296154,63
394238,63
6862,63
35176,63
148810,63
52364,63
624906,63
38902,63
421730,63
565501,63
589110,63
622463,63
2429,63
601268,63
136007,63
339119,63
179823,63
276794,63
245077,63
187311,63
653336,63
158158,63
564822,63
308071,63
558173,63
54100,63
402500,63
488922,63
80986,63
35373,63
199838,63
69887,63
444570,63
55631,63
158169,63
651659,63
688049,63
431988,63
174493,63
187039,63
109107,63
84488,63
150855,63
242476,63
689225,63
387288,63
661453,63
118638,63
368455,63
241889,63
456639,63
699218,63
625029,63
392958,63
145893,63
318146,63
372075,63
161504,63
527562,63
276570,63
221401,63
9651,63
105572,63
519896,63
570117,63
473411,63
68435,63
231981,63
137464,63
125548,63
279398,63
398774,63
91179,63
177980,63
202599,63
495529,63
136704,63
35946,63
69534,63
567748,63
160268,63
230287,63
603620,63
84906,63
573460,63
356565,63
216475,63
698102,63
68329,63
216129,63
201454,63
689258,63
417379,63
97167,63
426674,63
588917,63
298387,63
601148,63
225188,63
542359,63
358833,63
147730,63
696061,63
230351,63
442603,63
695946,63
97026,63
533972,63
230518,63
17718,63
32489,63
102101,63
470337,63
181123,63
130511,63
272547,63
423189,63
372796,63
390392,63
663732,63
570299,63
27234,63
598301,63
478547,63
627025,63
693015,63
22683,63
413012,63
519672,63
296252,63
40329,63
655427,63
51414,63
262397,63
8666,63
50299,63
493885,63
454511,63
86226,63
581647,63
426359,63
615315,63
176129,63
152709,63
15303,63
316517,63
323854,63
153566,63
32471,63
624553,63
161674,63
612310,63
277611,63
63105,63
281204,63
105062,63
45400,63
13141,63
245144,63
638136,63
597464,63
588140,63
398542,63
533,63
347302,63
8344,63
361183,63
117919,63
25036,63
537207,63
661017,63
419212,63
178088,63
316863,63
274404,63
531570,63
112842,63
673781,63
405905,63
164721,63
670810,63
296536,63
63817,63
336989,63
117548,63
114319,63
661712,63
129033,63
110991,63
454192,63
453161,63
118992,63
347452,63
470461,63
167088,63
557648,63
245008,63
318831,63
451263,63
155732,63
513413,63
47138,63
388505,63
410326,63
186436,63
3878,63
321727,63
338217,63
259023,63
262577,63
154612,63
52033,63
283787,63
36925,63
660983,63
138052,63
164071,63
291169,63
422330,63
375633,63
6218,63
147860,63
100833,63
121586,63
687381,63
274274,63
422358,63
112389,63
107858,63
458982,63
35246,63
215658,63
511371,63
253098,63
111004,63
356065,63
518169,63
359748,63
332835,63
587057,63
87982,63
482847,63
461852,63
366535,63
327068,63
532881,63
383087,63
161305,63
384696,63
44252,63
632467,63
27997,63
89737,63
321126,63
92570,63
648982,63
461154,63
373867,63
452638,63
490909,63
451195,63
430532,63
613662,63
684231,63
323554,63
322242,63
500796,63
403173,63
283125,63
75878,63
135255,63
631941,63
643656,63
123663,63
392449,63
693433,63
627655,63
46065,63
443701,63
147942,63
682265,63
205899,63
673575,63
518497,63
573545,63
626462,63
392888,63
635170,63
668966,63
465511,63
616172,63
595363,63
3102,63
628473,63
302352,63
383637,63
112132,63
684764,63
518422,63
636656,63
484835,63
37988,63
102111,63
528284,63
455256,63
629653,63
221055,63
297018,63
141505,63
302541,63
687398,63
546629,63
186848,63
49429,63
361946,63
610677,63
532025,63
525919,63
538841,63
683003,63
315163,63
286547,63
245057,63
232682,63
269042,63
194119,63
372648,63
217008,63
577329,63
95877,63
96233,63
186833,63
394539,63
149125,63
136435,63
262522,63
622983,63
228050,63
644977,63
602026,63
19102,63
471995,63
99771,63
653741,63
63351,63
543727,63
296528,63
176205,63
487887,63
320568,63
438767,63
39072,63
144432,63
688187,63
248876,63
586716,63
371939,63
392409,63
417707,63
377277,63
287961,63
568765,63
259050,63
420693,63
654083,63
301108,63
474746,63
251382,63
544205,63
422679,63
625183,63
629014,63
619370,63
105866,63
404935,63
278125,63
83885,63
490009,63
284332,63
537594,63
570363,63
440148,63
51308,63
188223,63
287513,63
266137,63
686955,63
365872,63
680875,63
71024,63
138917,63
80878,63
530161,63
665083,63
444548,63
561241,63
667264,63
227822,63
380234,63
128272,63
161614,63
625779,63
157900,63
654974,63
623077,63
32603,63
40374,63
282473,63
133289,63
272714,63
60597,63
342736,63
221993,63
540829,63
85248,63
88550,63
681877,63
504765,63
203366,63
245830,63
691988,63
68948,63
528038,63
614812,63
385958,63
280152,63
33477,63
373852,63
211698,63
121913,63
94845,63
356578,63
396300,63
552896,63
525880,63
523699,63
532189,63
158678,63
348259,63
341576,63
653465,63
147621,63
420305,63
185949,63
478446,63
94177,63
441896,63
340137,63
28414,63
170743,63
582313,63
470620,63
538029,63
693700,63
413817,63
76310,63
173774,63
462445,63
570654,63
509867,63
640547,63
3634,63
22336,63
25405,63
288022,63
3536,63
152926,63
411916,63
263054,63
541983,63
191344,63
128379,63
20226,63
535911,63
263110,63
345663,63
621839,63
264267,63
494423,63
664323,63
14078,63
155490,63
675441,63
612423,63
426693,63
147482,63
639967,63
266987,63
45962,63
447504,63
88153,63
627046,63
405889,63
87172,63
105368,63
312005,63
609341,63
655206,63
548666,63
193654,63
249593,63
265492,63
294016,63
471143,63
46583,63
116892,63
178006,63
672949,63
232101,63
443991,63
138634,63
19199,63
356391,63
288980,63
579628,63
296015,63
208793,63
494029,63
664944,63
604110,63
489949,63
443545,63
332380,63
676243,63
238849,63
241442,63
21423,63
363965,63
460802,63
510839,63
74554,63
15043,63
143244,63
346526,63
386649,63
485659,63
682799,63
86818,63
30915,63
279184,63
104702,63
283286,63
98892,63
74103,63
426351,63
655689,63
63951,63
170382,63
57967,63
68071,63
254747,63
397169,63
693326,63
547210,63
497812,63
687823,63
658633,63
567983,63
49779,63
570605,63
88413,63
8121,63
691956,63
354836,63
130427,63
453802,63
272371,63
381194,63
125855,63
634302,63
601774,63
221586,63
27736,63
515517,63
156552,63
438709,63
451139,63
503809,63
113258,63
533645,63
595811,63
578653,63
21978,63
295369,63
422598,63
636458,63
528227,63
506313,63
227648,63
517581,63
575681,63
209963,63
680177,63
149720,63
122252,63
674959,63
156828,63
513137,63
282359,63
442800,63
534815,63
283579,63
670121,63
190858,63
155197,63
667060,63
501389,63
656266,63
37765,63
95373,63
436996,63
67945,63
13800,63
121673,63
505376,63
416671,63
435488,63
466741,63
312235,63
155671,63
209023,63
541284,63
546284,63
465079,63
448896,63
261958,63
240961,63
161490,63
18923,63
328266,63
15884,63
541529,63
119526,63
503369,63
430718,63
329612,63
537634,63
24368,63
268502,63
462124,63
234821,63
273166,63
629100,63
291523,63
675860,63
459358,63
644274,63
16628,63
38610,63
353760,63
37528,63
427153,63
378035,63
384775,63
367511,63
675385,63
591235,63
379955,63
454408,63
145285,63
551136,63
490427,63
509244,63
664482,63
190892,63
136433,63
502971,63
260799,63
687404,63
167579,63
585343,63
186944,63
437754,63
11023,63
504488,63
595750,63
169385,63
572371,63
82086,63
458066,63
55460,63
219132,63
29254,63
185589,63
577831,63
114405,63
492316,63
41305,63
127252,63
344008,63
165915,63
386665,63
217278,63
450541,63
477303,63
157916,63
295989,63
650754,63
301470,63
558627,63
129221,63
178607,63
139719,63
615644,63
179834,63
633855,63
652839,63
311031,63
212111,63
473781,63
180710,63
7530,63
188878,63
401047,63
576445,63
188017,63
176170,63
98449,63
661929,63
595800,63
237255,63
138478,63
618463,63
550793,63
449421,63
324362,63
518455,63
193736,63
630712,63
458586,63
508777,63
618600,63
361608,63
643330,63
444674,63
365449,63
392151,63
309462,63
200027,63
359794,63
624848,63
352290,63
20911,63
669756,63
408276,63
403541,63
250753,63
242581,63
76961,63
413635,63
416141,63
656356,63
89331,63
544684,63
502967,63
658273,63
95078,63
598001,63
206392,63
658357,63
590218,63
357561,63
135959,63
509236,63
326184,63
244972,63
687290,63
194854,63
235951,63
461789,63
166758,63
265721,63
614965,63
696460,63
453016,63
106621,63
571067,63
313983,63
156071,63
319284,63
130807,63
487378,63
44678,63
569295,63
582872,63
168952,63
105492,63
624725,63
516680,63
377345,63
321087,63
406981,63
93993,63
454063,63
412512,63
674802,63
646779,63
234216,63
243947,63
692872,63
376828,63
631649,63
468872,63
287653,63
94306,63
119045,63
618684,63
408089,63
569338,63
324652,63
613615,63
55031,63
514033,63
305227,63
652638,63
370343,63
557872,63
42989,63
432702,63
203928,63
400963,63
530708,63
567927,63
699267,63
315840,63
26783,63
153823,63
12556,63
648097,63
694272,63
2224,63
528896,63
265796,63
323974,63
180232,63
198626,63
435889,63
339961,63
355599,63
180724,63
205866,63
212501,63
229978,63
129987,63
111152,63
573956,63
347944,63
546670,63
474810,63
44030,63
257404,63
630235,63
159759,63
123819,63
279598,63
190957,63
347596,63
94377,63
10529,63
368719,63
492485,63
164102,63
258902,63
356536,63
523550,63
353038,63
413008,63
439205,63
525816,63
581975,63
82771,63
449692,63
410133,63
461367,63
499395,63
466717,63
580425,63
132104,63
177469,63
539141,63
194087,63
303060,63
492346,63
543301,63
102004,63
641722,63
185229,63
283052,63
644341,63
564009,63
670409,63
395716,63
559971,63
255204,63
503335,63
93329,63
234291,63
527096,63
258738,63
112470,63
411537,63
304131,63
392218,63
372664,63
87369,63
473227,63
694623,63
314287,63
279267,63
189119,63
329858,63
505194,63
507032,63
341468,63
657214,63
651102,63
420174,63
102817,63
644732,63
566806,63
243543,63
563384,63
184839,63
468960,63
46870,63
663034,63
72119,63
594938,63
33670,63
561130,63
352124,63
405307,63
293656,63
354519,63
243328,63
287424,63
665626,63
530925,63
379980,63
206417,63
415104,63
626251,63
571207,63
444916,63
208459,63
22734,63
615348,63
210221,63
44979,63
162392,63
654392,63
112292,63
143624,63
673517,63
56695,63
595679,63
317007,63
165175,63
29450,63
619945,63
380880,63
585143,63
687736,63
198166,63
167276,63
677083,63
426083,63
549408,63
272208,63
332862,63
175995,63
629400,63
401963,63
258058,63
117927,63
659970,63
231259,63
318692,63
439308,63
673268,63
603935,63
219377,63
502430,63
496957,63
106475,63
652051,63
643810,63
160441,63
161654,63
426613,63
601161,63
26658,63
459116,63
283086,63
232561,63
39251,63
696673,63
376759,63
501098,63
274240,63
121786,63
75747,63
96133,63
397526,63
78997,63
473939,63
153517,63
300256,63
480224,63
415465,63
146228,63
218576,63
82278,63
545400,63
466514,63
450165,63
485410,63
685353,63
610977,63
315894,63
248877,63
292654,63
107437,63
33612,63
291083,63
632392,63
435710,63
403544,63
6527,63
417435,63
76249,63
516917,63
442441,63
41399,63
324179,63
605772,63
687807,63
674813,63
301814,63
606408,63
459624,63
156614,63
316176,63
158013,63
431732,63
21034,63
447381,63
393682,63
563713,63
409950,63
670896,63
54511,63
24066,63
609646,63
169720,63
381410,63
619984,63
110192,63
247268,63
135648,63
228796,63
137032,63
477468,63
480030,63
109611,63
289408,63
494998,63
346149,63
619617,63
617225,63
278843,63
191100,63
410667,63
53797,63
203514,63
523437,63
78399,63
371679,63
472085,63
114050,63
279057,63
600282,63
315578,63
109265,63
310755,63
320105,63
181743,63
691429,63
167782,63
187922,63
578005,63
417431,63
249447,63
357125,63
416402,63
480150,63
46694,63
68211,63
476445,63
267224,63
68046,63
489553,63
432155,63
153278,63
553073,63
22394,63
659702,63
658783,63
393119,63
156459,63
365735,63
6149,63
255075,63
509630,63
539258,63
695970,63
155260,63
596128,63
52543,63
173816,63
413073,63
124504,63
601592,63
438636,63
243086,63
337896,63
266646,63
135692,63
697080,63
678969,63
155583,63
581171,63
140104,63
181426,63
2880,63
52170,63
613971,63
60707,63
605152,63
98890,63
385719,63
32411,63
325657,63
272856,63
156092,63
496036,63
272785,63
259249,63
255004,63
392841,63
646161,63
177913,63
5871,63
219411,63
204389,63
221866,63
601546,63
224324,63
683097,63
354160,63
129561,63
197497,63
190669,63
672217,63
672919,63
241475,63
606025,63
666097,63
350666,63
259064,63
107053,63
123627,63
690939,63
283556,63
693396,63
605507,63
38499,63
118720,63
107496,63
460234,63
514981,63
43455,63
495014,63
246452,63
77950,63
84012,63
554571,63
445102,63
92807,63
586927,63
235114,63
687969,63
153697,63
194467,63
450660,63
298471,63
610636,63
514435,63
448776,63
361297,63
442062,63
624844,63
219811,63
27846,63
289553,63
85485,63
19025,63
31567,63
597234,63
151235,63
497750,63
225054,63
651560,63
599295,63
60378,63
36869,63
684859,63
147067,63
540557,63
441094,63
678020,63
218762,63
471019,63
190764,63
354925,63
527248,63
267614,63
529568,63
648197,63
39879,63
386895,63
699072,63
627060,63
408838,63
405118,63
29377,63
359420,63
35009,63
674082,63
228624,63
173906,63
590853,63
597741,63
694500,63
589328,63
208944,63
297707,63
364787,63
27249,63
180213,63
655976,63
641258,63
367620,63
466209,63
401401,63
175836,63
684677,63
209817,63
171059,63
565905,63
214614,63
282699,63
442742,63
599668,63
599698,63
151847,63
86800,63
337364,63
17376,63
126595,63
304754,63
242303,63
280247,63
214592,63
351966,63
93573,63
449602,63
81197,63
371112,63
568706,63
471458,63
498196,63
310594,63
76865,63
616676,63
274507,63
596486,63
477952,63
270268,63
593992,63
508937,63
245310,63
301102,63
462365,63
356108,63
1333,63
672701,63
373355,63
331837,63
670303,63
682358,63
274528,63
468063,63
351990,63
497694,63
415594,63
380357,63
182182,63
338808,63
594857,63
589133,63
308532,63
512212,63
382310,63
644998,63
433636,63
697195,63
446339,63
329179,63
93147,63
492376,63
666142,63
93083,63
570703,63
553172,63
119841,63
485911,63
548133,63
659803,63
640101,63
266739,63
536483,63
236489,63
547470,63
289779,63
486344,63
454317,63
123352,63
567068,63
632829,63
478485,63
647741,63
593321,63
360956,63
650468,63
160094,63
443477,63
385744,63
398348,63
82210,63
479434,63
329157,63
353211,63
372164,63
336913,63
695454,63
698193,63
244504,63
20873,63
253228,63
599509,63
292540,63
368915,63
69243,63
138183,63
107599,63
551041,63
89999,63
215679,63
567802,63
47188,63
270746,63
694978,63
591904,63
467001,63
167404,63
291738,63
694265,63
317160,63
241841,63
370700,63
75630,63
166864,63
266546,63
102542,63
354869,63
169294,63
122669,63
432527,63
607253,63
243882,63
103809,63
201353,63
462995,63
37513,63
586589,63
362874,63
212492,63
255612,63
348442,63
582944,63
16687,63
694118,63
385725,63
457102,63
502064,63
394738,63
179848,63
384933,63
186086,63
16583,63
48102,63
260514,63
452998,63
33822,63
249692,63
431412,63
266048,63
471042,63
575061,63
551370,63
200892,63
39414,63
365269,63
312244,63
197551,63
687205,63
302054,63
312383,63
561706,63
267908,63
302408,63
229166,63
607856,63
619633,63
473597,63
98610,63
332296,63
27188,63
451586,63
596405,63
296459,63
147527,63
140683,63
574997,63
397372,63
623683,63
196170,63
646719,63
299928,63
651090,63
689927,63
570277,63
181025,63
114565,63
314447,63
233243,63
466143,63
101988,63
86759,63
481532,63
36298,63
384000,63
588431,63
97879,63
265298,63
438498,63
342278,63
259312,63
207301,63
25162,63
612352,63
188323,63
382902,63
244578,63
691555,63
333903,63
182666,63
584327,63
466051,63
62842,63
279290,63
613331,63
357342,63
478953,63
540449,63
551926,63
47235,63
141330,63
476654,63
317270,63
518612,63
35674,63
425740,63
48931,63
43598,63
8180,63
129179,63
531465,63
639213,63
305830,63
172494,63
320494,63
476112,63
70468,63
658902,63
123159,63
130821,63
567113,63
313977,63
665426,63
457074,63
260965,63
315970,63
533740,63
495543,63
15477,63
497595,63
278655,63
529134,63
252923,63
14012,63
649051,63
349631,63
217564,63
201076,63
451606,63
70539,63
1483,63
37520,63
307250,63
374409,63
26034,63
91381,63
505079,63
477762,63
229163,63
658645,63
436872,63
577839,63
460556,63
593227,63
313854,63
417319,63
443036,63
483727,63
37833,63
394155,63
606502,63
477927,63
697377,63
486337,63
498584,63
18128,63
314504,63
483157,63
84246,63
542362,63
35217,63
484706,63
502188,63
327187,63
624414,63
261647,63
675856,63
430211,63
46071,63
94322,63
568417,63
460055,63
565399,63
627967,63
133415,63
262058,63
271751,63
21348,63
217576,63
64247,63
308820,63
299012,63
177246,63
376944,63
490962,63
159022,63
451082,63
104236,63
214349,63
289188,63
358661,63
334533,63
258817,63
222262,63
512650,63
167663,63
96363,63
360789,63
603407,63
580505,63
487366,63
405943,63
431266,63
22361,63
24208,63
169858,63
21504,63
658319,63
331603,63
490374,63
151984,63
263250,63
231733,63
529202,63
533680,63
24172,63
472420,63
415893,63
300282,63
635563,63
331254,63
122328,63
301293,63
138330,63
34319,63
382788,63
134607,63
647602,63
425425,63
491261,63
488078,63
588530,63
483034,63
294704,63
676617,63
198208,63
259994,63
70420,63
511188,63
494763,63
388929,63
35122,63
195811,63
621581,63
680742,63
32217,63
50778,63
486097,63
273012,63
478835,63
519807,63
191183,63
122983,63
271350,63
515684,63
19126,63
625098,63
493285,63
395913,63
676749,63
214205,63
274607,63
534448,63
609013,63
468770,63
298752,63
461859,63
579749,63
607976,63
411816,63
197791,63
214648,63
111230,63
546098,63
129997,63
84294,63
44293,63
427461,63
271644,63
504268,63
51965,63
622524,63
296120,63
558469,63
615958,63
587938,63
197955,63
512559,63
2405,63
409818,63
262878,63
195759,63
667332,63
167589,63
130584,63
599209,63
538837,63
678494,63
518398,63
551683,63
7392,63
220803,63
327655,63
274350,63
627435,63
552761,63
501272,63
380501,63
276577,63
178823,63
602205,63
654489,63
446800,63
177628,63
630581,63
332742,63
436100,63
432435,63
104647,63
542290,63
363199,63
670028,63
595482,63
306527,63
641723,63
370591,63
523881,63
192332,63
459385,63
111705,63
216091,63
173620,63
22289,63
698662,63
322175,63
380283,63
196159,63
250811,63
698081,63
45822,63
181072,63
292462,63
251227,63
631949,63
521404,63
166943,63
264524,63
410100,63
200024,63
100324,63
53263,63
16653,63
649239,63
680337,63
203550,63
287862,63
431805,63
28313,63
65450,63
43067,63
386371,63
132006,63
651966,63
170005,63
299451,63
142493,63
648095,63
489080,63
368444,63
607361,63
216671,63
42857,63
75215,63
129501,63
41556,63
472338,63
113916,63
533229,63
28189,63
328615,63
23789,63
517267,63
384126,63
402562,63
1782,63
241963,63
390802,63
641116,63
240404,63
381644,63
670521,63
644982,63
138225,63
673750,63
413357,63
49741,63
340645,63
428840,63
489934,63
273708,63
237784,63
426,63
616059,63
131594,63
408400,63
41054,63
74746,63
482180,63
63273,63
276602,63
244607,63
236659,63
109810,63
317809,63
461020,63
495264,63
628230,63
470176,63
283038,63
620158,63
106263,63
376334,63
443914,63
396996,63
39060,63
626085,63
352642,63
577033,63
639761,63
650821,63
300265,63
84225,63
692985,63
643875,63
193945,63
521992,63
416176,63
138044,63
78730,63
129218,63
219034,63
222886,63
57845,63
110817,63
580621,63
182318,63
139990,63
390915,63
106030,63
27970,63
23932,63
285668,63
246758,63
294840,63
143054,63
689991,63
92817,63
478748,63
505157,63
163618,63
317900,63
3094,63
663465,63
511803,63
41424,63
626233,63
190800,63
551467,63
430916,63
436541,63
333317,63
612085,63
213473,63
131556,63
363041,63
474298,63
411984,63
110279,63
500454,63
36786,63
563108,63
439904,63
100475,63
21300,63
527531,63
592856,63
633936,63
114149,63
82601,63
82447,63
160115,63
105848,63
669491,63
198609,63
323592,63
163107,63
161918,63
431624,63
364256,63
18978,63
227664,63
33692,63
194438,63
651587,63
149556,63
594945,63
346569,63
609130,63
331637,63
36951,63
483516,63
686607,63
295834,63
84135,63
101390,63
286041,63
285045,63
14169,63
46683,63
324337,63
206200,63
576718,63
498156,63
615288,63
661451,63
370045,63
220555,63
548603,63
649257,63
20776,63
298265,63
514509,63
109017,63
164094,63
513524,63
521900,63
523879,63
566434,63
625879,63
268758,63
575234,63
240790,63
118168,63
490328,63
135530,63
130399,63
269626,63
568643,63
564506,63
375137,63
306872,63
62278,63
674602,63
42286,63
672985,63
92715,63
324173,63
592350,63
608591,63
127772,63
554282,63
297044,63
534323,63
85419,63
542928,63
108432,63
646092,63
663538,63
592878,63
488294,63
445470,63
564739,63
520273,63
605341,63
130905,63
6846,63
245789,63
52434,63
80169,63
380571,63
284702,63
611876,63
32018,63
676709,63
235170,63
491231,63
596825,63
569232,63
561423,63
699209,63
395254,63
94267,63
179552,63
460360,63
490969,63
89612,63
598931,63
356076,63
392506,63
296473,63
306423,63
429337,63
157341,63
509254,63
38036,63
676328,63
532820,63
675352,63
384904,63
82366,63
613902,63
562269,63
407549,63
307890,63
76148,63
48310,63
53921,63
571585,63
152985,63
619028,63
432044,63
562466,63
418041,63
507827,63
276391,63
583250,63
349552,63
633811,63
144737,63
580270,63
314683,63
362795,63
270930,63
503201,63
664930,63
250678,63
677166,63
160614,63
676999,63
278555,63
290230,63
191435,63
681534,63
484211,63
496206,63
131134,63
394904,63
609479,63
509084,63
678422,63
221502,63
544437,63
584911,63
53429,63
336292,63
606446,63
170870,63
186810,63
461697,63
330660,63
314553,63
632063,63
566119,63
127848,63
94522,63
612371,63
103578,63
270348,63
416189,63
636205,63
263834,63
361762,63
383530,63
638671,63
336119,63
171779,63
204007,63
102955,63
192473,63
160682,63
266890,63
365061,63
498939,63
643436,63
164008,63
76650,63
412435,63
329380,63
143629,63
309304,63
555047,63
260524,63
438409,63
153143,63
31983,63
37656,63
232963,63
349224,63
476423,63
694176,63
470141,63
606703,63
66647,63
316923,63
668165,63
280827,63
535787,63
559031,63
470726,63
68720,63
64935,63
142918,63
208345,63
62566,63
440864,63
294022,63
446655,63
153067,63
378467,63
348428,63
115105,63
85379,63
265660,63
666610,63
427632,63
109901,63
524757,63
160334,63
13825,63
377926,63
333521,63
651113,63
314588,63
556740,63
677531,63
149591,63
610008,63
197178,63
311954,63
315211,63
137796,63
651843,63
642429,63
552837,63
98376,63
123137,63
82944,63
386518,63
220052,63
192886,63
242641,63
281279,63
203088,63
493558,63
459708,63
448153,63
229213,63
185731,63
85844,63
496210,63
76721,63
107217,63
407536,63
398410,63
7999,63
29489,63
425685,63
642825,63
287044,63
469033,63
306109,63
392974,63
388786,63
154983,63
639167,63
157386,63
83980,63
35754,63
630270,63
59272,63
156190,63
219301,63
682869,63
149823,63
260695,63
633626,63
581758,63
509393,63
695242,63
616270,63
101987,63
158527,63
689758,63
256882,63
638577,63
110927,63
385542,63
339110,63
127190,63
31361,63
424230,63
263107,63
441454,63
528768,63
643281,63
407364,63
212581,63
42851,63
149458,63
15393,63
241688,63
367386,63
185328,63
227550,63
439384,63
228003,63
381544,63
330798,63
30101,63
427539,63
28921,63
212181,63
408446,63
283839,63
238442,63
245784,63
324309,63
59151,63
118888,63
492455,63
332891,63
130044,63
578930,63
137231,63
488003,63
350600,63
62848,63
38423,63
477186,63
673749,63
679884,63
551112,63
57052,63
468903,63
146572,63
674483,63
620077,63
663647,63
537721,63
406306,63
320508,63
281743,63
381162,63
252716,63
246873,63
275591,63
463440,63
648444,63
530051,63
579897,63
642393,63
132296,63
405705,63
460109,63
567363,63
75478,63
301512,63
634613,63
560487,63
469891,63
458699,63
175989,63
485365,63
133824,63
409484,63
402837,63
89667,63
593415,63
450798,63
27108,63
567954,63
494652,63
685252,63
521191,63
250092,63
485819,63
223638,63
339200,63
192268,63
399690,63
385752,63
527843,63
640956,63
561615,63
167412,63
375047,63
513182,63
287657,63
262740,63
382483,63
210928,63
170621,63
299617,63
185087,63
487440,63
553528,63
455642,63
327828,63
373793,63
338503,63
439717,63
354912,63
690447,63
466255,63
406848,63
477263,63
8735,63
374956,63
536244,63
518756,63
563741,63
424767,63
295682,63
208487,63
638530,63
608987,63
589724,63
2039,63
328998,63
58690,63
363210,63
322864,63
313988,63
39734,63
222260,63
105241,63
484437,63
252388,63
278430,63
697659,63
576741,63
641472,63
299452,63
159857,63
172522,63
374318,63
602860,63
336679,63
551083,63
509714,63
225717,63
137488,63
675291,63
19302,63
230005,63
284664,63
437011,63
168278,63
432560,63
690235,63
105605,63
548811,63
522422,63
1670,63
383771,63
155848,63
551369,63
306018,63
405236,63
14038,63
10134,63
408486,63
279409,63
587076,63
222341,63
498405,63
224937,63
640657,63
140935,63
9565,63
578714,63
59397,63
436309,63
328603,63
423651,63
362334,63
419800,63
615420,63
398969,63
63882,63
139230,63
255797,63
123815,63
109493,63
605536,63
318961,63
634467,63
88928,63
348715,63
516468,63
408135,63
647321,63
187043,63
416590,63
587902,63
576645,63
608998,63
486788,63
78976,63
519425,63
651535,63
145710,63
53016,63
559201,63
213037,63
132959,63
655269,63
566786,63
413490,63
429020,63
61665,63
99531,63
101620,63
348254,63
137844,63
292673,63
696566,63
227478,63
100598,63
302406,63
148704,63
131729,63
74452,63
237601,63
177419,63
421323,63
48759,63
162927,63
149403,63
250274,63
83286,63
62763,63
372097,63
603898,63
370512,63
390708,63
667928,63
4648,63
129595,63
398720,63
328713,63
496262,63
668476,63
298184,63
527243,63
549287,63
252687,63
600948,63
398009,63
178985,63
478231,63
575616,63
317929,63
425798,63
632920,63
194084,63
644657,63
519117,63
261568,63
119391,63
330222,63
519500,63
446937,63
490113,63
506771,63
405112,63
88423,63
74192,63
279869,63
602056,63
679424,63
169831,63
335137,63
501052,63
323110,63
565205,63
190634,63
462914,63
303712,63
598309,63
260356,63
405683,63
658227,63
20541,63
25089,63
687855,63
471595,63
41893,63
409313,63
515934,63
91990,63
144171,63
334388,63
649662,63
503792,63
361978,63
305975,63
452211,63
246284,63
450000,63
570855,63
295978,63
650568,63
295126,63
347873,63
205805,63
220321,63
470688,63
319524,63
365876,63
648203,63
58456,63
694585,63
395195,63
604020,63
367677,63
79300,63
164493,63
141125,63
203941,63
66603,63
601970,63
274413,63
172280,63
565244,63
96061,63
372783,63
542039,63
203352,63
635505,63
425647,63
567749,63
467367,63
257016,63
574110,63
458849,63
497404,63
697927,63
193963,63
170506,63
471408,63
412067,63
243471,63
609753,63
268003,63
74818,63
325896,63
29924,63
365043,63
189555,63
41671,63
203190,63
19761,63
506530,63
102047,63
628498,63
504981,63
355356,63
116634,63
250319,63
401373,63
375831,63
258458,63
100948,63
62994,63
666983,63
315615,63
580982,63
72053,63
588260,63
672131,63
175237,63
667329,63
342862,63
380324,63
331575,63
618424,63
332054,63
365491,63
358259,63
204616,63
224121,63
37929,63
541444,63
554636,63
104961,63
124300,63
426341,63
141113,63
1569,63
62579,63
168345,63
456335,63
418384,63
159776,63
133013,63
246041,63
401158,63
193528,63
220142,63
208190,63
406043,63
482572,63
523770,63
50870,63
689172,63
556807,63
117118,63
72342,63
399346,63
182870,63
291825,63
27700,63
675973,63
614505,63
168685,63
284637,63
82550,63
582199,63
66858,63
695699,63
81302,63
561620,63
428379,63
75068,63
604088,63
81053,63
201766,63
653750,63
276799,63
381612,63
594154,63
543564,63
133210,63
72074,63
536320,63
47978,63
573868,63
470399,63
228887,63
203593,63
305991,63
24758,63
471708,63
164785,63
628209,63
177533,63
90742,63
491448,63
4143,63
592170,63
550188,63
276713,63
88637,63
158305,63
490673,63
293290,63
59198,63
91986,63
197706,63
110648,63
170914,63
627870,63
403939,63
621492,63
618785,63
267386,63
655575,63
82122,63
340717,63
689248,63
351268,63
545089,63
26166,63
472690,63
86470,63
64648,63
456363,63
205234,63
436262,63
357812,63
632135,63
172360,63
219326,63
318472,63
56936,63
440255,63
406440,63
493655,63
488497,63
554184,63
104398,63
326869,63
146870,63
661746,63
341297,63
472685,63
329473,63
123825,63
19491,63
673726,63
399047,63
461566,63
341924,63
328638,63
571584,63
502025,63
316202,63
228332,63
610711,63
523015,63
355015,63
551941,63
373016,63
608784,63
180485,63
551055,63
233099,63
120206,63
12796,63
369740,63
315528,63
106394,63
694832,63
655289,63
91521,63
301699,63
275005,63
489205,63
449292,63
82292,63
355980,63
478210,63
62013,63
57428,63
678679,63
233938,63
549779,63
322829,63
18846,63
431552,63
359083,63
326033,63
557181,63
170154,63
582985,63
29158,63
608204,63
621471,63
302980,63
149079,63
582096,63
506197,63
428187,63
140119,63
22147,63
386427,63
169904,63
137509,63
258242,63
192397,63
310257,63
629848,63
610724,63
358558,63
5645,63
93472,63
595541,63
639784,63
592044,63
521346,63
657124,63
629413,63
270049,63
515028,63
550339,63
188859,63
347215,63
206201,63
598952,63
397908,63
561664,63
123807,63
447188,63
244619,63
604261,63
600126,63
250888,63
45625,63
377936,63
183831,63
599676,63
521348,63
656962,63
553903,63
414417,63
258761,63
74778,63
423813,63
226484,63
382138,63
623178,63
451363,63
574933,63
490498,63
399219,63
376235,63
113009,63
209445,63
438695,63
590649,63
426971,63
288153,63
579123,63
71753,63
290535,63
443103,63
628275,63
176895,63
293015,63
31277,63
29043,63
292948,63
308815,63
628161,63
47539,63
634217,63
371618,63
126754,63
437715,63
231867,63
32369,63
663388,63
192100,63
111048,63
376992,63
152132,63
49589,63
663332,63
292893,63
593023,63
559787,63
175712,63
201242,63
373090,63
391298,63
188922,63
383747,63
415369,63
96316,63
605862,63
587604,63
374421,63
338334,63
662775,63
684599,63
585413,63
156534,63
413660,63
418772,63
567483,63
538278,63
385687,63
511905,63
623314,63
47374,63
178136,63
192135,63
26716,63
447122,63
63157,63
390694,63
189545,63
118621,63
178464,63
606182,63
143954,63
448197,63
377520,63
583879,63
465370,63
470054,63
534464,63
422469,63
102980,63
518866,63
68418,63
111722,63
50157,63
137639,63
178363,63
429029,63
611094,63
142275,63
376956,63
660364,63
509997,63
106002,63
28357,63
611199,63
218569,63
149604,63
398555,63
344332,63
169404,63
118567,63
329431,63
148156,63
685809,63
441545,63
639124,63
24766,63
380149,63
420668,63
581658,63
486149,63
547144,63
581573,63
544574,63
308078,63
130790,63
415487,63
542510,63
263422,63
528952,63
559784,63
72788,63
172718,63
307163,63
643930,63
437344,63
563575,63
697485,63
339476,63
615341,63
295882,63
572546,63
609128,63
548206,63
3733,63
293109,63
196929,63
608341,63
595503,63
92118,63
9271,63
404359,63
8692,63
68231,63
549370,63
525109,63
126443,63
457726,63
530634,63
53861,63
360220,63
240308,63
167338,63
400768,63
150938,63
263651,63
489359,63
648474,63
44013,63
315388,63
633009,63
2226,63
45570,63
99459,63
377729,63
373289,63
324951,63
406009,63
38720,63
458564,63
604629,63
599208,63
505000,63
503364,63
429680,63
591645,63
665334,63
491085,63
219624,63
110746,63
664278,63
411176,63
35645,63
567355,63
455643,63
510912,63
382411,63
272507,63
401806,63
611844,63
405259,63
422845,63
685226,63
422796,63
303377,63
184340,63
539439,63
289308,63
529521,63
491409,63
606472,63
306161,63
424450,63
447507,63
499198,63
229969,63
213165,63
184908,63
87040,63
284411,63
325623,63
355227,63
148613,63
528437,63
356704,63
65766,63
171371,63
30840,63
542818,63
189889,63
14391,63
513168,63
355368,63
272555,63
267236,63
638854,63
468472,63
609195,63
412531,63
547008,63
552851,63
435254,63
340264,63
287613,63
572791,63
573397,63
295766,63
603362,63
457254,63
682621,63
513238,63
505367,63
583108,63
154973,63
632262,63
381822,63
287611,63
169146,63
610593,63
639070,63
525925,63
406549,63
588321,63
91403,63
572691,63
561548,63
509342,63
214590,63
85877,63
464573,63
54054,63
624761,63
36484,63
16989,63
319882,63
240538,63
318121,63
284826,63
85754,63
433136,63
5470,63
220248,63
131520,63
658294,63
160853,63
364850,63
341089,63
568365,63
58524,63
282451,63
178674,63
570265,63
301888,63
181981,63
77300,63
86296,63
474106,63
553873,63
357765,63
631461,63
518615,63
232540,63
69246,63
489327,63
331070,63
457329,63
39385,63
581258,63
145281,63
498957,63
693654,63
321136,63
437213,63
552894,63
415208,63
186478,63
432644,63
377778,63
109212,63
429022,63
52374,63
332271,63
213371,63
559248,63
83808,63
379748,63
527695,63
493868,63
368503,63
78200,63
310112,63
596861,63
265562,63
432571,63
247741,63
656153,63
287727,63
15908,63
486778,63
689486,63
279178,63
242683,63
91523,63
329399,63
496390,63
22197,63
139504,63
210523,63
370105,63
292005,63
292685,63
344706,63
14417,63
245652,63
627893,63
345005,63
650888,63
132495,63
321594,63
296363,63
317142,63
256779,63
253522,63
466853,63
480565,63
313050,63
44240,63
152284,63
163716,63
255725,63
239280,63
534108,63
127309,63
471775,63
92815,63
254551,63
383465,63
277317,63
447182,63
520260,63
415282,63
122738,63
147339,63
24883,63
643455,63
384615,63
364179,63
670812,63
632975,63
684975,63
417321,63
257722,63
392649,63
478645,63
23188,63
83916,63
317540,63
455605,63
630236,63
501074,63
465154,63
246311,63
325904,63
21555,63
157440,63
608168,63
453905,63
233663,63
7845,63
692173,63
487451,63
629883,63
521260,63
66288,63
256905,63
651316,63
587993,63
375665,63
210153,63
275737,63
233449,63
595492,63
364334,63
385830,63
162579,63
318462,63
163733,63
212985,63
460112,63
472349,63
94058,63
42080,63
863,63
502054,63
10583,63
229397,63
344561,63
320220,63
621113,63
74194,63
197110,63
272575,63
158513,63
671000,63
685558,63
304706,63
531274,63
530175,63
432336,63
169624,63
675888,63
578038,63
677530,63
550064,63
286431,63
306114,63
553267,63
379886,63
523393,63
82283,63
467393,63
46743,63
341136,63
629869,63
286333,63
196412,63
344823,63
177272,63
139694,63
281285,63
244806,63
324653,63
161910,63
471964,63
448690,63
326303,63
199926,63
497970,63
83476,63
341928,63
682347,63
564373,63
254778,63
230690,63
98413,63
370860,63
286883,63
88384,63
160156,63
468589,63
240840,63
329421,63
673127,63
251952,63
464264,63
131903,63
273597,63
139612,63
498721,63
560312,63
494974,63
429936,63
282551,63
292915,63
452005,63
542886,63
345609,63
217559,63
202366,63
87464,63
662081,63
603212,63
245569,63
232633,63
307122,63
455666,63
313518,63
15777,63
276641,63
464966,63
618134,63
151347,63
359615,63
266661,63
312863,63
600231,63
35474,63
623379,63
547271,63
476324,63
656932,63
284746,63
665081,63
106542,63
22970,63
181520,63
366883,63
221648,63
11557,63
546168,63
96167,63
541121,63
635903,63
326887,63
432729,63
235932,63
320116,63
143532,63
12973,63
524403,63
256409,63
349132,63
640128,63
597715,63
255027,63
263871,63
391097,63
168938,63
673353,63
23685,63
345606,63
404853,63
696570,63
640878,63
457259,63
437257,63
344828,63
168130,63
260023,63
265358,63
426127,63
23094,63
658933,63
520351,63
74919,63
72794,63
34561,63
385330,63
624407,63
682311,63
564917,63
109678,63
397059,63
8174,63
273445,63
687706,63
390545,63
648572,63
460232,63
666980,63
44432,63
221575,63
215838,63
583045,63
225141,63
404864,63
630032,63
289170,63
442209,63
688501,63
646097,63
95383,63
604585,63
274928,63
364412,63
156989,63
317371,63
545840,63
68059,63
21382,63
238681,63
408639,63
399969,63
255446,63
76377,63
11420,63
132630,63
155997,63
543487,63
68503,63
477796,63
482437,63
164482,63
597219,63
328570,63
631889,63
485111,63
176013,63
140676,63
655144,63
332517,63
144514,63
452555,63
138452,63
261825,63
607967,63
262921,63
108958,63
111394,63
603729,63
502717,63
466949,63
66228,63
196945,63
256798,63
445190,63
325024,63
598762,63
37295,63
663901,63
55067,63
30217,63
336990,63
408931,63
612427,63
607038,63
302622,63
111508,63
520138,63
639312,63
95270,63
451281,63
295214,63
695092,63
117332,63
471624,63
646758,63
620445,63
157543,63
52437,63
531390,63
529488,63
84368,63
443155,63
79069,63
383661,63
683429,63
72557,63
373864,63
105360,63
71193,63
351293,63
277877,63
603141,63
394550,63
561438,63
335973,63
498412,63
6378,63
252409,63
48015,63
260794,63
629271,63
601777,63
484166,63
611825,63
406467,63
644984,63
16043,63
247387,63
671429,63
381246,63
606145,63
620337,63
148195,63
311101,63
223758,63
263557,63
488137,63
634936,63
679295,63
338133,63
393912,63
299613,63
225210,63
395849,63
243422,63
137185,63
483467,63
396356,63
44544,63
184315,63
569784,63
643765,63
94960,63
394269,63
688878,63
211711,63
331770,63
663127,63
344491,63
352365,63
121967,63
87171,63
371787,63
1037,63
355032,63
672434,63
257897,63
447468,63
35875,63
469107,63
522986,63
174354,63
198806,63
626987,63
368706,63
430466,63
382433,63
664054,63
307177,63
25560,63
590278,63
9527,63
164485,63
659248,63
660746,63
369457,63
65289,63
149515,63
616596,63
75023,63
336220,63
301662,63
210436,63
595164,63
640284,63
174812,63
11512,63
563966,63
558361,63
409559,63
585588,63
622926,63
171163,63
92712,63
231791,63
305995,63
642802,63
197067,63
266817,63
317923,63
329299,63
337421,63
685666,63
363116,63
484778,63
469750,63
337952,63
656434,63
77694,63
665520,63
694296,63
211576,63
184452,63
633304,63
28614,63
277978,63
680423,63
611333,63
258027,63
469692,63
408059,63
591346,63
102594,63
62553,63
649426,63
352199,63
33568,63
23338,63
637804,63
554660,63
523530,63
6666,63
426290,63
46009,63
332840,63
286010,63
133005,63
390248,63
223308,63
615369,63
692409,63
619647,63
500016,63
121095,63
84232,63
560876,63
104065,63
458088,63
553243,63
698083,63
221260,63
643125,63
127545,63
355055,63
231313,63
56859,63
354067,63
567179,63
516686,63
112545,63
510425,63
581148,63
600865,63
124576,63
374790,63
612029,63
311626,63
669755,63
405945,63
604335,63
165152,63
488714,63
520545,63
694351,63
124213,63
620950,63
646560,63
620868,63
484966,63
604216,63
213776,63
456987,63
134877,63
463050,63
197565,63
32600,63
621727,63
692810,63
201022,63
267576,63
340370,63
650485,63
346899,63
65255,63
274392,63
459953,63
518338,63
527358,63
655292,63
411400,63
206216,63
491893,63
653727,63
112989,63
429235,63
66031,63
559062,63
231232,63
77442,63
363892,63
312992,63
408996,63
553946,63
271794,63
59014,63
137153,63
144860,63
352664,63
554835,63
573866,63
127944,63
569951,63
402207,63
640708,63
478763,63
380920,63
104648,63
661708,63
210066,63
332844,63
123708,63
291295,63
473426,63
635159,63
6630,63
360030,63
697531,63
347339,63
407758,63
373666,63
274053,63
33030,63
407048,63
587290,63
662200,63
693101,63
238080,63
137267,63
595061,63
81089,63
376044,63
331610,63
228803,63
88306,63
222827,63
156797,63
19320,63
255002,63
182132,63
155868,63
484946,63
269948,63
228700,63
370145,63
691201,63
476924,63
110036,63
10362,63
668096,63
518618,63
270939,63
501948,63
458515,63
419381,63
203409,63
416372,63
684948,63
234376,63
90947,63
103365,63
559266,63
567616,63
75678,63
681966,63
55740,63
2960,63
20565,63
108116,63
542810,63
400085,63
291685,63
620867,63
122281,63
477075,63
350902,63
328506,63
546856,63
69892,63
170691,63
369265,63
699063,63
265217,63
542835,63
577841,63
516538,63
629231,63
525139,63
236800,63
445238,63
169160,63
265768,63
176703,63
131283,63
69513,63
252162,63
499967,63
130093,63
335553,63
691944,63
101236,63
330625,63
587917,63
370506,63
186259,63
512579,63
599246,63
467276,63
40680,63
682014,63
661845,63
593776,63
550292,63
175840,63
63501,63
104693,63
300600,63
697689,63
281115,63
650852,63
32504,63
635545,63
112530,63
544943,63
632,63
683531,63
198614,63
603231,63
469577,63
150860,63
650377,63
488057,63
506081,63
355816,63
287938,63
500973,63
218679,63
689952,63
686431,63
310696,63
253790,63
144170,63
448161,63
447792,63
285431,63
641870,63
570392,63
410568,63
622805,63
97415,63
684696,63
175391,63
111757,63
506377,63
670198,63
153830,63
372713,63
383781,63
39383,63
152563,63
381757,63
657935,63
80583,63
384805,63
354308,63
549351,63
360406,63
234407,63
142771,63
61700,63
462513,63
228557,63
21726,63
641546,63
175536,63
435838,63
472788,63
50929,63
476819,63
88838,63
157275,63
624617,63
71795,63
516367,63
8689,63
217622,63
632613,63
593811,63
480491,63
127363,63
30985,63
270469,63
332502,63
445881,63
369619,63
266026,63
563820,63
17320,63
640438,63
152126,63
118012,63
85815,63
283193,63
185890,63
412214,63
663649,63
572932,63
258401,63
610897,63
670061,63
229176,63
643720,63
598322,63
441740,63
291831,63
220571,63
349133,63
104366,63
528564,63
223727,63
370991,63
358010,63
630280,63
57652,63
313908,63
398866,63
560745,63
584568,63
654530,63
14555,63
539542,63
387952,63
79463,63
663005,63
227079,63
157479,63
5309,63
8449,63
356287,63
389492,63
251732,63
504858,63
676042,63
418380,63
393520,63
175286,63
241783,63
526546,63
563298,63
226309,63
157989,63
151473,63
60225,63
422110,63
163541,63
247664,63
37493,63
41613,63
655892,63
53072,63
653626,63
519639,63
278759,63
640079,63
249285,63
586531,63
570956,63
497823,63
235691,63
224645,63
127857,63
57077,63
335307,63
98638,63
554502,63
123351,63
131018,63
400025,63
551521,63
355950,63
540937,63
268331,63
668237,63
276001,63
109036,63
113296,63
613657,63
672316,63
557441,63
366344,63
328342,63
385151,63
330877,63
52861,63
199502,63
519771,63
610814,63
628914,63
463352,63
596349,63
429885,63
179640,63
497743,63
657050,63
621590,63
147748,63
116484,63
673397,63
343171,63
655527,63
478304,63
297192,63
574677,63
277724,63
76771,63
137861,63
433354,63
634917,63
372264,63
263214,63
287391,63
545939,63
573002,63
554973,63
56982,63
341648,63
332531,63
679617,63
499536,63
572860,63
204064,63
196609,63
624760,63
563765,63
165684,63
514887,63
477690,63
396682,63
616461,63
338864,63
529437,63
140319,63
362468,63
410333,63
643065,63
88034,63
445399,63
162774,63
637625,63
499275,63
274425,63
336598,63
265478,63
16792,63
425046,63
265790,63
263283,63
278133,63
56016,63
478801,63
270935,63
172088,63
137122,63
111971,63
121879,63
640790,63
377596,63
429475,63
470560,63
138442,63
257788,63
48971,63
334604,63
257737,63
632229,63
175118,63
437302,63
160074,63
669486,63
409725,63
430152,63
379432,63
101332,63
62090,63
452855,63
23568,63
225257,63
628212,63
185559,63
359723,63
597722,63
671754,63
676284,63
585486,63
472761,63
204228,63
218901,63
172184,63
170711,63
431059,63
436257,63
619752,63
81252,63
403980,63
154504,63
483212,63
269271,63
555917,63
152045,63
580191,63
635681,63
17908,63
503998,63
562129,63
387860,63
504995,63
473468,63
266420,63
317632,63
118945,63
169816,63
21878,63
372544,63
25173,63
55962,63
118474,63
181409,63
580436,63
118195,63
116734,63
162046,63
433930,63
388020,63
15192,63
119785,63
362971,63
657488,63
312864,63
675854,63
284916,63
462947,63
178681,63
41274,63
173763,63
697580,63
523326,63
366615,63
369450,63
683241,63
249843,63
327929,63
184209,63
173793,63
251144,63
434644,63
537439,63
201686,63
56759,63
608564,63
377081,63
533236,63
280958,63
85242,63
524705,63
367940,63
491274,63
195695,63
95627,63
372996,63
254895,63
600327,63
138954,63
391253,63
175830,63
69919,63
640851,63
560814,63
446193,63
483875,63
477721,63
420218,63
536581,63
144596,63
191957,63
328660,63
53867,63
34335,63
127360,63
31706,63
67421,63
157510,63
473456,63
658404,63
318192,63
455192,63
675967,63
272588,63
263788,63
122956,63
363362,63
496874,63
304930,63
289445,63
109082,63
57602,63
253701,63
681098,63
260534,63
219498,63
180971,63
84394,63
471440,63
439899,63
653090,63
388632,63
654600,63
490571,63
613539,63
397490,63
418554,63
453399,63
24107,63
224176,63
353037,63
567360,63
522163,63
676013,63
567000,63
94228,63
273373,63
54614,63
324580,63
67703,63
262991,63
105881,63
446475,63
268014,63
390163,63
116454,63
86588,63
326798,63
163184,63
417504,63
343797,63
544754,63
483129,63
692911,63
460742,63
226689,63
241368,63
198037,63
359133,63
101793,63
230641,63
575363,63
428802,63
658533,63
515858,63
572781,63
658956,63
232827,63
499301,63
2570,63
410985,63
301205,63
246324,63
338744,63
382549,63
89338,63
22493,63
571873,63
496854,63
28051,63
10357,63
244115,63
254485,63
683874,63
142939,63
653154,63
111834,63
390195,63
491068,63
169780,63
532946,63
365259,63
52329,63
121183,63
481466,63
530819,63
471557,63
548662,63
30606,63
465761,63
430918,63
145597,63
247997,63
196930,63
458241,63
656470,63
327177,63
673908,63
85562,63
458631,63
592375,63
320888,63
497586,63
400877,63
515538,63
546348,63
662996,63
622893,63
539452,63
266130,63
69505,63
608541,63
259868,63
83787,63
192425,63
396678,63
629961,63
633972,63
445184,63
529576,63
650686,63
361568,63
641039,63
224908,63
307385,63
693945,63
193521,63
578182,63
501131,63
278865,63
673228,63
278750,63
525830,63
452674,63
15774,63
15051,63
25122,63
134690,63
356146,63
88841,63
141099,63
143685,63
369194,63
455926,63
176398,63
25222,63
277719,63
109005,63
284899,63
597587,63
659140,63
652630,63
292161,63
446167,63
406235,63
20065,63
163877,63
251434,63
36099,63
331302,63
565452,63
683112,63
122114,63
324918,63
594518,63
667859,63
18914,63
596541,63
632637,63
168413,63
298259,63
149726,63
309810,63
102704,63
616815,63
74419,63
460972,63
191752,63
455385,63
599121,63
442109,63
666710,63
564254,63
221023,63
169768,63
220035,63
157552,63
136561,63
430294,63
61310,63
500770,63
401163,63
147636,63
332005,63
102676,63
261701,63
299438,63
158114,63
467842,63
392661,63
47119,63
245626,63
421887,63
681296,63
407561,63
484229,63
224185,63
422941,63
617406,63
543729,63
320996,63
532672,63
9203,63
603864,63
431926,63
755,63
406000,63
484180,63
353682,63
284422,63
303317,63
554464,63
293976,63
35278,63
412444,63
634318,63
657552,63
227869,63
376141,63
480971,63
218747,63
118637,63
617408,63
384544,63
181935,63
609548,63
355656,63
239816,63
691607,63
219342,63
314964,63
219425,63
74545,63
629547,63
274002,63
219787,63
295585,63
692310,63
500362,63
515708,63
688607,63
300241,63
299974,63
516338,63
312327,63
154520,63
481740,63
71240,63
108962,63
458246,63
245423,63
545146,63
664421,63
271224,63
680441,63
125524,63
212630,63
511568,63
314868,63
603432,63
622341,63
48379,63
133402,63
369433,63
53328,63
293751,63
611818,63
531579,63
223889,63
651436,63
344348,63
354850,63
195027,63
616126,63
174210,63
523709,63
559420,63
210276,63
87308,63
610552,63
649937,63
392544,63
570106,63
328711,63
351471,63
2059,63
173562,63
53627,63
518736,63
50652,63
618623,63
60187,63
321049,63
600066,63
294448,63
142378,63
255385,63
34271,63
383595,63
277912,63
652145,63
436988,63
198493,63
486319,63
149827,63
398962,63
260412,63
490821,63
244216,63
136994,63
159439,63
480594,63
603081,63
215516,63
219796,63
320405,63
531845,63
295791,63
298888,63
604705,63
175850,63
444249,63
132729,63
266055,63
260477,63
186116,63
479656,63
329978,63
307239,63
638418,63
651327,63
539343,63
405392,63
306376,63
12419,63
312199,63
18206,63
212819,63
170997,63
394763,63
264401,63
529592,63
87354,63
651046,63
390388,63
662852,63
495655,63
633177,63
609731,63
409071,63
683436,63
160671,63
105979,63
235639,63
181442,63
27025,63
596317,63
345307,63
131397,63
23107,63
521733,63
281439,63
622900,63
469462,63
638062,63
663825,63
424777,63
485200,63
272708,63
93116,63
448798,63
25838,63
609271,63
413113,63
88039,63
201209,63
38547,63
419510,63
443464,63
633690,63
33637,63
197569,63
570581,63
73236,63
139679,63
179102,63
308760,63
453458,63
8161,63
455618,63
293958,63
641813,63
383473,63
689940,63
509415,63
552085,63
357010,63
22550,63
284146,63
400001,63
170116,63
533177,63
608925,63
287276,63
146351,63
155589,63
662572,63
641579,63
151465,63
264373,63
103706,63
612066,63
657703,63
49170,63
269236,63
223081,63
523045,63
234734,63
247299,63
270991,63
625301,63
445677,63
308785,63
312800,63
369917,63
663535,63
266644,63
93771,63
125194,63
36493,63
657582,63
684442,63
565743,63
120810,63
304619,63
254798,63
322515,63
428919,63
268248,63
642200,63
267373,63
212136,63
342214,63
487188,63
229121,63
456094,63
543834,63
654599,63
73397,63
303526,63
67349,63
603901,63
144227,63
583868,63
623418,63
296337,63
648731,63
360897,63
145787,63
457888,63
308799,63
436376,63
559391,63
663905,63
490051,63
293657,63
674219,63
572959,63
330166,63
607317,63
689012,63
536711,63
488351,63
648187,63
42673,63
421916,63
359103,63
506601,63
344752,63
119778,63
434600,63
26605,63
436659,63
171633,63
110072,63
646575,63
140151,63
216058,63
593681,63
614174,63
8495,63
380236,63
58774,63
63853,63
655016,63
183133,63
122509,63
531952,63
15595,63
103717,63
138992,63
261851,63
296284,63
375844,63
97945,63
400859,63
159811,63
329508,63
59291,63
670719,63
356184,63
370963,63
10377,63
629790,63
670067,63
653066,63
441446,63
433241,63
210323,63
507453,63
13908,63
568107,63
687257,63
150491,63
420511,63
518505,63
172849,63
270741,63
247734,63
689471,63
421957,63
273690,63
291855,63
620063,63
618031,63
42960,63
198892,63
347637,63
368926,63
355915,63
453004,63
40626,63
466417,63
169633,63
615539,63
84298,63
119926,63
27948,63
688750,63
681733,63
367032,63
636611,63
593132,63
567804,63
622129,63
317746,63
659611,63
562895,63
409936,63
285869,63
576839,63
621048,63
690051,63
203413,63
608979,63
191059,63
562083,63
300693,63
13444,63
446566,63
611569,63
420384,63
283543,63
548422,63
444316,63
256580,63
323031,63
121060,63
494418,63
391274,63
150885,63
323309,63
656472,63
696880,63
655837,63
218361,63
259387,63
162784,63
577083,63
503021,63
594457,63
460696,63
357226,63
144152,63
394476,63
449464,63
614911,63
626509,63
229595,63
429257,63
85141,63
41673,63
501965,63
464206,63
263073,63
491397,63
258819,63
63198,63
283514,63
639288,63
378832,63
343393,63
349842,63
437521,63
642195,63
312977,63
642976,63
49911,63
482535,63
433157,63
11290,63
695892,63
452416,63
689253,63
31192,63
555470,63
522462,63
485454,63
48319,63
145720,63
497301,63
188328,63
175371,63
101367,63
64800,63
180926,63
612292,63
578409,63
589386,63
445164,63
686230,63
432405,63
432313,63
37057,63
75118,63
270723,63
267457,63
144703,63
495495,63
507612,63
89589,63
70775,63
166630,63
569068,63
18793,63
277281,63
403902,63
233189,63
67720,63
361223,63
676927,63
102770,63
651526,63
239873,63
594022,63
257210,63
495862,63
473316,63
120328,63
136556,63
464340,63
270010,63
388995,63
358197,63
611988,63
686527,63
663333,63
15078,63
45836,63
361736,63
215601,63
443328,63
383093,63
83681,63
35085,63
694371,63
352483,63
17835,63
137961,63
176774,63
497423,63
263080,63
150112,63
10872,63
410514,63
171811,63
114021,63
584164,63
354259,63
672330,63
163040,63
208250,63
422229,63
35403,63
233533,63
405138,63
626230,63
515481,63
351248,63
293181,63
655494,63
476509,63
337603,63
684342,63
222135,63
239273,63
371704,63
286376,63
555057,63
195048,63
589600,63
224598,63
196271,63
73327,63
498869,63
66724,63
235617,63
190580,63
169723,63
254612,63
133397,63
34285,63
514234,63
528118,63
559215,63
42586,63
586278,63
262683,63
499491,63
666516,63
97561,63
195290,63
490939,63
531153,63
296131,63
488556,63
685817,63
688533,63
463578,63
55652,63
287903,63
286237,63
14921,63
444877,63
297659,63
162045,63
559886,63
308092,63
392765,63
540878,63
234068,63
7364,63
337170,63
1876,63
291153,63
676703,63
480016,63
335480,63
510818,63
334818,63
211296,63
577186,63
58469,63
23944,63
681610,63
555143,63
696225,63
257994,63
416545,63
431008,63
368841,63
375048,63
75116,63
617480,63
109550,63
512092,63
636200,63
600446,63
380589,63
533904,63
156416,63
234702,63
695452,63
38612,63
12646,63
652449,63
670610,63
306907,63
153940,63
287856,63
408192,63
406238,63
647606,63
155770,63
95570,63
506238,63
381315,63
282376,63
109027,63
10443,63
213046,63
650800,63
8615,63
691372,63
17821,63
187901,63
259428,63
50176,63
378320,63
507148,63
568103,63
247976,63
83814,63
584871,63
69657,63
403355,63
231318,63
276818,63
201742,63
323647,63
408932,63
510326,63
151184,63
104514,63
394084,63
682747,63
346992,63
34448,63
55749,63
131411,63
93173,63
83756,63
125382,63
87768,63
125415,63
39431,63
645086,63
338225,63
168800,63
11458,63
333797,63
280164,63
579182,63
633146,63
584252,63
366343,63
610627,63
205561,63
411982,63
482822,63
259307,63
388489,63
29842,63
592394,63
277080,63
445661,63
582880,63
250807,63
333145,63
608147,63
497023,63
628514,63
141041,63
589819,63
412390,63
186196,63
316157,63
564246,63
60961,63
496259,63
479334,63
449939,63
675013,63
517955,63
300703,63
566540,63
470289,63
109464,63
426474,63
164113,63
458161,63
238076,63
527889,63
489853,63
120341,63
511406,63
599102,63
639373,63
291525,63
412285,63
301806,63
864,63
249572,63
479003,63
327764,63
418830,63
319103,63
287109,63
519797,63
525821,63
678351,63
411271,63
569404,63
323512,63
667936,63
92336,63
118690,63
97849,63
220679,63
418388,63
354197,63
612243,63
31631,63
347067,63
50525,63
387796,63
419645,63
334855,63
113438,63
332346,63
324735,63
353701,63
637887,63
464383,63
520554,63
61903,63
603845,63
682937,63
368135,63
611588,63
426297,63
169095,63
195936,63
201411,63
563647,63
641429,63
407206,63
142453,63
342913,63
348819,63
297151,63
159216,63
344256,63
194067,63
326795,63
395914,63
165263,63
38091,63
283446,63
49575,63
455206,63
384547,63
301929,63
679449,63
450336,63
252887,63
273669,63
668842,63
242076,63
303464,63
373183,63
579470,63
624893,63
173263,63
425488,63
45630,63
442374,63
598679,63
637662,63
554403,63
524610,63
515729,63
371049,63
42967,63
327238,63
259083,63
422602,63
221249,63
42526,63
498185,63
177131,63
64998,63
439278,63
419428,63
363452,63
120622,63
632963,63
241268,63
79017,63
585346,63
153001,63
245618,63
334149,63
215828,63
468563,63
14780,63
635789,63
360123,63
504026,63
529073,63
421982,63
428943,63
195249,63
758,63
509637,63
604482,63
362899,63
547540,63
425620,63
178250,63
535060,63
596785,63
566034,63
478271,63
133145,63
496224,63
80092,63
432601,63
121059,63
336783,63
277694,63
82206,63
279444,63
629902,63
334190,63
520865,63
7703,63
627454,63
521800,63
243152,63
417964,63
680195,63
441031,63
116778,63
646897,63
446671,63
122367,63
296545,63
108149,63
203730,63
290512,63
646167,63
641682,63
220626,63
22722,63
581767,63
96688,63
512664,63
452492,63
493589,63
501828,63
13756,63
319081,63
470747,63
258028,63
523500,63
242346,63
273865,63
357497,63
241654,63
96586,63
194173,63
502816,63
9988,63
264898,63
519895,63
118269,63
570626,63
141754,63
9721,63
209967,63
686837,63
335950,63
354347,63
113479,63
694189,63
159299,63
279825,63
425231,63
509282,63
189238,63
206081,63
585996,63
430463,63
62746,63
259489,63
439676,63
394945,63
352257,63
679875,63
109670,63
552117,63
191802,63
266535,63
381763,63
424794,63
267450,63
566420,63
595397,63
242873,63
225537,63
209268,63
135690,63
450693,63
283557,63
74267,63
409353,63
407807,63
520126,63
691216,63
90347,63
113463,63
463590,63
361376,63
115637,63
206299,63
27131,63
449636,63
526659,63
242638,63
247548,63
88973,63
639137,63
439845,63
87669,63
487716,63
419496,63
16414,63
7230,63
695485,63
302204,63
613562,63
315717,63
440124,63
395530,63
254845,63
528609,63
344510,63
508700,63
82442,63
594058,63
626510,63
120878,63
651479,63
151650,63
123622,63
677253,63
112241,63
279616,63
295582,63
298005,63
428264,63
108105,63
52563,63
661226,63
192808,63
29018,63
282534,63
38556,63
142585,63
645742,63
325617,63
14356,63
251106,63
688135,63
635993,63
178289,63
231166,63
658419,63
582547,63
301469,63
342079,63
380202,63
362437,63
669604,63
514447,63
496114,63
21727,63
580024,63
571443,63
643507,63
189713,63
220822,63
637188,63
271782,63
474766,63
40105,63
549551,63
741,63
637727,63
361351,63
141824,63
309901,63
385190,63
611625,63
476867,63
227308,63
676237,63
339764,63
140012,63
5499,63
104999,63
1617,63
306289,63
331968,63
497608,63
146414,63
383463,63
594948,63
211142,63
572493,63
398986,63
640688,63
452573,63
118516,63
637258,63
220584,63
569444,63
294387,63
633593,63
572928,63
687520,63
379246,63
313023,63
395924,63
598622,63
486292,63
352960,63
595425,63
693251,63
360942,63
663375,63
212020,63
184181,63
463948,63
640098,63
626221,63
202061,63
551686,63
656017,63
557252,63
372317,63
95799,63
122359,63
354348,63
544153,63
476986,63
178236,63
91109,63
619025,63
367055,63
638591,63
376939,63
214301,63
414471,63
684590,63
313717,63
121560,63
48542,63
610441,63
56471,63
655098,63
297158,63
684781,63
347312,63
311477,63
242943,63
111566,63
84072,63
329703,63
60200,63
484103,63
402178,63
77021,63
67084,63
336570,63
401602,63
417265,63
495073,63
210487,63
150520,63
199016,63
412437,63
70599,63
24063,63
163747,63
686834,63
656036,63
237016,63
398766,63
568238,63
265740,63
359475,63
319436,63
460587,63
247577,63
332536,63
494576,63
366590,63
522536,63
529456,63
581694,63
96780,63
633995,63
353111,63
15330,63
452411,63
364143,63
366559,63
617989,63
546270,63
697365,63
203924,63
303434,63
496445,63
354700,63
3797,63
233966,63
85678,63
444741,63
522187,63
635500,63
391851,63
380231,63
380902,63
196226,63
461463,63
218035,63
253008,63
567963,63
392706,63
442684,63
255502,63
255733,63
393845,63
154009,63
22374,63
164662,63
137709,63
314883,63
413091,63
394734,63
683574,63
154240,63
664116,63
502701,63
590454,63
362808,63
561642,63
562412,63
471406,63
43615,63
40843,63
259147,63
472426,63
273367,63
3777,63
45972,63
212093,63
509285,63
515187,63
105780,63
420464,63
8164,63
565079,63
73036,63
332070,63
220562,63
528481,63
429407,63
139597,63
602525,63
511175,63
538058,63
649535,63
42575,63
566421,63
359570,63
621054,63
555352,63
112338,63
586893,63
441856,63
403446,63
83546,63
44880,63
607515,63
552515,63
516074,63
625259,63
127826,63
265869,63
386615,63
405599,63
271134,63
129566,63
543,63
212755,63
370286,63
219148,63
370619,63
536876,63
449887,63
196144,63
41656,63
482592,63
568270,63
39287,63
32904,63
225108,63
239426,63
407683,63
381090,63
61728,63
161167,63
634800,63
580485,63
268220,63
466987,63
561577,63
488820,63
310152,63
409894,63
139223,63
234924,63
390778,63
506912,63
564260,63
567844,63
208754,63
382479,63
48659,63
466810,63
20204,63
390492,63
254903,63
552394,63
635525,63
376478,63
332118,63
397487,63
226594,63
15340,63
149721,63
645690,63
168738,63
423941,63
581126,63
152424,63
228150,63
269810,63
436512,63
366410,63
241462,63
236959,63
177512,63
83655,63
356014,63
61219,63
18916,63
67662,63
473986,63
675718,63
262584,63
358397,63
629200,63
236858,63
36980,63
142762,63
455200,63
422744,63
368967,63
166244,63
570571,63
412574,63
254806,63
94158,63
683841,63
480590,63
585642,63
300051,63
378464,63
451457,63
498727,63
379188,63
150329,63
161296,63
24449,63
678475,63
624871,63
223325,63
63306,63
350129,63
396631,63
559859,63
305271,63
319312,63
278588,63
548334,63
338520,63
165741,63
386407,63
540626,63
268306,63
167384,63
353320,63
592017,63
154272,63
275658,63
277002,63
600401,63
9915,63
540447,63
55289,63
352807,63
415089,63
654893,63
680738,63
370534,63
443015,63
375902,63
578957,63
349065,63
148902,63
229751,63
414915,63
137778,63
129001,63
213794,63
209180,63
236374,63
51491,63
399249,63
100619,63
379253,63
571355,63
153166,63
405330,63
205870,63
689447,63
192776,63
636492,63
38463,63
55679,63
275888,63
332445,63
207951,63
499172,63
298790,63
149750,63
262302,63
237650,63
273339,63
376007,63
628898,63
309598,63
135111,63
231490,63
349520,63
79310,63
416880,63
18671,63
463791,63
445943,63
361442,63
352787,63
642005,63
421938,63
252567,63
418394,63
449387,63
202015,63
24029,63
301760,63
83826,63
576756,63
171460,63
366148,63
56800,63
204095,63
642674,63
409576,63
224562,63
526401,63
386278,63
569367,63
609289,63
34312,63
1205,63
671090,63
304989,63
469956,63
14136,63
441414,63
160799,63
579245,63
399240,63
401248,63
476782,63
587492,63
275752,63
322992,63
451940,63
247478,63
467523,63
286744,63
212283,63
679251,63
580124,63
220697,63
574858,63
618691,63
597253,63
408806,63
597239,63
265527,63
99499,63
505524,63
633063,63
455296,63
382182,63
153202,63
423637,63
646850,63
226540,63
168674,63
74613,63
320743,63
480842,63
472614,63
156339,63
97550,63
75212,63
489188,63
142934,63
605059,63
343734,63
142292,63
691249,63
364208,63
193863,63
459058,63
157846,63
201917,63
366078,63
282084,63
26136,63
435528,63
276181,63
617706,63
560926,63
603225,63
379592,63
247591,63
669801,63
650595,63
673238,63
577670,63
234235,63
257013,63
519918,63
646748,63
8529,63
131401,63
535245,63
521810,63
77059,63
174398,63
387495,63
605702,63
594315,63
429958,63
44260,63
329027,63
249093,63
472738,63
303051,63
528266,63
5019,63
226820,63
423265,63
450517,63
465969,63
169212,63
580617,63
449061,63
35612,63
679968,63
245848,63
346062,63
301004,63
52503,63
680139,63
81297,63
231407,63
56505,63
93957,63
673533,63
611541,63
55955,63
245344,63
136520,63
114048,63
238832,63
433408,63
485440,63
146688,63
485961,63
244598,63
633007,63
669455,63
315614,63
262155,63
78732,63
659859,63
549313,63
462608,63
612002,63
74218,63
372514,63
386806,63
34830,63
406065,63
74719,63
645640,63
230138,63
331155,63
379274,63
132379,63
67,63
274333,63
579357,63
539190,63
333630,63
468856,63
595951,63
424173,63
361075,63
197617,63
558024,63
162468,63
126479,63
18591,63
235129,63
644340,63
306407,63
550410,63
450421,63
336304,63
382513,63
245604,63
304867,63
136481,63
171710,63
400964,63
508855,63
264846,63
122887,63
236775,63
242534,63
138905,63
601576,63
361629,63
164454,63
399042,63
463672,63
139871,63
58190,63
531147,63
175383,63
50194,63
582553,63
349130,63
469137,63
566697,63
67735,63
674693,63
637063,63
465913,63
553144,63
271969,63
671306,63
430230,63
605879,63
186205,63
363772,63
505733,63
287213,63
314009,63
313371,63
311250,63
628938,63
242631,63
130908,63
344291,63
231129,63
567443,63
615187,63
460108,63
46223,63
465039,63
191887,63
658390,63
288871,63
94836,63
444934,63
304516,63
117183,63
343383,63
223350,63
96058,63
542454,63
549535,63
291365,63
470696,63
696270,63
252097,63
690945,63
577298,63
283140,63
570721,63
520591,63
341909,63
349353,63
258258,63
393820,63
152037,63
5901,63
83972,63
204579,63
177532,63
166510,63
444108,63
650806,63
41852,63
153428,63
210211,63
541041,63
418150,63
609703,63
627393,63
65910,63
16809,63
675574,63
27271,63
585235,63
244045,63
466941,63
288848,63
32237,63
630504,63
411350,63
275263,63
43899,63
100066,63
507006,63
73755,63
465866,63
164031,63
528123,63
322547,63
225354,63
602761,63
350786,63
624729,63
617968,63
346261,63
238873,63
588556,63
335091,63
193019,63
629578,63
543666,63
29816,63
387194,63
177080,63
118247,63
128032,63
278436,63
156518,63
620026,63
396148,63
195077,63
342818,63
188697,63
325379,63
382347,63
577306,63
250135,63
192716,63
88146,63
206973,63
684037,63
634076,63
641108,63
483294,63
656991,63
35305,63
480711,63
256117,63
681529,63
266394,63
88457,63
246564,63
217143,63
324009,63
278496,63
658520,63
675061,63
172374,63
312960,63
67220,63
567098,63
187370,63
624678,63
676027,63
78859,63
185375,63
341221,63
2189,63
298150,63
602001,63
588746,63
564910,63
879,63
649905,63
19887,63
122692,63
688408,63
98913,63
633215,63
89702,63
158229,63
677133,63
469635,63
442296,63
337684,63
637981,63
371404,63
175253,63
558345,63
615833,63
641468,63
568425,63
135786,63
219062,63
140679,63
541585,63
86806,63
402534,63
444956,63
498519,63
578737,63
406185,63
453176,63
97674,63
283465,63
125235,63
593935,63
671855,63
639547,63
16794,63
683583,63
222876,63
68920,63
5633,63
584299,63
112424,63
168049,63
380100,63
267296,63
505836,63
655343,63
402277,63
673848,63
226345,63
497449,63
559363,63
428399,63
316662,63
430138,63
76394,63
507127,63
575369,63
565662,63
679918,63
252594,63
57828,63
516635,63
333628,63
638329,63
418884,63
357201,63
57704,63
481047,63
248431,63
467662,63
130587,63
550159,63
168772,63
340597,63
213256,63
303430,63
464357,63
532673,63
29543,63
98180,63
590645,63
284700,63
482682,63
564703,63
191306,63
327815,63
177905,63
294123,63
627843,63
70024,63
141283,63
508250,63
524490,63
131856,63
681896,63
647408,63
582786,63
394613,63
525365,63
7274,63
211836,63
694898,63
24302,63
580550,63
572178,63
446514,63
171610,63
21218,63
50196,63
111639,63
120393,63
698121,63
71608,63
248218,63
363754,63
595231,63
352978,63
597816,63
408391,63
697429,63
625308,63
536269,63
212447,63
99689,63
418644,63
547253,63
496200,63
6852,63
415484,63
256911,63
682221,63
242322,63
854,63
379373,63
274689,63
626007,63
114041,63
105933,63
65682,63
24431,63
466219,63
514479,63
420182,63
212765,63
575920,63
488030,63
523711,63
136778,63
434631,63
32673,63
497805,63
188608,63
527929,63
433429,63
53667,63
217085,63
477166,63
671854,63
294624,63
167278,63
475479,63
239674,63
631478,63
516242,63
572368,63
291348,63
635235,63
517395,63
539059,63
516563,63
572610,63
645548,63
685685,63
300094,63
535104,63
161700,63
170316,63
466548,63
380653,63
377504,63
158460,63
600577,63
238505,63
128459,63
446870,63
695859,63
92760,63
272693,63
11049,63
2824,63
497047,63
661698,63
6232,63
260962,63
49118,63
403116,63
45865,63
172474,63
5798,63
45432,63
10143,63
597355,63
615422,63
853,63
522913,63
424660,63
59689,63
420770,63
445363,63
186607,63
182047,63
160804,63
404199,63
194643,63
382678,63
409646,63
372210,63
494048,63
572652,63
324057,63
429459,63
332959,63
376410,63
335502,63
427130,63
586632,63
22512,63
54648,63
664972,63
434411,63
382780,63
328682,63
668181,63
664260,63
174005,63
316431,63
530426,63
587131,63
318882,63
388442,63
101279,63
623212,63
39317,63
422010,63
445200,63
201453,63
40432,63
36376,63
600065,63
258626,63
179220,63
689939,63
83821,63
505906,63
361401,63
585908,63
367257,63
113775,63
90082,63
140021,63
639244,63
604993,63
532169,63
656234,63
471015,63
606351,63
486438,63
270757,63
73069,63
581485,63
404365,63
301606,63
257853,63
650820,63
67982,63
580163,63
86090,63
218184,63
213496,63
34855,63
261696,63
367684,63
343109,63
207128,63
644121,63
10306,63
633665,63
274498,63
487608,63
536294,63
689423,63
201687,63
266547,63
678476,63
497749,63
666454,63
121680,63
343568,63
381701,63
631665,63
167005,63
151890,63
409508,63
645674,63
52413,63
343594,63
186946,63
349486,63
62781,63
412528,63
266212,63
90919,63
112988,63
358107,63
247129,63
513938,63
353472,63
272283,63
118410,63
616915,63
320719,63
340439,63
109192,63
587,63
53678,63
30775,63
199560,63
42480,63
267525,63
259736,63
621818,63
616859,63
441334,63
460928,63
352398,63
628491,63
328327,63
455035,63
597867,63
653873,63
150078,63
660351,63
267971,63
280343,63
30913,63
322301,63
541479,63
452267,63
399699,63
369130,63
137325,63
27839,63
689268,63
21317,63
554781,63
659266,63
472248,63
102420,63
122416,63
361372,63
382597,63
577601,63
217578,63
490277,63
628382,63
165004,63
393226,63
538523,63
239252,63
682431,63
312780,63
420003,63
62010,63
634754,63
62041,63
378116,63
514572,63
354677,63
6664,63
531171,63
332879,63
595258,63
259302,63
588697,63
670884,63
314571,63
115063,63
172940,63
460887,63
245770,63
614862,63
619167,63
632857,63
413990,63
266864,63
152920,63
532328,63
294594,63
472354,63
272043,63
317529,63
107116,63
609534,63
570413,63
351972,63
95697,63
686806,63
35420,63
643903,63
86420,63
179365,63
132808,63
21755,63
396429,63
50585,63
639439,63
615998,63
285401,63
338165,63
334865,63
240182,63
519959,63
186642,63
65824,63
92610,63
317701,63
139261,63
131483,63
159222,63
331204,63
403226,63
425094,63
225878,63
307596,63
669485,63
522144,63
522246,63
94964,63
525962,63
589157,63
14158,63
592806,63
260476,63
669104,63
457342,63
228732,63
330586,63
123253,63
391719,63
190747,63
97470,63
603692,63
575541,63
173743,63
128544,63
495445,63
250895,63
562136,63
457150,63
376146,63
278346,63
453480,63
366786,63
592037,63
541496,63
619194,63
111846,63
653224,63
225237,63
164537,63
314581,63
475372,63
337476,63
267793,63
440974,63
40681,63
243618,63
162485,63
119742,63
431416,63
61251,63
24902,63
96448,63
284960,63
370763,63
624750,63
697928,63
191620,63
260158,63
95580,63
423362,63
201382,63
657853,63
49526,63
607730,63
190724,63
255289,63
531547,63
543897,63
432478,63
569671,63
410435,63
61454,63
347876,63
216783,63
450750,63
405834,63
100054,63
270943,63
698860,63
649591,63
311378,63
285418,63
213217,63
692556,63
230811,63
565022,63
105254,63
517687,63
539241,63
334923,63
347280,63
346338,63
150379,63
672732,63
124058,63
518469,63
367525,63
198693,63
553277,63
39502,63
307766,63
285092,63
127051,63
302852,63
602328,63
107585,63
77475,63
563876,63
543827,63
696354,63
240363,63
41995,63
387079,63
673289,63
135221,63
252869,63
387893,63
681810,63
571084,63
421732,63
282932,63
664665,63
521655,63
102315,63
602380,63
646328,63
588073,63
236005,63
363932,63
692647,63
112224,63
686152,63
266299,63
519380,63
512146,63
40430,63
296011,63
564183,63
189397,63
262534,63
392489,63
412886,63
144887,63
639979,63
187646,63
396088,63
151228,63
418417,63
50572,63
218714,63
69067,63
76436,63
425084,63
599702,63
331314,63
641103,63
434415,63
671775,63
501224,63
431014,63
220625,63
397333,63
226875,63
581006,63
134973,63
226418,63
102840,63
452801,63
263566,63
633403,63
101946,63
600786,63
132734,63
597576,63
584967,63
279702,63
445593,63
129678,63
154470,63
290599,63
84927,63
41327,63
61040,63
126884,63
640514,63
177912,63
159063,63
643514,63
675211,63
500741,63
467762,63
610795,63
72937,63
235326,63
86372,63
399088,63
148346,63
533867,63
352105,63
573360,63
607336,63
572834,63
238889,63
195175,63
373944,63
223347,63
160066,63
433635,63
103839,63
322013,63
254626,63
698237,63
543837,63
295192,63
346905,63
104080,63
295873,63
38418,63
686292,63
422968,63
169063,63
73952,63
71839,63
675571,63
38921,63
141260,63
223369,63
525813,63
529093,63
283999,63
647990,63
530623,63
416790,63
406654,63
354200,63
371014,63
190956,63
300690,63
92958,63
252596,63
351793,63
449320,63
394361,63
429458,63
445282,63
9693,63
139102,63
273963,63
513409,63
109305,63
359593,63
404572,63
278886,63
73014,63
127650,63
208393,63
2914,63
450311,63
478619,63
43365,63
669420,63
586919,63
326207,63
53268,63
538178,63
667501,63
387234,63
548803,63
660007,63
597792,63
696458,63
684453,63
585609,63
476366,63
322155,63
26225,63
388508,63
138158,63
599353,63
375926,63
622096,63
89092,63
575571,63
5423,63
600385,63
15766,63
421713,63
691238,63
139117,63
225037,63
270583,63
390206,63
666386,63
153730,63
243706,63
282641,63
231107,63
425219,63
52036,63
393787,63
486125,63
691105,63
25411,63
312721,63
230443,63
99782,63
641213,63
632999,63
344003,63
28450,63
228975,63
336713,63
227641,63
156936,63
675179,63
446390,63
592193,63
429605,63
578536,63
653368,63
523495,63
407551,63
203117,63
543404,63
145442,63
9847,63
600515,63
107027,63
24153,63
524476,63
686821,63
642855,63
87831,63
313015,63
331323,63
36886,63
691242,63
613061,63
568148,63
345956,63
121122,63
426754,63
576224,63
414743,63
296935,63
49173,63
378578,63
145545,63
565530,63
566564,63
578037,63
482039,63
561476,63
523258,63
668166,63
294359,63
427230,63
332858,63
428702,63
459645,63
631299,63
247709,63
476065,63
4810,63
169987,63
172053,63
559742,63
349597,63
519429,63
537401,63
398105,63
364379,63
195248,63
459182,63
425854,63
175674,63
490515,63
177249,63
618277,63
104028,63
391403,63
114999,63
344205,63
466617,63
360342,63
251823,63
692185,63
157561,63
67869,63
290789,63
690739,63
236019,63
497240,63
536240,63
188703,63
341717,63
666930,63
504809,63
389884,63
292378,63
576814,63
68929,63
675496,63
540254,63
359704,63
174945,63
307861,63
588304,63
188938,63
39671,63
417944,63
517780,63
507861,63
475759,63
4072,63
335274,63
599910,63
451757,63
100124,63
360917,63
671611,63
121087,63
357138,63
60330,63
29716,63
157686,63
250241,63
40053,63
23382,63
620890,63
42009,63
354558,63
234798,63
565390,63
379961,63
389850,63
584615,63
458319,63
209173,63
274382,63
533071,63
123480,63
184487,63
415639,63
410621,63
22525,63
522790,63
238435,63
79612,63
423287,63
456666,63
477486,63
166900,63
185558,63
132607,63
363023,63
110842,63
205702,63
4246,63
352937,63
517597,63
450935,63
436783,63
371051,63
24998,63
583371,63
453634,63
114466,63
293231,63
207302,63
223262,63
21392,63
356790,63
498165,63
238356,63
386050,63
586735,63
531150,63
232002,63
382132,63
113285,63
287797,63
242484,63
116898,63
546780,63
374644,63
301700,63
7041,63
258531,63
486277,63
75103,63
410815,63
604009,63
365032,63
526721,63
296189,63
393192,63
373566,63
687114,63
617793,63
623610,63
163398,63
384634,63
13355,63
597580,63
107996,63
452982,63
113342,63
566019,63
45007,63
92644,63
248451,63
600553,63
147746,63
484002,63
421988,63
558770,63
469201,63
287380,63
150247,63
374451,63
228293,63
582825,63
408530,63
39908,63
465156,63
188177,63
142190,63
265055,63
219134,63
649372,63
46691,63
673017,63
363181,63
627343,63
208717,63
675377,63
106603,63
243813,63
351961,63
469149,63
36921,63
244087,63
640151,63
182609,63
476165,63
118009,63
418597,63
694187,63
442408,63
320465,63
478922,63
59612,63
546533,63
641912,63
676931,63
1545,63
29825,63
541706,63
619765,63
564112,63
146064,63
635220,63
413484,63
339623,63
143448,63
665492,63
86837,63
570194,63
46082,63
509430,63
226486,63
12225,63
658864,63
472949,63
384776,63
627326,63
189243,63
668203,63
336028,63
232387,63
337987,63
469548,63
568811,63
209421,63
543797,63
87721,63
661189,63
544004,63
515844,63
352448,63
137426,63
350280,63
582643,63
225303,63
636785,63
455207,63
574260,63
324144,63
635284,63
255496,63
526936,63
75627,63
24980,63
198432,63
339932,63
505490,63
529408,63
323185,63
476355,63
263569,63
637606,63
547857,63
100861,63
566722,63
619067,63
637627,63
464329,63
68302,63
379387,63
407752,63
678086,63
297651,63
574560,63
312709,63
599721,63
508942,63
314535,63
95183,63
520808,63
302556,63
473930,63
40103,63
293479,63
423691,63
123099,63
647384,63
600559,63
55418,63
603578,63
249395,63
136546,63
199354,63
686772,63
327925,63
405956,63
297824,63
441225,63
507691,63
155168,63
492270,63
504779,63
15748,63
252080,63
450461,63
258649,63
562661,63
545200,63
94300,63
44614,63
133815,63
206467,63
30018,63
388049,63
285073,63
323536,63
267590,63
21280,63
381696,63
120819,63
31960,63
213497,63
83341,63
303391,63
99301,63
133990,63
161836,63
572274,63
23162,63
538502,63
175751,63
389099,63
661277,63
396272,63
564738,63
324780,63
269122,63
275901,63
157675,63
258789,63
46840,63
451890,63
452354,63
678636,63
400942,63
492468,63
411930,63
226578,63
6714,63
610418,63
505624,63
64465,63
369492,63
199504,63
588650,63
463492,63
552637,63
460764,63
551210,63
400097,63
50975,63
609097,63
144020,63
694455,63
285982,63
231726,63
593173,63
270002,63
554185,63
357098,63
101559,63
436256,63
671342,63
370839,63
195302,63
257412,63
114825,63
230977,63
467005,63
534690,63
122861,63
527830,63
380544,63
527686,63
305059,63
420595,63
90162,63
360677,63
431269,63
229425,63
396219,63
289216,63
151766,63
75324,63
647948,63
473295,63
384139,63
53134,63
254655,63
692597,63
134546,63
570397,63
415942,63
220031,63
47759,63
683479,63
321940,63
288032,63
109835,63
337993,63
392847,63
486209,63
615612,63
217823,63
287518,63
33199,63
485614,63
477039,63
651521,63
254850,63
496771,63
568163,63
475988,63
592967,63
216858,63
34068,63
368803,63
6753,63
98025,63
7688,63
273663,63
570818,63
15652,63
507377,63
141936,63
531543,63
25490,63
231743,63
343011,63
360598,63
309391,63
240841,63
604123,63
374873,63
510977,63
563155,63
47636,63
470058,63
478075,63
340752,63
254363,63
376053,63
531878,63
669519,63
211120,63
31847,63
153647,63
265068,63
293644,63
498791,63
70584,63
679870,63
205437,63
529955,63
53208,63
272992,63
175145,63
356973,63
674252,63
331685,63
480964,63
146597,63
643410,63
240048,63
679462,63
320886,63
153762,63
200355,63
340677,63
503150,63
545835,63
331705,63
291482,63
22437,63
262651,63
669955,63
137999,63
129121,63
480089,63
189410,63
132735,63
172152,63
690877,63
242278,63
608308,63
276471,63
574798,63
417038,63
525478,63
695614,63
519799,63
579179,63
667373,63
21242,63
375737,63
334557,63
427715,63
148601,63
465801,63
206086,63
264282,63
403920,63
590137,63
55966,63
167724,63
42474,63
405102,63
615981,63
476134,63
557732,63
403998,63
287616,63
393131,63
32652,63
602109,63
637170,63
423403,63
119334,63
357656,63
70381,63
170346,63
72230,63
480858,63
471413,63
6092,63
280876,63
341252,63
270009,63
32786,63
148352,63
438231,63
395878,63
678099,63
493497,63
600674,63
416737,63
215713,63
306982,63
292169,63
559492,63
178238,63
482824,63
182380,63
379068,63
44534,63
681703,63
472710,63
191007,63
211486,63
615285,63
62634,63
672746,63
245730,63
221856,63
29697,63
545773,63
647508,63
175631,63
461752,63
122939,63
629868,63
535392,63
502096,63
81846,63
208882,63
102280,63
193056,63
429272,63
335055,63
371301,63
639806,63
14848,63
586933,63
325737,63
490264,63
642891,63
313109,63
11451,63
152131,63
332747,63
589159,63
180160,63
670020,63
214803,63
284308,63
186099,63
18964,63
72498,63
81132,63
267268,63
84865,63
209910,63
230942,63
557266,63
336031,63
307854,63
494710,63
501621,63
163658,63
311714,63
376380,63
174548,63
56902,63
314215,63
629416,63
46618,63
145000,63
63394,63
664236,63
177819,63
56084,63
630484,63
256634,63
472830,63
341310,63
640691,63
688884,63
320894,63
693740,63
158301,63
147852,63
411999,63
666803,63
233069,63
64606,63
252705,63
34694,63
288943,63
632077,63
594734,63
240129,63
98934,63
11789,63
237424,63
654371,63
53542,63
157089,63
664288,63
7422,63
480236,63
641232,63
678164,63
327493,63
547090,63
345057,63
103699,63
343697,63
257114,63
389211,63
650951,63
574292,63
280133,63
290585,63
77207,63
23931,63
102772,63
217707,63
526417,63
192004,63
318139,63
208602,63
27081,63
559030,63
250237,63
552022,63
2480,63
520237,63
595604,63
631406,63
268147,63
684035,63
242515,63
644118,63
577683,63
399879,63
127122,63
490842,63
72786,63
83137,63
13259,63
563470,63
65352,63
68385,63
351281,63
139238,63
394664,63
396740,63
440183,63
372046,63
407226,63
316123,63
305686,63
36740,63
94574,63
195190,63
272239,63
355072,63
316745,63
629121,63
663367,63
434100,63
129988,63
397765,63
424366,63
271789,63
174911,63
183196,63
104779,63
41544,63
219198,63
396554,63
693879,63
108412,63
644346,63
422325,63
7896,63
502992,63
360949,63
122346,63
575098,63
366757,63
650075,63
590405,63
599243,63
35585,63
662788,63
323741,63
691804,63
122529,63
66857,63
364629,63
277626,63
202040,63
243700,63
115324,63
270651,63
202218,63
540420,63
359238,63
572687,63
374842,63
278369,63
553952,63
371110,63
122487,63
303055,63
683011,63
379676,63
587947,63
168031,63
377191,63
108229,63
685729,63
656180,63
179868,63
375661,63
62792,63
53663,63
443476,63
169499,63
123605,63
322983,63
306,63
41602,63
411214,63
71963,63
277710,63
281528,63
619053,63
572820,63
264710,63
244026,63
413496,63
90484,63
247966,63
340945,63
247835,63
376911,63
589210,63
53119,63
68224,63
389189,63
686598,63
618589,63
228373,63
280476,63
103886,63
351864,63
228301,63
614000,63
537202,63
423156,63
436213,63
399892,63
478713,63
34618,63
381518,63
59850,63
615039,63
589746,63
665922,63
178378,63
617657,63
250179,63
110492,63
454909,63
343064,63
417365,63
523241,63
588759,63
569230,63
534761,63
331438,63
550460,63
308463,63
513196,63
371100,63
432433,63
311292,63
164338,63
301713,63
443234,63
558159,63
85093,63
129423,63
360764,63
311165,63
617018,63
485797,63
1832,63
431953,63
404334,63
490906,63
193906,63
449563,63
15267,63
420662,63
628173,63
333399,63
87396,63
288975,63
372759,63
502792,63
97117,63
515245,63
74222,63
577623,63
64393,63
221840,63
405282,63
581162,63
424783,63
436604,63
688530,63
427520,63
586360,63
103186,63
86770,63
72063,63
268853,63
267681,63
329888,63
33425,63
44911,63
120965,63
218095,63
474270,63
21479,63
318568,63
680167,63
452175,63
376212,63
686485,63
128848,63
428688,63
598063,63
457280,63
436425,63
7901,63
338008,63
252652,63
378224,63
429761,63
567115,63
62217,63
519442,63
606049,63
370279,63
148896,63
420627,63
541361,63
140046,63
181859,63
493224,63
114854,63
691733,63
354447,63
158369,63
546609,63
170102,63
502609,63
293908,63
238502,63
52735,63
295911,63
560405,63
641202,63
606533,63
200484,63
397740,63
377889,63
346517,63
289642,63
673697,63
548443,63
502237,63
527046,63
105677,63
610408,63
104756,63
354932,63
32911,63
378220,63
690270,63
483531,63
662504,63
693564,63
517240,63
588803,63
621276,63
118258,63
507174,63
468623,63
548925,63
328979,63
453104,63
470897,63
204590,63
290786,63
410355,63
315668,63
222703,63
133403,63
674932,63
697813,63
330574,63
367354,63
231586,63
651912,63
118311,63
302985,63
452956,63
336443,63
36815,63
93767,63
377730,63
561762,63
88611,63
354618,63
498166,63
485693,63
312302,63
428918,63
2846,63
330996,63
214817,63
28232,63
431786,63
291013,63
33314,63
258928,63
645070,63
244074,63
691343,63
384061,63
67092,63
199138,63
458224,63
548904,63
209509,63
508586,63
47276,63
647987,63
300146,63
149248,63
216107,63
263637,63
192373,63
246263,63
634561,63
611362,63
346649,63
10849,63
647465,63
622305,63
253136,63
46390,63
645146,63
83197,63
692554,63
524554,63
445039,63
306772,63
167826,63
45533,63
567739,63
116777,63
153319,63
298058,63
403196,63
343263,63
523384,63
53366,63
345167,63
185843,63
259372,63
193241,63
244415,63
424065,63
221218,63
627903,63
204087,63
222730,63
392680,63
575958,63
283633,63
689319,63
359886,63
114906,63
35065,63
488492,63
366887,63
687015,63
172613,63
654750,63
81832,63
58136,63
282630,63
673284,63
292822,63
460581,63
53988,63
104189,63
246620,63
615849,63
296325,63
9729,63
28830,63
505399,63
532871,63
30825,63
245164,63
142478,63
55259,63
75969,63
269266,63
215515,63
536497,63
239716,63
626836,63
372464,63
643663,63
317775,63
300316,63
97643,63
127402,63
511791,63
73178,63
86981,63
128842,63
556338,63
616801,63
303437,63
678018,63
409638,63
657521,63
596857,63
319173,63
455147,63
423020,63
48565,63
579326,63
445355,63
201989,63
99210,63
115124,63
614802,63
515535,63
289956,63
653449,63
51460,63
188787,63
693872,63
214070,63
453290,63
74588,63
8132,63
159261,63
299023,63
295941,63
677459,63
547985,63
357426,63
658412,63
403211,63
449001,63
346686,63
405651,63
314418,63
500874,63
381781,63
19185,63
486064,63
198507,63
257038,63
304790,63
222213,63
567584,63
153249,63
96377,63
573681,63
355721,63
680664,63
352360,63
377753,63
313284,63
491680,63
147036,63
273729,63
557519,63
579855,63
491688,63
307413,63
340878,63
479130,63
502066,63
47540,63
304925,63
550229,63
117593,63
440936,63
270441,63
43982,63
365614,63
76832,63
129397,63
463240,63
79840,63
262318,63
238717,63
63864,63
376442,63
315734,63
568239,63
697435,63
633860,63
320137,63
499610,63
379088,63
231059,63
354900,63
584600,63
222881,63
499780,63
88803,63
67702,63
110350,63
142266,63
52933,63
408295,63
127820,63
239405,63
445878,63
624861,63
240820,63
151100,63
568085,63
424142,63
22685,63
310019,63
314773,63
268475,63
262902,63
175489,63
69454,63
90413,63
680843,63
105847,63
618722,63
117185,63
393881,63
74842,63
663544,63
452564,63
228006,63
495589,63
617678,63
96232,63
230794,63
126220,63
632737,63
4034,63
298236,63
155548,63
588586,63
43128,63
82929,63
692437,63
229361,63
600777,63
299092,63
32026,63
604127,63
161952,63
33054,63
672187,63
45327,63
445910,63
216242,63
589321,63
148244,63
45453,63
64299,63
254548,63
584782,63
571429,63
238431,63
301230,63
335042,63
672103,63
69287,63
306653,63
399471,63
429669,63
658814,63
176276,63
195096,63
189976,63
608511,63
172908,63
248536,63
602004,63
527256,63
639836,63
148286,63
33791,63
233876,63
400056,63
433279,63
606401,63
644733,63
249929,63
443873,63
211902,63
148890,63
477042,63
440403,63
542433,63
295609,63
498439,63
112887,63
417756,63
269382,63
278478,63
163794,63
490880,63
497212,63
558268,63
280870,63
485725,63
59342,63
609303,63
354230,63
409863,63
448116,63
2273,63
320760,63
8817,63
320446,63
277829,63
570175,63
509023,63
52259,63
93388,63
196246,63
304179,63
322124,63
694350,63
65720,63
11774,63
212867,63
384694,63
241266,63
60836,63
556111,63
369301,63
405429,63
358821,63
686207,63
389597,63
359342,63
280558,63
568776,63
262838,63
460240,63
404970,63
607217,63
338316,63
406212,63
508395,63
484067,63
400388,63
166577,63
38729,63
410312,63
280609,63
250375,63
312834,63
31284,63
513281,63
431456,63
474950,63
291186,63
94892,63
526487,63
489045,63
551912,63
626323,63
41478,63
160640,63
403158,63
199530,63
114708,63
422662,63
247285,63
23261,63
250487,63
517988,63
550200,63
169765,63
53554,63
151357,63
414434,63
482227,63
449194,63
638543,63
651380,63
570913,63
205477,63
47173,63
682473,63
166921,63
316615,63
520073,63
405580,63
643842,63
259107,63
197350,63
38663,63
307227,63
306304,63
370863,63
551994,63
332669,63
39981,63
320511,63
573901,63
266698,63
535836,63
186037,63
591502,63
527512,63
547921,63
683361,63
496042,63
71990,63
323571,63
342153,63
397811,63
17265,63
545872,63
435688,63
589428,63
554078,63
110892,63
493829,63
173175,63
673316,63
546229,63
78813,63
535309,63
81643,63
173885,63
155068,63
155463,63
270540,63
313585,63
382564,63
431824,63
338413,63
87359,63
660096,63
590841,63
418420,63
186429,63
240677,63
80375,63
257428,63
164104,63
670246,63
302062,63
221081,63
241746,63
315162,63
251214,63
549009,63
697352,63
459941,63
580949,63
593326,63
596347,63
635585,63
635318,63
490407,63
185053,63
396829,63
381964,63
593657,63
89071,63
48805,63
202427,63
317760,63
422147,63
493890,63
251399,63
502663,63
599198,63
64394,63
354474,63
517540,63
641488,63
617705,63
194555,63
231229,63
573563,63
514026,63
259098,63
416359,63
239408,63
571255,63
389637,63
609322,63
250380,63
70816,63
494159,63
153045,63
560447,63
333128,63
283580,63
554053,63
537162,63
303308,63
516317,63
40458,63
605131,63
26060,63
671701,63
582937,63
109805,63
13305,63
564784,63
43291,63
618485,63
511689,63
626676,63
240942,63
103970,63
509464,63
323012,63
515492,63
427867,63
285767,63
263188,63
130723,63
395256,63
426275,63
461000,63
199994,63
152836,63
527947,63
202011,63
348021,63
196248,63
80462,63
458989,63
179260,63
158928,63
69301,63
532167,63
684480,63
267547,63
66985,63
553490,63
438311,63
308966,63
231641,63
84218,63
588320,63
445563,63
133866,63
115085,63
102474,63
342640,63
121179,63
196209,63
659076,63
385819,63
110176,63
45732,63
581933,63
689705,63
527162,63
538331,63
353144,63
691257,63
507062,63
487598,63
201351,63
156733,63
355784,63
400467,63
658146,63
288688,63
402885,63
686012,63
579775,63
585030,63
657452,63
28556,63
254040,63
178538,63
557067,63
55593,63
679012,63
70598,63
388366,63
513584,63
435471,63
361450,63
100636,63
74508,63
268476,63
292581,63
284545,63
151072,63
511410,63
357636,63
3396,63
551933,63
668704,63
365341,63
565639,63
581245,63
104079,63
21152,63
313804,63
480782,63
71006,63
654520,63
225330,63
101010,63
495745,63
222087,63
56558,63
628726,63
468262,63
185593,63
75856,63
28552,63
694844,63
147478,63
627912,63
556120,63
198582,63
402637,63
4807,63
640242,63
514640,63
233142,63
643448,63
542418,63
420639,63
627884,63
278502,63
339876,63
376306,63
113489,63
557113,63
300107,63
103983,63
185354,63
688893,63
294073,63
335358,63
228139,63
675832,63
351084,63
457014,63
676789,63
519694,63
579084,63
414780,63
310182,63
572975,63
14128,63
193646,63
177198,63
168574,63
265921,63
137730,63
548979,63
612234,63
127195,63
69611,63
20079,63
486477,63
194982,63
623373,63
228491,63
14131,63
555567,63
295712,63
191427,63
540932,63
6253,63
133517,63
635406,63
88491,63
315280,63
415291,63
428592,63
332899,63
102067,63
102674,63
511473,63
698948,63
654362,63
519734,63
116334,63
278189,63
343776,63
297159,63
36361,63
590039,63
51815,63
185397,63
334295,63
66403,63
527171,63
544872,63
174172,63
8690,63
53292,63
324755,63
636647,63
197606,63
262308,63
615353,63
250305,63
125193,63
209684,63
83890,63
259550,63
197715,63
587377,63
140924,63
476787,63
403062,63
206388,63
566346,63
396335,63
693202,63
512422,63
443014,63
22780,63
375725,63
204685,63
245580,63
116794,63
436757,63
537229,63
672875,63
515778,63
384393,63
480453,63
331389,63
590648,63
104746,63
129650,63
37272,63
364449,63
639570,63
409395,63
209438,63
228327,63
677418,63
497417,63
409530,63
635441,63
197920,63
184819,63
299524,63
9116,63
367022,63
421138,63
124821,63
423195,63
476622,63
317867,63
476101,63
47311,63
144204,63
374887,63
552995,63
610770,63
313295,63
266069,63
641692,63
70168,63
531837,63
637427,63
585701,63
366547,63
465277,63
512669,63
102120,63
198804,63
252489,63
44308,63
193353,63
416015,63
679793,63
680114,63
168611,63
308280,63
529190,63
371267,63
477345,63
112763,63
665368,63
463668,63
79759,63
578077,63
536752,63
299097,63
86491,63
60366,63
51025,63
398920,63
426014,63
621823,63
639090,63
85839,63
200273,63
74484,63
176197,63
200619,63
591204,63
329963,63
93647,63
32885,63
689497,63
683752,63
520657,63
542393,63
497967,63
389815,63
517445,63
561999,63
458589,63
107623,63
595250,63
217326,63
627250,63
525785,63
212357,63
649393,63
151521,63
577874,63
47583,63
641126,63
486899,63
225883,63
610013,63
470820,63
426422,63
418339,63
44397,63
31626,63
346611,63
215024,63
481434,63
3956,63
364788,63
20586,63
199503,63
686776,63
205429,63
624637,63
58408,63
304029,63
162037,63
370296,63
417131,63
582369,63
547147,63
378890,63
108252,63
239715,63
363768,63
342469,63
576598,63
350088,63
29031,63
686171,63
472737,63
351077,63
502278,63
252003,63
362692,63
585820,63
521229,63
621809,63
341997,63
326599,63
149718,63
255419,63
359659,63
280916,63
187541,63
367474,63
236937,63
644699,63
3008,63
440647,63
590784,63
31045,63
143521,63
70305,63
282388,63
542884,63
319422,63
641755,63
524006,63
519384,63
659986,63
373883,63
664630,63
404662,63
365999,63
561974,63
576093,63
564400,63
267148,63
596659,63
686507,63
160208,63
531342,63
109767,63
632688,63
464739,63
406342,63
181632,63
7618,63
277537,63
394258,63
165528,63
401177,63
68312,63
528771,63
21376,63
614028,63
446443,63
78851,63
44129,63
434266,63
597805,63
572846,63
49255,63
94357,63
127035,63
685970,63
499716,63
627028,63
595545,63
414155,63
132602,63
75437,63
520784,63
422953,63
472945,63
401374,63
375285,63
339489,63
521601,63
213822,63
302527,63
387094,63
141142,63
279927,63
569082,63
647836,63
408403,63
378441,63
83584,63
207448,63
274927,63
176619,63
523536,63
184034,63
455153,63
129481,63
319744,63
113707,63
208926,63
589089,63
345185,63
387193,63
2697,63
154792,63
191762,63
594048,63
561033,63
74217,63
37923,63
474808,63
277843,63
183552,63
439659,63
662478,63
336992,63
607733,63
120662,63
694096,63
489090,63
90469,63
258266,63
297022,63
68876,63
688191,63
641492,63
547481,63
95255,63
203044,63
169076,63
178344,63
434622,63
497306,63
623085,63
372922,63
450396,63
326052,63
160288,63
222330,63
639197,63
111573,63
32761,63
62086,63
155592,63
345020,63
377306,63
232734,63
222108,63
381398,63
381468,63
230715,63
233944,63
391574,63
646135,63
670861,63
440607,63
368712,63
125321,63
576338,63
22094,63
74648,63
223849,63
664745,63
347630,63
282014,63
661196,63
656999,63
561499,63
648779,63
3681,63
406992,63
393206,63
260603,63
690047,63
589595,63
398673,63
254052,63
180164,63
159259,63
475522,63
516432,63
3623,63
672091,63
119759,63
650343,63
285567,63
532952,63
459497,63
531213,63
230970,63
208765,63
524894,63
539758,63
435865,63
479926,63
678184,63
544141,63
121339,63
273995,63
323735,63
379141,63
411560,63
659289,63
265715,63
14214,63
177786,63
185317,63
562316,63
106003,63
468395,63
696834,63
327571,63
215356,63
590287,63
309131,63
411824,63
85336,63
446827,63
357480,63
224293,63
283470,63
15336,63
368008,63
274828,63
441119,63
177370,63
550977,63
498760,63
400925,63
450718,63
497438,63
232952,63
409409,63
376726,63
676247,63
211512,63
589444,63
544921,63
647866,63
361585,63
38239,63
561898,63
618262,63
620064,63
171352,63
684146,63
217132,63
78925,63
556644,63
413905,63
429675,63
580577,63
279754,63
564606,63
64436,63
343622,63
503089,63
318369,63
287246,63
340133,63
451484,63
431454,63
415378,63
476705,63
76055,63
272346,63
421165,63
251438,63
337182,63
451762,63
19912,63
523055,63
395956,63
528109,63
672333,63
438744,63
592280,63
435740,63
38199,63
66327,63
148069,63
340788,63
363204,63
508917,63
586851,63
341919,63
601870,63
287460,63
48854,63
614306,63
129351,63
619127,63
10012,63
325962,63
196398,63
282855,63
567391,63
555150,63
391265,63
502422,63
113209,63
302651,63
13735,63
650339,63
417124,63
145175,63
674499,63
556396,63
204117,63
606940,63
388123,63
627960,63
116737,63
505310,63
406923,63
571560,63
121501,63
282124,63
440795,63
287712,63
532035,63
449231,63
43425,63
322997,63
71507,63
411973,63
675921,63
337479,63
393728,63
621761,63
428387,63
209147,63
310655,63
298666,63
537731,63
377761,63
581729,63
617904,63
210151,63
265318,63
390693,63
501970,63
24199,63
413377,63
464052,63
540637,63
363908,63
446442,63
353887,63
454401,63
688553,63
154502,63
117159,63
592648,63
231342,63
71286,63
219360,63
670566,63
330039,63
193165,63
78632,63
605216,63
434331,63
634576,63
542693,63
38670,63
254499,63
47307,63
696438,63
250238,63
579044,63
91258,63
359694,63
306033,63
15519,63
343231,63
307857,63
574846,63
4367,63
93938,63
206683,63
366298,63
369086,63
336341,63
425537,63
276258,63
256850,63
139192,63
81901,63
301564,63
433472,63
245564,63
64191,63
204446,63
242633,63
87270,63
312233,63
678851,63
269702,63
399459,63
67863,63
573898,63
231862,63
584860,63
356222,63
390259,63
554521,63
692272,63
281398,63
369641,63
349245,63
455239,63
541238,63
266348,63
672287,63
247959,63
341247,63
503010,63
542562,63
636018,63
293431,63
312058,63
96354,63
423953,63
193375,63
481462,63
139930,63
482714,63
78836,63
214459,63
280361,63
93975,63
304677,63
623787,63
249534,63
243209,63
318330,63
396435,63
439986,63
107084,63
379788,63
616228,63
88827,63
588235,63
492123,63
21223,63
361734,63
39824,63
514285,63
12746,63
276690,63
464701,63
309898,63
309941,63
678939,63
434516,63
545423,63
533689,63
445635,63
500169,63
276633,63
228575,63
5353,63
310279,63
99806,63
628393,63
510887,63
181925,63
560622,63
652174,63
676005,63
474521,63
564297,63
203232,63
256823,63
226037,63
351899,63
531714,63
579075,63
636391,63
30612,63
82515,63
520754,63
441473,63
179829,63
229844,63
558623,63
517575,63
308567,63
557539,63
625595,63
434616,63
639604,63
85187,63
68741,63
566778,63
481021,63
483838,63
393517,63
333621,63
654376,63
217420,63
476966,63
357752,63
661760,63
589839,63
2527,63
541096,63
282607,63
664725,63
586911,63
623296,63
61332,63
493111,63
188417,63
601725,63
401461,63
323223,63
271561,63
395768,63
104847,63
234640,63
164239,63
633876,63
53447,63
560367,63
518856,63
40829,63
513912,63
114459,63
384730,63
586378,63
407490,63
198314,63
540477,63
158545,63
182535,63
512986,63
431970,63
648223,63
361065,63
508082,63
386776,63
111015,63
618197,63
597031,63
404292,63
573932,63
341481,63
660584,63
402662,63
147791,63
347635,63
653226,63
537745,63
565863,63
361554,63
219696,63
49061,63
600714,63
121470,63
487745,63
337492,63
652765,63
636158,63
44594,63
286947,63
281659,63
662262,63
478831,63
513810,63
480045,63
141373,63
239741,63
400969,63
512101,63
213140,63
643286,63
430496,63
114255,63
608491,63
187520,63
197044,63
376518,63
144961,63
160485,63
394352,63
58432,63
121567,63
154806,63
515427,63
508900,63
366909,63
331421,63
619189,63
323087,63
202457,63
562524,63
475562,63
633094,63
141815,63
54557,63
226029,63
246807,63
395873,63
166245,63
131353,63
170157,63
217645,63
626154,63
243476,63
302940,63
630699,63
669873,63
393048,63
285740,63
257752,63
301048,63
662580,63
114052,63
613107,63
498005,63
517921,63
424162,63
125174,63
133547,63
421763,63
579313,63
575848,63
10284,63
166719,63
446875,63
399952,63
327141,63
603054,63
647869,63
695316,63
404262,63
600346,63
416721,63
605890,63
116705,63
398361,63
650826,63
564182,63
168314,63
234762,63
173172,63
200820,63
407831,63
562940,63
597047,63
90566,63
419786,63
310370,63
257537,63
142580,63
306929,63
167133,63
392960,63
582662,63
344251,63
61330,63
662968,63
360953,63
609866,63
587629,63
90063,63
308912,63
460222,63
452816,63
541118,63
45832,63
468597,63
446703,63
571882,63
620219,63
433066,63
462199,63
93923,63
353835,63
619509,63
161989,63
625851,63
633668,63
418594,63
214750,63
557703,63
599880,63
404678,63
697831,63
113573,63
470451,63
484423,63
310075,63
98294,63
673657,63
186395,63
209404,63
507296,63
159899,63
5843,63
13271,63
667381,63
236768,63
599647,63
270952,63
673692,63
304234,63
46833,63
478618,63
650403,63
174592,63
259455,63
219953,63
96592,63
218971,63
32763,63
445621,63
258347,63
295984,63
410466,63
547053,63
39222,63
627000,63
143908,63
264288,63
206562,63
58415,63
693422,63
606297,63
365652,63
16154,63
22854,63
144474,63
406610,63
514117,63
421973,63
371705,63
475415,63
310399,63
510820,63
57185,63
156918,63
97653,63
352915,63
306990,63
294298,63
486095,63
137035,63
455846,63
8793,63
470306,63
450666,63
324957,63
674146,63
405608,63
282421,63
103544,63
452134,63
565451,63
179283,63
619160,63
138877,63
511875,63
415477,63
615991,63
614138,63
106136,63
154536,63
81432,63
664634,63
349929,63
537581,63
265013,63
168471,63
474905,63
329342,63
168504,63
189731,63
137661,63
256232,63
581124,63
469720,63
316487,63
129328,63
526427,63
234348,63
611308,63
546293,63
645950,63
254150,63
239874,63
667845,63
372956,63
585774,63
269085,63
421947,63
663916,63
191125,63
559093,63
625291,63
263141,63
22452,63
648406,63
32671,63
181578,63
607479,63
438336,63
404434,63
156986,63
642833,63
533120,63
447690,63
511108,63
26509,63
506640,63
130738,63
362792,63
446373,63
224151,63
1077,63
324615,63
610373,63
4359,63
566029,63
637576,63
6463,63
241136,63
636726,63
282052,63
152707,63
121859,63
91139,63
6892,63
457513,63
598247,63
346548,63
377486,63
658905,63
505590,63
143722,63
20351,63
247383,63
385089,63
264162,63
106584,63
345773,63
88220,63
559174,63
142889,63
141150,63
572131,63
350927,63
306360,63
440429,63
501050,63
54344,63
486597,63
418861,63
369628,63
145315,63
466487,63
563453,63
109126,63
632195,63
111038,63
489958,63
501077,63
387349,63
345569,63
390550,63
108649,63
43145,63
148391,63
373492,63
331306,63
165177,63
438034,63
37179,63
673842,63
405583,63
319772,63
155420,63
378010,63
62133,63
405359,63
8980,63
503107,63
584422,63
682600,63
663656,63
116690,63
425730,63
290314,63
297087,63
46737,63
40644,63
11646,63
61523,63
54040,63
221147,63
56138,63
142082,63
558851,63
462426,63
109097,63
32162,63
224350,63
92719,63
44199,63
424053,63
637136,63
696045,63
666102,63
677791,63
669526,63
349966,63
15058,63
518470,63
644717,63
35735,63
659409,63
295280,63
102865,63
644031,63
583159,63
407877,63
36967,63
446978,63
691494,63
524802,63
276803,63
297544,63
569422,63
119800,63
594869,63
659590,63
620753,63
644918,63
490808,63
7384,63
553632,63
355889,63
557343,63
288716,63
435179,63
666736,63
487298,63
61694,63
568064,63
81791,63
350522,63
7515,63
568705,63
429694,63
1386,63
137332,63
373587,63
506648,63
111886,63
508440,63
386284,63
328928,63
548119,63
104712,63
447865,63
573006,63
299294,63
104420,63
141454,63
514378,63
146472,63
197311,63
691913,63
469876,63
21722,63
577051,63
12341,63
17806,63
387167,63
312438,63
442587,63
272019,63
677710,63
636525,63
128856,63
386152,63
165557,63
283382,63
468001,63
611730,63
151758,63
133195,63
26674,63
668623,63
98421,63
388738,63
53062,63
476936,63
352054,63
191872,63
484012,63
155372,63
462849,63
653807,63
445169,63
664057,63
274941,63
674867,63
367743,63
271189,63
72548,63
370485,63
278832,63
2133,63
480614,63
52261,63
45690,63
76682,63
488530,63
521753,63
107532,63
236766,63
665685,63
101574,63
430083,63
623756,63
618030,63
594805,63
365975,63
172916,63
98287,63
56365,63
604416,63
274015,63
284000,63
65469,63
346771,63
87529,63
567653,63
254997,63
393310,63
488945,63
153587,63
394715,63
64811,63
365953,63
440055,63
228610,63
271392,63
688440,63
391051,63
370559,63
47431,63
411564,63
350779,63
434049,63
339942,63
459273,63
455609,63
165203,63
128973,63
486593,63
482788,63
383928,63
193188,63
534156,63
466228,63
688024,63
537243,63
98863,63
462747,63
368673,63
651081,63
668112,63
531612,63
170946,63
333424,63
402711,63
230575,63
237841,63
370691,63
217520,63
95050,63
560735,63
329972,63
164371,63
543338,63
372022,63
532154,63
226331,63
522161,63
577936,63
399838,63
262345,63
622884,63
533316,63
406560,63
244180,63
557028,63
232440,63
246469,63
599699,63
35128,63
337820,63
413380,63
675555,63
337309,63
10565,63
318468,63
687663,63
101161,63
656886,63
39057,63
1711,63
577471,63
488434,63
124663,63
366729,63
501627,63
406994,63
258503,63
184782,63
450670,63
401432,63
656645,63
550748,63
693159,63
661143,63
411810,63
462894,63
130998,63
32208,63
431443,63
313627,63
419208,63
583883,63
148803,63
577002,63
337592,63
293429,63
341558,63
546330,63
445616,63
542720,63
203788,63
581644,63
655833,63
557845,63
439688,63
123772,63
595958,63
369293,63
325930,63
358416,63
304142,63
649777,63
652355,63
242887,63
541524,63
12838,63
326153,63
180201,63
388835,63
310991,63
478008,63
684519,63
549680,63
307877,63
164295,63
570123,63
257773,63
17226,63
505368,63
355683,63
508424,63
19160,63
39016,63
16056,63
486714,63
350577,63
272606,63
191404,63
478943,63
440992,63
545472,63
509134,63
616738,63
401903,63
142693,63
444034,63
699087,63
512440,63
206924,63
252474,63
159544,63
24174,63
15490,63
324334,63
204945,63
648023,63
466317,63
84894,63
330101,63
525032,63
247177,63
153718,63
351321,63
70681,63
533037,63
650204,63
680059,63
537524,63
299780,63
10841,63
560816,63
405514,63
554190,63
219023,63
673538,63
676968,63
376493,63
567648,63
413921,63
129727,63
214523,63
109488,63
347488,63
420394,63
467925,63
452651,63
3269,63
341213,63
198322,63
265088,63
346820,63
505422,63
153027,63
135179,63
234507,63
640358,63
578191,63
87422,63
20948,63
327588,63
446855,63
287921,63
364355,63
81619,63
394793,63
119782,63
155633,63
638438,63
385973,63
695312,63
542145,63
80752,63
613872,63
525010,63
119185,63
431138,63
636700,63
424394,63
633867,63
277538,63
235885,63
193594,63
297290,63
134137,63
295145,63
429595,63
555311,63
11225,63
432288,63
365090,63
634105,63
578964,63
482129,63
111577,63
351853,63
694404,63
607889,63
518659,63
516347,63
409135,63
39902,63
605454,63
323538,63
31863,63
220392,63
138959,63
649683,63
25931,63
78787,63
513553,63
448612,63
597944,63
327231,63
447209,63
174990,63
123335,63
362154,63
641414,63
668488,63
555511,63
87950,63
141913,63
112891,63
138915,63
132962,63
6117,63
59315,63
148822,63
492833,63
475282,63
555390,63
638121,63
456337,63
289473,63
498573,63
449162,63
617982,63
495175,63
147157,63
653403,63
663057,63
148666,63
509070,63
433285,63
283587,63
93136,63
236518,63
466839,63
26571,63
393281,63
72419,63
146694,63
284645,63
493575,63
228178,63
378161,63
221656,63
499320,63
589840,63
80678,63
571037,63
370716,63
440163,63
698,63
233890,63
166164,63
640504,63
309386,63
168582,63
396868,63
661823,63
597875,63
543348,63
685281,63
31077,63
497063,63
541748,63
511741,63
133141,63
252372,63
247198,63
381538,63
205806,63
419299,63
85519,63
467769,63
512747,63
25434,63
666059,63
445961,63
614215,63
349994,63
648351,63
615092,63
386171,63
82174,63
394098,63
484942,63
469047,63
13730,63
3308,63
429648,63
531379,63
576581,63
587528,63
170398,63
531787,63
299737,63
565360,63
444795,63
327850,63
314383,63
524435,63
527762,63
45851,63
507329,63
401563,63
154912,63
220716,63
518742,63
187614,63
635260,63
91358,63
676575,63
62222,63
415978,63
664247,63
520855,63
324696,63
109845,63
473381,63
29385,63
390354,63
604668,63
246213,63
428731,63
554959,63
109776,63
238338,63
93363,63
391817,63
184155,63
571116,63
688323,63
637857,63
692663,63
589512,63
685633,63
323599,63
419573,63
126833,63
58177,63
574866,63
427667,63
485002,63
400016,63
454627,63
395332,63
308827,63
479592,63
297725,63
44884,63
492452,63
565161,63
104899,63
305032,63
433370,63
365440,63
473250,63
15427,63
608726,63
311782,63
173327,63
559528,63
507766,63
613968,63
626544,63
372909,63
376730,63
353102,63
367480,63
186775,63
397846,63
475974,63
435778,63
615334,63
651483,63
335174,63
662567,63
23654,63
458069,63
128365,63
31851,63
261749,63
243546,63
215310,63
473462,63
465326,63
699149,63
335898,63
83751,63
506327,63
276609,63
328984,63
483143,63
416924,63
107997,63
234536,63
146643,63
381399,63
542224,63
468989,63
93414,63
144738,63
117451,63
9782,63
575144,63
532149,63
482538,63
590032,63
315525,63
574025,63
268847,63
665642,63
96617,63
669359,63
567500,63
628830,63
394046,63
609789,63
389982,63
444592,63
658300,63
247726,63
253399,63
486328,63
241845,63
551259,63
152829,63
434988,63
92209,63
366584,63
234311,63
665641,63
135380,63
341837,63
405939,63
360396,63
65174,63
119124,63
371816,63
634779,63
18997,63
66984,63
687146,63
67894,63
509690,63
223157,63
657217,63
504182,63
370696,63
540809,63
223304,63
698651,63
692624,63
39859,63
130528,63
487512,63
433080,63
283784,63
602179,63
14172,63
458311,63
235302,63
215432,63
529952,63
282019,63
230220,63
324753,63
220738,63
502457,63
318049,63
232626,63
638614,63
441278,63
272815,63
595261,63
206032,63
194200,63
421276,63
611762,63
489514,63
370053,63
561478,63
405478,63
242305,63
87276,63
502400,63
210410,63
642502,63
5796,63
283161,63
187191,63
641411,63
465468,63
389946,63
105580,63
566990,63
282976,63
600717,63
551798,63
461618,63
407898,63
428041,63
662538,63
226656,63
176079,63
682156,63
668638,63
482085,63
120781,63
69332,63
522102,63
680098,63
196058,63
81140,63
413999,63
138125,63
192913,63
599167,63
248436,63
341003,63
179686,63
580099,63
306291,63
507158,63
623452,63
190517,63
9672,63
420367,63
364402,63
212255,63
53241,63
370804,63
486871,63
179628,63
504822,63
612307,63
648522,63
31885,63
267736,63
660648,63
580780,63
590759,63
493865,63
327894,63
589502,63
513296,63
275363,63
625651,63
139717,63
127757,63
654538,63
81844,63
196665,63
282532,63
260644,63
296206,63
661317,63
122919,63
109632,63
591084,63
354045,63
282830,63
86212,63
690430,63
133647,63
164099,63
107026,63
47212,63
582877,63
139482,63
81151,63
227692,63
77582,63
347646,63
231315,63
419146,63
537710,63
415143,63
595125,63
299979,63
472348,63
144178,63
182383,63
524935,63
466677,63
594655,63
672824,63
148483,63
60266,63
227424,63
215073,63
141929,63
653863,63
17941,63
422405,63
4245,63
156896,63
470821,63
679393,63
338827,63
269831,63
636043,63
72282,63
382662,63
41035,63
398973,63
99790,63
666631,63
262560,63
577167,63
271336,63
323221,63
462980,63
248711,63
255057,63
144807,63
151814,63
3707,63
312314,63
569492,63
123477,63
551412,63
606952,63
298224,63
274718,63
34968,63
151897,63
26213,63
63531,63
5427,63
100210,63
613824,63
697142,63
670779,63
279186,63
687899,63
612488,63
337033,63
401874,63
557014,63
76925,63
66482,63
384421,63
73542,63
198016,63
676490,63
422404,63
252333,63
37317,63
278120,63
124283,63
486908,63
546395,63
621029,63
647915,63
208676,63
507588,63
637128,63
501071,63
391,63
562172,63
141694,63
527942,63
4283,63
547628,63
530514,63
88876,63
25449,63
589895,63
557120,63
382252,63
625984,63
278074,63
275349,63
326377,63
211025,63
301915,63
316086,63
47634,63
557634,63
431249,63
688253,63
420354,63
694664,63
293654,63
243287,63
450865,63
578288,63
359030,63
8644,63
123475,63
343666,63
565928,63
180151,63
245890,63
436263,63
28442,63
449392,63
141927,63
183756,63
412774,63
575078,63
293309,63
436205,63
96605,63
668276,63
461576,63
353712,63
260950,63
11706,63
485782,63
673413,63
133725,63
525623,63
473245,63
59446,63
288293,63
263411,63
41930,63
292735,63
630359,63
663823,63
406966,63
547074,63
12498,63
409142,63
172599,63
123395,63
224611,63
640165,63
474214,63
688897,63
162347,63
237591,63
219413,63
663517,63
585114,63
259926,63
83642,63
184172,63
467585,63
140118,63
465973,63
283607,63
356421,63
419853,63
274023,63
437830,63
525518,63
39778,63
602244,63
666132,63
410459,63
526177,63
571199,63
509707,63
134766,63
342898,63
593131,63
397582,63
207119,63
153598,63
335688,63
230195,63
511564,63
84981,63
72055,63
686660,63
237159,63
584520,63
256566,63
378397,63
591054,63
470996,63
195767,63
152053,63
682686,63
168698,63
633986,63
614915,63
86376,63
144301,63
390130,63
304421,63
155343,63
208825,63
338614,63
233491,63
485287,63
518379,63
570335,63
397154,63
171360,63
579338,63
283710,63
325052,63
347964,63
294481,63
199577,63
477638,63
39577,63
550066,63
626310,63
454285,63
65647,63
268361,63
512588,63
412841,63
222506,63
624233,63
68062,63
466609,63
650689,63
497991,63
458701,63
554192,63
138526,63
331215,63
665265,63
128200,63
560523,63
46371,63
404779,63
48297,63
10189,63
183677,63
334045,63
98713,63
452986,63
647976,63
176331,63
315054,63
402984,63
617366,63
425504,63
115188,63
407742,63
677972,63
375169,63
40334,63
632576,63
367696,63
450321,63
165880,63
550389,63
214192,63
299142,63
69734,63
338977,63
206456,63
153613,63
558300,63
512029,63
344498,63
443856,63
72757,63
234220,63
207468,63
422650,63
295769,63
268731,63
8157,63
181245,63
638115,63
690249,63
693638,63
344190,63
301922,63
511236,63
582040,63
496465,63
580612,63
116306,63
455158,63
30777,63
298721,63
537947,63
695532,63
329498,63
575495,63
111253,63
440971,63
685971,63
409214,63
565787,63
453484,63
348289,63
378980,63
253553,63
367355,63
622395,63
589103,63
446039,63
541775,63
620500,63
690832,63
66141,63
552583,63
136093,63
585604,63
562600,63
637605,63
292352,63
449128,63
609669,63
124345,63
373380,63
172055,63
239115,63
328761,63
516130,63
453967,63
243749,63
176588,63
390530,63
447738,63
463970,63
190940,63
515632,63
312466,63
177670,63
434692,63
63167,63
675230,63
480138,63
541418,63
138032,63
95498,63
197525,63
168470,63
538124,63
203939,63
128535,63
467707,63
232548,63
421932,63
58579,63
652517,63
141490,63
576157,63
179,63
185533,63
293495,63
346795,63
659946,63
218840,63
57411,63
372987,63
366745,63
249702,63
332011,63
110990,63
426992,63
272829,63
376823,63
580990,63
564088,63
651711,63
270252,63
289967,63
430410,63
262422,63
32653,63
60340,63
185259,63
62161,63
234792,63
270637,63
573969,63
295705,63
246472,63
275068,63
472018,63
165377,63
102242,63
698734,63
513184,63
460992,63
362776,63
120424,63
694785,63
383017,63
116760,63
629557,63
108371,63
675391,63
639325,63
613076,63
35757,63
631436,63
507374,63
694905,63
589777,63
94262,63
174883,63
533351,63
548860,63
536857,63
366854,63
420579,63
20670,63
658171,63
276952,63
648106,63
263673,63
673723,63
180701,63
669837,63
322827,63
570266,63
72779,63
650272,63
260729,63
319210,63
341287,63
361882,63
476152,63
607848,63
161265,63
548758,63
142787,63
408424,63
88752,63
658137,63
254723,63
346903,63
690025,63
209097,63
565848,63
87939,63
127745,63
129543,63
70518,63
546648,63
666871,63
661483,63
179148,63
644339,63
235358,63
11960,63
660872,63
159447,63
600896,63
366007,63
46300,63
285346,63
374031,63
609607,63
264350,63
178506,63
669155,63
316324,63
411912,63
534975,63
331109,63
376908,63
285944,63
366212,63
199019,63
674162,63
163484,63
563103,63
663964,63
488048,63
46764,63
309312,63
501869,63
205891,63
458807,63
509893,63
322789,63
487410,63
184827,63
670809,63
219909,63
137701,63
668516,63
440470,63
506436,63
211250,63
652451,63
380610,63
214808,63
524425,63
597710,63
454928,63
479643,63
670705,63
182160,63
35568,63
255299,63
312927,63
411156,63
98665,63
515221,63
348611,63
162852,63
182739,63
581042,63
196102,63
9577,63
592992,63
309764,63
618613,63
142104,63
72547,63
667944,63
670606,63
46125,63
235901,63
608776,63
503896,63
348686,63
548835,63
141894,63
654285,63
205346,63
533711,63
276211,63
85224,63
365080,63
621053,63
207928,63
434669,63
96809,63
352336,63
26876,63
517327,63
559160,63
76842,63
617980,63
214108,63
618756,63
464981,63
437038,63
330787,63
20238,63
678268,63
600870,63
265536,63
92362,63
280135,63
558641,63
357824,63
5540,63
269773,63
344717,63
412170,63
606934,63
42942,63
696512,63
479076,63
2899,63
344164,63
338885,63
519998,63
32203,63
43515,63
691516,63
450013,63
546658,63
599060,63
32028,63
60578,63
697754,63
421698,63
672027,63
356512,63
400922,63
479641,63
365523,63
558510,63
203834,63
515746,63
572007,63
193458,63
427678,63
299199,63
600054,63
591057,63
398961,63
432451,63
427040,63
262893,63
299036,63
7797,63
162387,63
135369,63
865,63
350929,63
621629,63
598506,63
562586,63
673356,63
355890,63
213052,63
390351,63
291054,63
283668,63
627895,63
601190,63
344631,63
680007,63
204574,63
82313,63
643199,63
12325,63
444569,63
181766,63
143922,63
298979,63
536018,63
515478,63
656762,63
371055,63
100770,63
355551,63
649042,63
75164,63
37121,63
73518,63
207732,63
19321,63
236601,63
25064,63
638545,63
247366,63
102235,63
532011,63
488088,63
280583,63
622200,63
521619,63
363997,63
458265,63
94043,63
89005,63
384042,63
98092,63
654298,63
201101,63
260106,63
253779,63
466794,63
688094,63
85969,63
208695,63
97255,63
24539,63
118484,63
405508,63
675189,63
568412,63
580443,63
675471,63
530663,63
231840,63
74274,63
693680,63
255947,63
652068,63
90150,63
409138,63
401799,63
343357,63
86480,63
62061,63
376468,63
287781,63
264699,63
407936,63
673957,63
178316,63
459474,63
269699,63
445977,63
248823,63
607812,63
403537,63
683259,63
530179,63
233783,63
689552,63
550338,63
135605,63
41778,63
336149,63
563588,63
302746,63
204150,63
393903,63
231039,63
532100,63
603958,63
112806,63
11963,63
636089,63
242789,63
417876,63
106044,63
230953,63
506060,63
58728,63
70122,63
657370,63
650623,63
401941,63
313408,63
339553,63
691325,63
498543,63
184377,63
224727,63
628104,63
330399,63
394924,63
218995,63
195847,63
227610,63
481006,63
416072,63
62719,63
10326,63
397466,63
191578,63
519415,63
522580,63
514841,63
386881,63
530416,63
430771,63
440658,63
219117,63
671674,63
314714,63
547909,63
304628,63
175902,63
375132,63
56756,63
158679,63
503006,63
395546,63
277210,63
574468,63
234204,63
385518,63
24058,63
476963,63
282733,63
568552,63
142149,63
605898,63
111901,63
603095,63
370156,63
263176,63
126455,63
204147,63
532177,63
650091,63
452431,63
370454,63
132592,63
418039,63
659866,63
437040,63
651948,63
116800,63
271856,63
202698,63
476651,63
699251,63
421601,63
434715,63
546736,63
378333,63
602399,63
78033,63
469320,63
82420,63
134497,63
32738,63
331398,63
178772,63
562955,63
538013,63
112087,63
158564,63
206229,63
651774,63
190761,63
137370,63
103016,63
157861,63
137587,63
160110,63
195037,63
498600,63
226143,63
245229,63
484068,63
49704,63
429674,63
339310,63
97278,63
688131,63
331803,63
241451,63
438764,63
145381,63
191670,63
319086,63
448343,63
556948,63
102483,63
223500,63
272765,63
368499,63
450620,63
586682,63
126997,63
333455,63
160259,63
231493,63
322274,63
523708,63
449174,63
683608,63
48365,63
378840,63
258280,63
689531,63
441154,63
2674,63
472747,63
403903,63
240543,63
443002,63
382912,63
290319,63
568587,63
98361,63
201873,63
26025,63
444867,63
500928,63
131570,63
444703,63
519408,63
290207,63
671712,63
191134,63
492847,63
256628,63
452543,63
350103,63
261404,63
67181,63
638502,63
689735,63
355699,63
382639,63
121065,63
207174,63
539002,63
539567,63
235173,63
285020,63
330276,63
467057,63
85536,63
186354,63
136148,63
608662,63
506982,63
215319,63
170344,63
86258,63
202967,63
334648,63
372598,63
461623,63
92510,63
305366,63
320827,63
78378,63
615042,63
499715,63
607011,63
526010,63
507909,63
54604,63
181954,63
68085,63
77234,63
35183,63
609160,63
402816,63
369287,63
333952,63
377523,63
429126,63
327108,63
54450,63
534460,63
158043,63
538763,63
95733,63
568178,63
513373,63
493357,63
654571,63
565650,63
202246,63
187526,63
318801,63
45172,63
209740,63
28111,63
96864,63
622630,63
267991,63
574881,63
248516,63
392122,63
379892,63
487310,63
379746,63
387958,63
29219,63
623897,63
434916,63
392253,63
318953,63
112969,63
167644,63
434035,63
200109,63
88792,63
384806,63
351187,63
30538,63
623954,63
509598,63
270298,63
175510,63
232091,63
691468,63
150542,63
164200,63
319033,63
154755,63
618901,63
25232,63
511638,63
471247,63
195667,63
31704,63
549013,63
586634,63
478020,63
642112,63
346226,63
204677,63
211751,63
311149,63
412947,63
589923,63
185899,63
841,63
243107,63
258431,63
3685,63
64029,63
662311,63
373885,63
552390,63
154580,63
177455,63
300215,63
100589,63
90893,63
368839,63
660207,63
56831,63
159561,63
47341,63
651478,63
321716,63
58413,63
276012,63
323164,63
404653,63
387710,63
633205,63
573950,63
272948,63
431814,63
229388,63
414294,63
13316,63
377014,63
159924,63
282356,63
269796,63
252776,63
290321,63
483373,63
62720,63
13880,63
645779,63
329273,63
55492,63
331412,63
256251,63
15621,63
377041,63
334696,63
102885,63
282368,63
679735,63
211517,63
693519,63
499250,63
319540,63
141991,63
301847,63
540974,63
139976,63
89585,63
51870,63
101733,63
63268,63
288554,63
614395,63
175730,63
603526,63
506561,63
555319,63
320540,63
437204,63
191276,63
353209,63
552411,63
176846,63
407015,63
209564,63
25861,63
287224,63
444250,63
664465,63
444473,63
30213,63
285437,63
71382,63
51200,63
573615,63
335399,63
197165,63
54794,63
547697,63
595865,63
249510,63
216413,63
508326,63
697275,63
238408,63
541959,63
480679,63
693020,63
464550,63
58308,63
339558,63
115398,63
463779,63
314808,63
576871,63
277633,63
479577,63
515961,63
279129,63
525086,63
520459,63
559670,63
587083,63
578976,63
275050,63
325703,63
119652,63
92211,63
46192,63
265624,63
577336,63
144759,63
131983,63
401652,63
273103,63
521147,63
235197,63
348444,63
600863,63
535415,63
243376,63
325963,63
175551,63
536263,63
70349,63
473821,63
37960,63
340879,63
39035,63
552362,63
112024,63
326093,63
665816,63
167811,63
286464,63
123336,63
99390,63
460876,63
542602,63
359276,63
315737,63
524091,63
650952,63
488214,63
216976,63
653409,63
524419,63
410832,63
495266,63
94403,63
132539,63
551388,63
647322,63
23531,63
574819,63
605562,63
586777,63
181051,63
86594,63
226282,63
111403,63
329182,63
314119,63
663926,63
245942,63
13049,63
267622,63
333614,63
696744,63
303236,63
306045,63
223886,63
88667,63
253584,63
14277,63
196463,63
632303,63
130064,63
58661,63
678230,63
170413,63
583652,63
670209,63
567668,63
375625,63
673126,63
285243,63
118601,63
258483,63
653884,63
227390,63
209151,63
517398,63
658811,63
677148,63
335859,63
275618,63
449038,63
86439,63
231932,63
112083,63
235014,63
357127,63
558898,63
394510,63
508179,63
72543,63
144477,63
1372,63
391724,63
3101,63
653570,63
51711,63
614345,63
210669,63
497159,63
181662,63
601353,63
548717,63
533459,63
696758,63
348327,63
109084,63
125453,63
558108,63
659333,63
296140,63
670243,63
330827,63
664805,63
363331,63
329897,63
668267,63
305322,63
419985,63
66745,63
126212,63
499446,63
428625,63
667187,63
641559,63
267347,63
78866,63
466869,63
326642,63
251306,63
64148,63
370104,63
586878,63
436908,63
641366,63
50171,63
243356,63
100625,63
86566,63
429142,63
96794,63
489351,63
66153,63
549205,63
210648,63
300506,63
559222,63
306967,63
296351,63
5684,63
369047,63
600255,63
607164,63
384100,63
454633,63
437977,63
692267,63
289254,63
593609,63
422254,63
321122,63
42841,63
191779,63
613994,63
231275,63
656244,63
277256,63
177621,63
266157,63
190870,63
594067,63
228318,63
250328,63
676100,63
383947,63
317245,63
263299,63
141481,63
366890,63
52860,63
96732,63
405336,63
659196,63
616786,63
231780,63
501227,63
13405,63
550508,63
426057,63
641623,63
417323,63
561748,63
203707,63
283075,63
278445,63
348360,63
509169,63
367535,63
671763,63
208432,63
241907,63
505759,63
328433,63
57375,63
176089,63
329864,63
474704,63
572345,63
671923,63
123857,63
643859,63
340790,63
297833,63
625716,63
679901,63
232148,63
29171,63
468145,63
60441,63
162199,63
558489,63
174665,63
617185,63
185719,63
96970,63
614780,63
627872,63
103491,63
311689,63
74607,63
597453,63
220378,63
543613,63
210875,63
522873,63
536069,63
269484,63
278319,63
389783,63
26202,63
626597,63
200697,63
494449,63
532385,63
331148,63
532228,63
417160,63
153185,63
215281,63
292212,63
588476,63
150090,63
388956,63
282200,63
691658,63
105846,63
423167,63
451145,63
194249,63
69531,63
518192,63
659701,63
2223,63
691268,63
578713,63
682901,63
304987,63
664875,63
368549,63
29388,63
612506,63
129453,63
609690,63
74598,63
334924,63
389695,63
45990,63
524965,63
115837,63
556546,63
671713,63
79518,63
458829,63
622587,63
604001,63
415163,63
333004,63
114834,63
195768,63
275824,63
114859,63
493256,63
501677,63
384395,63
155003,63
643758,63
116878,63
577443,63
256528,63
89955,63
82837,63
485147,63
128538,63
662595,63
453329,63
508141,63
99000,63
36009,63
317475,63
360939,63
537220,63
566499,63
5119,63
497114,63
370423,63
116191,63
376502,63
523452,63
362239,63
98881,63
464686,63
646715,63
190225,63
354906,63
602114,63
605499,63
320801,63
410857,63
448308,63
175229,63
201968,63
210753,63
417186,63
106876,63
644730,63
520909,63
194614,63
214985,63
288823,63
457830,63
83425,63
481137,63
183627,63
258120,63
151895,63
569011,63
96863,63
575992,63
505234,63
283687,63
674757,63
554189,63
388167,63
17641,63
53897,63
416367,63
375499,63
323890,63
400338,63
6143,63
157215,63
471161,63
9627,63
265820,63
14426,63
125056,63
370923,63
74165,63
79038,63
48947,63
45922,63
549192,63
362643,63
266447,63
696246,63
243232,63
79808,63
597467,63
281260,63
283473,63
266,63
637838,63
626837,63
106494,63
198324,63
393706,63
4138,63
9974,63
276887,63
485982,63
249085,63
284800,63
131988,63
522027,63
34542,63
489583,63
356953,63
439183,63
72463,63
175335,63
347676,63
369104,63
419140,63
616683,63
653486,63
160777,63
592418,63
697842,63
346751,63
135835,63
223824,63
216891,63
1133,63
223273,63
361943,63
428588,63
682547,63
602762,63
4892,63
141381,63
341096,63
434419,63
299381,63
253281,63
686511,63
444169,63
578599,63
218837,63
49199,63
667193,63
534930,63
463297,63
399607,63
9257,63
628677,63
42762,63
519467,63
505394,63
117012,63
128023,63
341504,63
179724,63
578777,63
628901,63
71611,63
438318,63
62017,63
243533,63
85719,63
342023,63
623091,63
273220,63
77111,63
137190,63
367111,63
176640,63
452487,63
550106,63
393561,63
145471,63
236653,63
429625,63
585564,63
322842,63
596194,63
267209,63
678815,63
644131,63
231849,63
407690,63
22357,63
15037,63
282840,63
85806,63
182090,63
665971,63
164730,63
31374,63
13819,63
314431,63
383569,63
661340,63
456622,63
398944,63
228057,63
425577,63
349330,63
354969,63
131943,63
151668,63
424354,63
694319,63
139877,63
537414,63
514062,63
68708,63
184429,63
516915,63
237248,63
168017,63
390218,63
308130,63
371986,63
375629,63
416154,63
334784,63
356577,63
175498,63
81419,63
191072,63
229191,63
176277,63
469372,63
584604,63
155800,63
629354,63
454870,63
290040,63
368431,63
182072,63
3955,63
687882,63
482415,63
524863,63
82328,63
362282,63
285378,63
114753,63
575926,63
23412,63
221510,63
528394,63
242144,63
289539,63
275664,63
425919,63
330541,63
366706,63
462293,63
633461,63
621819,63
496116,63
634681,63
425883,63
50844,63
536392,63
27175,63
326306,63
47198,63
631744,63
542128,63
633138,63
323771,63
199559,63
209473,63
127328,63
284624,63
492365,63
52161,63
211758,63
452813,63
103154,63
248546,63
203752,63
286667,63
514861,63
476703,63
20726,63
7782,63
241525,63
559301,63
253054,63
80300,63
617895,63
464002,63
202819,63
461350,63
399533,63
275243,63
566312,63
315638,63
319135,63
347900,63
285920,63
378668,63
518238,63
231597,63
33518,63
31054,63
137275,63
421352,63
474515,63
457841,63
265302,63
230701,63
221209,63
310752,63
687147,63
155938,63
673971,63
14010,63
56307,63
146724,63
217536,63
294932,63
66725,63
633772,63
26606,63
671481,63
288397,63
238163,63
101646,63
461320,63
666542,63
359672,63
671825,63
68432,63
145386,63
674768,63
658917,63
586055,63
667423,63
314906,63
696427,63
196010,63
533626,63
599195,63
270455,63
80835,63
548986,63
432371,63
116401,63
303208,63
53608,63
387056,63
395833,63
305180,63
334623,63
519483,63
59906,63
449528,63
434237,63
125212,63
156424,63
106491,63
675826,63
46151,63
424135,63
197802,63
129663,63
11348,63
453432,63
139466,63
245624,63
685719,63
275042,63
224572,63
344840,63
602933,63
318410,63
456818,63
153953,63
662286,63
518348,63
695119,63
51705,63
390013,63
458598,63
244387,63
461797,63
178914,63
299841,63
168923,63
301124,63
123459,63
36329,63
666372,63
118120,63
408457,63
401062,63
600125,63
284712,63
354818,63
586322,63
482814,63
453894,63
88026,63
26629,63
209472,63
351599,63
236026,63
82619,63
468379,63
291704,63
572953,63
654624,63
233857,63
17304,63
140941,63
129099,63
631917,63
121797,63
77389,63
60416,63
609079,63
144430,63
586220,63
395874,63
613450,63
40384,63
46079,63
427801,63
625943,63
435389,63
80433,63
647261,63
297413,63
460564,63
265519,63
64781,63
224947,63
487753,63
650748,63
103817,63
507322,63
73856,63
111028,63
98987,63
161064,63
679269,63
190591,63
497790,63
497086,63
139340,63
521982,63
407420,63
26259,63
76212,63
609456,63
475009,63
682887,63
656803,63
464482,63
241570,63
439557,63
660114,63
203827,63
611863,63
454153,63
475805,63
234836,63
662467,63
478567,63
565162,63
100977,63
383823,63
87715,63
294049,63
403409,63
372568,63
123979,63
104176,63
275091,63
56455,63
511534,63
123822,63
389562,63
397666,63
355239,63
518998,63
78308,63
686135,63
579471,63
678392,63
639842,63
695736,63
335404,63
355515,63
352624,63
127619,63
233769,63
441427,63
324435,63
426385,63
238485,63
164385,63
695861,63
660972,63
66158,63
546857,63
545205,63
428871,63
19582,63
238021,63
435243,63
182062,63
647659,63
17751,63
104855,63
621295,63
28754,63
440049,63
431983,63
302785,63
655212,63
298881,63
310116,63
111001,63
601219,63
219376,63
585832,63
497399,63
107772,63
286030,63
85329,63
203981,63
217141,63
642121,63
648061,63
57467,63
142650,63
161767,63
321267,63
542775,63
294580,63
99593,63
29078,63
165512,63
299349,63
106699,63
186577,63
238785,63
360452,63
683072,63
411322,63
82640,63
510740,63
565479,63
267591,63
394446,63
350806,63
386760,63
261216,63
666395,63
248453,63
328857,63
78499,63
578660,63
612892,63
209623,63
369582,63
394998,63
492959,63
170666,63
541012,63
571600,63
76460,63
608714,63
457230,63
298483,63
663841,63
250365,63
629259,63
183482,63
513371,63
325135,63
365084,63
48692,63
356178,63
647599,63
456669,63
275431,63
390646,63
398058,63
344998,63
128650,63
455115,63
313022,63
110357,63
363661,63
6210,63
47860,63
335218,63
312437,63
542877,63
93426,63
463474,63
427619,63
254990,63
76423,63
478085,63
292330,63
330138,63
433433,63
355146,63
252884,63
23135,63
50341,63
236004,63
618534,63
337773,63
511461,63
609509,63
57755,63
174652,63
326247,63
444963,63
71106,63
74285,63
14510,63
174648,63
145451,63
325164,63
4353,63
377957,63
377034,63
390214,63
368513,63
96186,63
362195,63
554069,63
29150,63
338194,63
513787,63
552272,63
416585,63
333983,63
175594,63
578526,63
208071,63
580223,63
554587,63
590495,63
33715,63
693605,63
604290,63
611200,63
352882,63
624701,63
137540,63
536697,63
406284,63
365698,63
491164,63
528697,63
306381,63
175939,63
349262,63
405130,63
6550,63
696105,63
281563,63
611320,63
524078,63
386971,63
301761,63
95467,63
633374,63
57545,63
280960,63
300567,63
456223,63
618129,63
275884,63
173308,63
64545,63
217469,63
218051,63
458860,63
11590,63
243427,63
92822,63
523811,63
361059,63
393361,63
455473,63
367220,63
240962,63
98280,63
504741,63
494157,63
277616,63
221010,63
258659,63
639135,63
183945,63
58557,63
29600,63
626131,63
184182,63
655503,63
215902,63
263020,63
626596,63
530225,63
33146,63
648624,63
499958,63
562114,63
331009,63
10892,63
192880,63
230890,63
321092,63
398350,63
481499,63
374991,63
676800,63
2517,63
604979,63
559551,63
622961,63
559133,63
564424,63
315998,63
358960,63
528294,63
383995,63
554721,63
361058,63
348992,63
88942,63
478409,63
398336,63
284756,63
210734,63
491328,63
399448,63
226269,63
517126,63
148992,63
301951,63
281000,63
388988,63
325973,63
287946,63
170140,63
179069,63
415002,63
140932,63
383727,63
545439,63
320809,63
374046,63
500946,63
431937,63
73956,63
92071,63
364389,63
379104,63
104285,63
40731,63
362622,63
486774,63
272947,63
659306,63
654925,63
586852,63
411028,63
126600,63
5197,63
217758,63
659940,63
303137,63
682268,63
526642,63
480363,63
694004,63
34517,63
399386,63
282263,63
65593,63
652351,63
106397,63
30623,63
516730,63
310102,63
383162,63
342028,63
118801,63
395519,63
601822,63
476139,63
129084,63
202509,63
643305,63
681937,63
604437,63
480550,63
686536,63
695421,63
614900,63
569025,63
377770,63
543586,63
363093,63
466289,63
126371,63
36940,63
685421,63
115687,63
623878,63
131019,63
540861,63
225464,63
492473,63
108895,63
481000,63
501805,63
673601,63
212846,63
395955,63
363270,63
308693,63
146269,63
87570,63
83535,63
454954,63
519404,63
105716,63
591427,63
679614,63
87218,63
223164,63
289131,63
454958,63
565609,63
485234,63
412869,63
184211,63
315390,63
107515,63
177004,63
141651,63
408267,63
379696,63
409059,63
10651,63
182524,63
114878,63
402047,63
404615,63
285579,63
168826,63
335082,63
366689,63
209593,63
466750,63
131986,63
670431,63
55429,63
243041,63
640465,63
289738,63
365581,63
25835,63
58971,63
330029,63
530312,63
443131,63
660151,63
277415,63
533878,63
31025,63
135843,63
222005,63
614485,63
682437,63
556321,63
421506,63
83924,63
145093,63
149221,63
110039,63
474292,63
630269,63
262214,63
433016,63
383317,63
181436,63
437541,63
673928,63
258790,63
240882,63
191087,63
198455,63
266837,63
401701,63
106720,63
120921,63
4354,63
417646,63
466019,63
484629,63
30818,63
381437,63
389383,63
336907,63
596567,63
552989,63
25997,63
75122,63
274564,63
642135,63
129305,63
490682,63
518788,63
253114,63
491057,63
124419,63
361162,63
278905,63
283178,63
60723,63
2988,63
129259,63
59274,63
265338,63
84840,63
368283,63
542606,63
424098,63
138570,63
518689,63
339488,63
401466,63
681644,63
358061,63
130143,63
314039,63
642937,63
523129,63
212818,63
535584,63
419351,63
567029,63
231235,63
299342,63
153881,63
356224,63
350730,63
487571,63
249220,63
19319,63
571096,63
185684,63
343080,63
580081,63
207876,63
232468,63
459153,63
384950,63
494835,63
314332,63
582357,63
72,63
645836,63
18535,63
578274,63
132463,63
570442,63
617073,63
420032,63
502021,63
25273,63
393731,63
116639,63
649719,63
676741,63
120218,63
431067,63
393638,63
178733,63
403561,63
518285,63
81895,63
455604,63
190702,63
655084,63
631532,63
539690,63
48900,63
623649,63
110150,63
595375,63
630370,63
223639,63
195864,63
20742,63
450254,63
68109,63
15320,63
13631,63
323246,63
197464,63
321140,63
671268,63
276351,63
341625,63
452025,63
421378,63
409480,63
389327,63
629691,63
98751,63
502094,63
660365,63
101214,63
586492,63
127572,63
317323,63
406261,63
619914,63
330214,63
338577,63
617383,63
91582,63
236029,63
179549,63
88300,63
348778,63
496202,63
83073,63
359683,63
697260,63
59424,63
378283,63
381960,63
174009,63
362192,63
127316,63
242835,63
243235,63
172445,63
363722,63
407922,63
309052,63
116412,63
683035,63
330404,63
51040,63
641601,63
224452,63
276052,63
343063,63
641630,63
219515,63
117245,63
590569,63
1175,63
561446,63
227463,63
254209,63
143163,63
58793,63
492285,63
187107,63
252269,63
377516,63
318679,63
356859,63
502637,63
277881,63
304143,63
615946,63
52298,63
185409,63
109559,63
564291,63
186216,63
510931,63
95987,63
632197,63
373960,63
59553,63
409548,63
116317,63
423294,63
573365,63
473143,63
48941,63
527518,63
180594,63
639977,63
29404,63
316293,63
260921,63
411531,63
323195,63
481756,63
223268,63
32096,63
506901,63
78610,63
640546,63
241711,63
274980,63
413169,63
29682,63
520316,63
235392,63
280956,63
346389,63
29262,63
405320,63
342992,63
10327,63
58065,63
628714,63
605478,63
498271,63
160073,63
96959,63
367178,63
605116,63
367124,63
244460,63
545321,63
480043,63
359367,63
692069,63
331796,63
56635,63
329320,63
406895,63
563889,63
626391,63
652636,63
166489,63
99559,63
195999,63
104354,63
458027,63
441384,63
338513,63
604574,63
342789,63
218515,63
502909,63
388242,63
309811,63
270702,63
117039,63
448129,63
46199,63
225306,63
283574,63
279139,63
246106,63
358411,63
256108,63
248779,63
576934,63
573290,63
487809,63
534802,63
413920,63
508723,63
642886,63
298983,63
393432,63
503460,63
660232,63
65296,63
383944,63
621623,63
581779,63
275715,63
275683,63
189364,63
79211,63
274540,63
452800,63
152882,63
457561,63
226009,63
693407,63
405142,63
323624,63
139589,63
199280,63
291519,63
553427,63
95468,63
309732,63
144368,63
380743,63
259090,63
355106,63
595031,63
253825,63
221214,63
623207,63
499223,63
307180,63
693940,63
105498,63
447461,63
568289,63
2032,63
592031,63
74118,63
158496,63
96396,63
155048,63
587465,63
221090,63
421004,63
165624,63
132983,63
642676,63
591348,63
182507,63
86374,63
524210,63
303818,63
238493,63
146347,63
72652,63
531835,63
20908,63
418403,63
563979,63
672785,63
435105,63
256477,63
697859,63
297382,63
6733,63
695851,63
210568,63
635264,63
229044,63
119888,63
609577,63
69802,63
191429,63
283595,63
132338,63
127951,63
202549,63
323933,63
67214,63
189507,63
56312,63
481039,63
68431,63
371299,63
134742,63
509329,63
559628,63
171588,63
645129,63
463266,63
330111,63
312201,63
154931,63
210504,63
585311,63
604029,63
532403,63
270914,63
139712,63
34952,63
226757,63
130415,63
172650,63
316647,63
223926,63
155572,63
4177,63
68210,63
258340,63
43907,63
405854,63
110083,63
406450,63
222995,63
598007,63
519564,63
401058,63
124872,63
443003,63
92704,63
86661,63
465190,63
256476,63
380911,63
555031,63
541719,63
520788,63
298033,63
318516,63
635448,63
573806,63
250359,63
97511,63
690453,63
174634,63
179195,63
389537,63
470621,63
295556,63
169555,63
533448,63
606629,63
624824,63
58113,63
524257,63
5935,63
672345,63
65260,63
674094,63
254137,63
516874,63
491447,63
583702,63
642365,63
612222,63
513974,63
284124,63
352486,63
227843,63
383406,63
639524,63
596802,63
382548,63
40191,63
632189,63
448901,63
435014,63
431396,63
125842,63
619484,63
468447,63
223363,63
207369,63
180432,63
622487,63
23327,63
281376,63
492837,63
679005,63
379820,63
585493,63
63478,63
118420,63
174292,63
115495,63
272410,63
326527,63
387603,63
650240,63
540526,63
371954,63
325691,63
295511,63
267030,63
264441,63
542010,63
105913,63
26846,63
347460,63
569504,63
54880,63
671699,63
423450,63
596683,63
22256,63
450488,63
681423,63
396700,63
434751,63
532647,63
293618,63
412054,63
498240,63
116,63
62625,63
163395,63
689362,63
241523,63
125578,63
139515,63
215062,63
191154,63
327195,63
131417,63
380082,63
74884,63
173919,63
611631,63
68975,63
200047,63
423037,63
239486,63
369595,63
454236,63
479824,63
190880,63
597146,63
159035,63
350820,63
604611,63
155680,63
614658,63
419666,63
309809,63
124984,63
527213,63
542556,63
266951,63
187158,63
676433,63
484025,63
644395,63
518341,63
81720,63
163525,63
85703,63
181693,63
491256,63
432604,63
141437,63
652709,63
328152,63
121427,63
332579,63
112179,63
148795,63
654855,63
589084,63
83036,63
541425,63
135836,63
234489,63
387173,63
127394,63
143543,63
659272,63
534781,63
166304,63
208829,63
561300,63
473812,63
15597,63
79735,63
28641,63
332270,63
17393,63
317623,63
536144,63
306039,63
669124,63
218669,63
572214,63
485554,63
152560,63
353475,63
676220,63
98272,63
151067,63
63676,63
5141,63
563773,63
491348,63
338398,63
685569,63
44093,63
13183,63
696090,63
524936,63
245380,63
554970,63
4968,63
547384,63
646153,63
74745,63
427418,63
13082,63
45579,63
641940,63
580161,63
159633,63
138460,63
215459,63
58170,63
498399,63
331501,63
464645,63
572731,63
395608,63
322460,63
355416,63
692319,63
440094,63
141954,63
682813,63
379835,63
417474,63
213494,63
482700,63
54004,63
352408,63
354491,63
455928,63
319412,63
659226,63
451335,63
614154,63
656694,63
287021,63
284051,63
627520,63
160316,63
371586,63
273084,63
439268,63
359913,63
301361,63
84768,63
204224,63
549956,63
156226,63
63872,63
150857,63
248671,63
505929,63
311347,63
21794,63
286908,63
511117,63
585519,63
654816,63
242526,63
511383,63
148816,63
144951,63
605796,63
47916,63
360153,63
189620,63
142111,63
598581,63
501051,63
693778,63
288128,63
131810,63
121386,63
385947,63
173214,63
11885,63
172164,63
361875,63
432276,63
256569,63
347113,63
252264,63
419797,63
431031,63
89060,63
5237,63
517874,63
948,63
542469,63
547242,63
267549,63
261347,63
207969,63
82996,63
444684,63
467826,63
551212,63
65685,63
11849,63
459027,63
273334,63
199675,63
15293,63
270948,63
162418,63
179673,63
582401,63
387656,63
552996,63
138908,63
620688,63
105355,63
367908,63
696166,63
71345,63
525314,63
661183,63
624555,63
392761,63
670839,63
306237,63
621106,63
26764,63
63500,63
255437,63
137700,63
540627,63
250396,63
381131,63
41909,63
684787,63
333,63
379346,63
271057,63
207255,63
428396,63
133875,63
121693,63
431963,63
384778,63
542423,63
667563,63
384719,63
116763,63
598434,63
682518,63
352106,63
632205,63
334695,63
641817,63
189754,63
460176,63
47091,63
522330,63
371940,63
588741,63
148062,63
43508,63
256028,63
482555,63
384023,63
57300,63
663037,63
560866,63
542572,63
69216,63
611865,63
181496,63
349651,63
380389,63
672676,63
480894,63
462904,63
240731,63
612596,63
560979,63
104823,63
202419,63
433214,63
14019,63
11175,63
569508,63
97597,63
155156,63
658260,63
629397,63
274039,63
302709,63
78029,63
355260,63
232741,63
227617,63
150882,63
566070,63
417829,63
164320,63
559732,63
357634,63
123219,63
83351,63
150606,63
521986,63
496141,63
218810,63
121855,63
494649,63
111999,63
352253,63
660646,63
476000,63
691093,63
542517,63
336274,63
524659,63
399613,63
500354,63
481520,63
404836,63
79060,63
375542,63
673457,63
562644,63
561880,63
33638,63
205449,63
556038,63
80535,63
72789,63
43808,63
160579,63
686210,63
203112,63
612214,63
17286,63
94604,63
663851,63
413491,63
323648,63
375481,63
493381,63
482294,63
167703,63
378404,63
625736,63
692700,63
174552,63
489584,63
436023,63
413671,63
178895,63
510580,63
235030,63
48119,63
118604,63
426228,63
410041,63
34956,63
508699,63
545910,63
278682,63
88006,63
424050,63
16503,63
122871,63
295277,63
175655,63
362228,63
195763,63
540116,63
502109,63
413827,63
55481,63
222968,63
84849,63
549071,63
320401,63
110632,63
636930,63
284465,63
522377,63
332101,63
683573,63
370855,63
450437,63
7607,63
180364,63
267393,63
586447,63
238806,63
5211,63
373863,63
639703,63
404480,63
499322,63
221740,63
100166,63
299629,63
337150,63
285846,63
98176,63
608729,63
372239,63
322486,63
221409,63
578256,63
194385,63
153648,63
301920,63
291142,63
231084,63
584136,63
93883,63
218294,63
170288,63
142638,63
344099,63
431327,63
475060,63
551888,63
298118,63
105131,63
520796,63
79050,63
59113,63
450942,63
540606,63
56509,63
258671,63
679596,63
91255,63
639231,63
264224,63
326154,63
12635,63
549655,63
419220,63
222352,63
451945,63
293160,63
698892,63
228637,63
643264,63
103369,63
302084,63
550141,63
176782,63
72625,63
54160,63
629748,63
506737,63
454323,63
473005,63
214159,63
334321,63
697581,63
514427,63
403463,63
345698,63
392978,63
169407,63
113862,63
624153,63
543189,63
232,63
206382,63
542865,63
290874,63
498985,63
142472,63
687288,63
122549,63
61633,63
235889,63
696254,63
210384,63
552266,63
125587,63
313677,63
685658,63
645445,63
596015,63
201670,63
20353,63
265293,63
16879,63
120769,63
389722,63
371141,63
347642,63
338661,63
607210,63
293162,63
661137,63
391165,63
150531,63
478552,63
254833,63
463670,63
405862,63
190766,63
191934,63
484395,63
27320,63
174251,63
220221,63
525679,63
214790,63
696280,63
554965,63
450008,63
662390,63
139461,63
446871,63
69993,63
578929,63
576465,63
531682,63
297753,63
268966,63
274811,63
437244,63
194807,63
49209,63
265829,63
304838,63
287430,63
550501,63
634116,63
296115,63
312909,63
588924,63
605108,63
225066,63
273349,63
609702,63
462547,63
668180,63
354270,63
238430,63
81877,63
15845,63
547290,63
190738,63
461906,63
404037,63
660996,63
60221,63
617133,63
240612,63
108396,63
124336,63
599255,63
125860,63
121465,63
518472,63
586991,63
576092,63
97692,63
246940,63
1740,63
184556,63
593215,63
610649,63
569753,63
208094,63
193414,63
63476,63
311365,63
67414,63
644490,63
466390,63
34045,63
524624,63
643706,63
489504,63
597517,63
606119,63
483657,63
546358,63
368331,63
625700,63
300699,63
617336,63
8000,63
332712,63
589969,63
40036,63
263516,63
149904,63
87204,63
402696,63
354961,63
92463,63
278665,63
36135,63
280207,63
479498,63
360801,63
567643,63
175053,63
296192,63
549360,63
460394,63
257417,63
358050,63
10145,63
366472,63
404917,63
31499,63
40356,63
311912,63
473377,63
275808,63
424294,63
401281,63
252862,63
193100,63
229126,63
395389,63
154632,63
138782,63
658677,63
428634,63
124804,63
58506,63
21600,63
175170,63
430482,63
354379,63
101798,63
164270,63
688769,63
683236,63
564645,63
696670,63
359757,63
334464,63
149254,63
464721,63
298242,63
220190,63
440785,63
167098,63
490261,63
43002,63
84354,63
545459,63
529515,63
681109,63
460636,63
600280,63
38187,63
356018,63
355455,63
42330,63
155423,63
541403,63
8244,63
182808,63
633964,63
695537,63
213302,63
312657,63
73117,63
474307,63
515036,63
417332,63
16773,63
243823,63
139042,63
584963,63
614792,63
246142,63
242111,63
642240,63
222128,63
672823,63
585581,63
354258,63
299265,63
184873,63
198375,63
481051,63
7791,63
646349,63
145718,63
220927,63
257789,63
396173,63
88351,63
33761,63
29714,63
93371,63
445420,63
555654,63
13521,63
142428,63
145184,63
307922,63
201734,63
638271,63
431773,63
542668,63
647111,63
420163,63
572150,63
494484,63
659052,63
248957,63
32532,63
71201,63
201942,63
235758,63
543620,63
670597,63
527397,63
501619,63
255783,63
470173,63
531909,63
434759,63
133080,63
390613,63
667719,63
280119,63
44247,63
319736,63
491036,63
521159,63
5637,63
324146,63
276640,63
187347,63
81095,63
305191,63
567180,63
241324,63
371764,63
453258,63
607613,63
558622,63
296922,63
53629,63
666502,63
286123,63
42020,63
486615,63
695766,63
234252,63
75107,63
94569,63
296560,63
113141,63
59729,63
461325,63
71118,63
258670,63
690277,63
7372,63
476808,63
576586,63
29937,63
663832,63
532046,63
612325,63
374133,63
105339,63
183928,63
461214,63
579077,63
603520,63
309501,63
164097,63
516499,63
688734,63
422970,63
599475,63
13646,63
570770,63
433553,63
597241,63
527754,63
329598,63
443447,63
198281,63
65976,63
677009,63
237742,63
600038,63
441764,63
563013,63
235818,63
520103,63
537557,63
507262,63
162690,63
632149,63
201979,63
351027,63
307996,63
575555,63
498367,63
461348,63
290014,63
692708,63
136348,63
94405,63
510437,63
333407,63
284595,63
333224,63
273266,63
62519,63
618978,63
338297,63
277859,63
620819,63
276707,63
281657,63
585402,63
566142,63
660751,63
346971,63
383192,63
448935,63
611386,63
417519,63
264113,63
653958,63
432532,63
562958,63
12851,63
484950,63
429358,63
42258,63
195660,63
204487,63
95266,63
230157,63
358240,63
15194,63
94773,63
193985,63
694420,63
413436,63
514528,63
176133,63
229145,63
186479,63
244234,63
637339,63
265355,63
509140,63
135510,63
2670,63
364040,63
483244,63
609843,63
25787,63
430044,63
186947,63
316994,63
39101,63
21711,63
418474,63
1810,63
391554,63
106198,63
422572,63
588158,63
459239,63
428144,63
462276,63
66369,63
87269,63
559175,63
27831,63
675792,63
238025,63
589838,63
383224,63
501679,63
200329,63
373761,63
454824,63
488342,63
423574,63
226353,63
57761,63
94290,63
13170,63
99214,63
531198,63
170012,63
442629,63
305397,63
607808,63
362149,63
127137,63
196725,63
422815,63
191173,63
638618,63
629065,63
623828,63
351979,63
111591,63
684920,63
604847,63
318580,63
285629,63
165047,63
154165,63
356412,63
529466,63
499755,63
207655,63
319424,63
573582,63
31008,63
138206,63
566476,63
565002,63
249425,63
576727,63
674698,63
603865,63
501559,63
306010,63
345778,63
609720,63
486176,63
571298,63
31030,63
546132,63
451025,63
497821,63
327293,63
301905,63
335708,63
325592,63
382495,63
295346,63
113608,63
166878,63
439484,63
636225,63
214945,63
190217,63
554191,63
30633,63
642218,63
211855,63
270852,63
128302,63
661138,63
34386,63
584173,63
494103,63
420848,63
582590,63
559033,63
264079,63
207249,63
285923,63
508720,63
214325,63
450814,63
507561,63
580041,63
535637,63
479406,63
258065,63
183582,63
100559,63
221150,63
158779,63
553851,63
390883,63
129016,63
179528,63
223272,63
453812,63
129368,63
249630,63
588307,63
497784,63
382221,63
241717,63
63842,63
535377,63
324743,63
250468,63
682439,63
200464,63
331492,63
46168,63
342223,63
175691,63
186255,63
48096,63
14323,63
125480,63
315878,63
619287,63
86523,63
35521,63
685889,63
370109,63
77823,63
309576,63
631693,63
67450,63
372221,63
621822,63
146596,63
34262,63
73136,63
578118,63
60994,63
695079,63
278122,63
27256,63
693539,63
200693,63
364820,63
584292,63
5456,63
219590,63
191485,63
43883,63
414681,63
532748,63
685963,63
606827,63
14229,63
403855,63
80370,63
640122,63
511289,63
677478,63
39661,63
373371,63
625063,63
193574,63
159933,63
136767,63
30837,63
265697,63
183616,63
484549,63
248190,63
593252,63
466954,63
556504,63
664036,63
484909,63
168820,63
234004,63
241249,63
693165,63
301801,63
150289,63
215247,63
559347,63
108630,63
670382,63
295398,63
359925,63
171852,63
159205,63
211055,63
226526,63
402999,63
28203,63
411203,63
323404,63
138232,63
490731,63
492527,63
595625,63
663775,63
403179,63
390360,63
159720,63
344586,63
517899,63
127467,63
574208,63
301621,63
544599,63
102072,63
487031,63
589396,63
433628,63
383734,63
394184,63
162385,63
607748,63
429989,63
393016,63
289610,63
397812,63
176063,63
450455,63
49206,63
213709,63
526581,63
672078,63
278050,63
97102,63
20928,63
232165,63
101729,63
575979,63
463638,63
558106,63
496705,63
61920,63
595943,63
691197,63
245461,63
71133,63
195126,63
15140,63
569915,63
122285,63
129911,63
137982,63
125246,63
423253,63
168352,63
682879,63
527395,63
479769,63
186036,63
10072,63
169760,63
189224,63
226911,63
63623,63
650901,63
669617,63
375941,63
354693,63
596617,63
147164,63
234721,63
668414,63
290116,63
682479,63
657745,63
227520,63
55692,63
169274,63
301646,63
97452,63
276376,63
133435,63
307191,63
364596,63
61814,63
141428,63
593373,63
510810,63
142576,63
493324,63
664554,63
118082,63
254728,63
680090,63
647963,63
232310,63
339409,63
150292,63
360694,63
555717,63
327437,63
656260,63
348724,63
609893,63
488564,63
318632,63
284479,63
695111,63
403758,63
500417,63
179206,63
9992,63
425377,63
202592,63
186164,63
49523,63
290933,63
174441,63
657717,63
473626,63
48611,63
79096,63
532888,63
464447,63
528088,63
692466,63
446038,63
577502,63
540690,63
509203,63
301041,63
438722,63
274759,63
272463,63
644556,63
650564,63
660661,63
144329,63
482394,63
306636,63
46494,63
300656,63
33750,63
45724,63
456163,63
564688,63
418300,63
521219,63
470590,63
71923,63
93438,63
447734,63
529575,63
667620,63
686342,63
170671,63
535226,63
343433,63
315682,63
272502,63
87237,63
390804,63
4435,63
360912,63
675837,63
163197,63
546080,63
623692,63
695443,63
121492,63
450628,63
53190,63
324128,63
591361,63
5703,63
175288,63
106546,63
225022,63
51809,63
552384,63
463747,63
55326,63
447808,63
511407,63
175615,63
22110,63
670086,63
460134,63
543406,63
267659,63
627029,63
61391,63
99611,63
265201,63
99178,63
696513,63
580740,63
425139,63
301860,63
417801,63
547719,63
312995,63
206759,63
340514,63
440761,63
85891,63
95133,63
479559,63
533643,63
93514,63
634443,63
304839,63
80704,63
170216,63
516108,63
196533,63
442377,63
309241,63
11463,63
689732,63
213654,63
451835,63
265859,63
506636,63
52164,63
189234,63
453641,63
582279,63
671252,63
149322,63
19917,63
32042,63
14492,63
601157,63
614216,63
190540,63
231937,63
306070,63
389812,63
692945,63
420397,63
429699,63
338111,63
603846,63
416570,63
664755,63
206885,63
279459,63
301555,63
315645,63
556731,63
365170,63
533206,63
555785,63
437551,63
680373,63
607689,63
231640,63
426766,63
529939,63
543974,63
282392,63
89019,63
265484,63
167907,63
198692,63
75687,63
638906,63
186747,63
130916,63
336269,63
364612,63
200593,63
467046,63
126304,63
344731,63
514716,63
164448,63
344145,63
653770,63
549381,63
270326,63
237214,63
350638,63
333313,63
89601,63
253448,63
101968,63
335322,63
375024,63
388140,63
468012,63
27920,63
237932,63
281701,63
456327,63
60704,63
331493,63
234514,63
95533,63
191575,63
306891,63
214545,63
406128,63
413688,63
513879,63
7107,63
435575,63
451564,63
331605,63
399769,63
645065,63
644604,63
287845,63
10334,63
560249,63
585643,63
472200,63
650856,63
285336,63
238752,63
658034,63
160263,63
349764,63
457531,63
645810,63
454464,63
16984,63
29379,63
529600,63
415313,63
59508,63
659647,63
442925,63
380486,63
487060,63
589922,63
331301,63
300739,63
346111,63
654409,63
660653,63
488967,63
76466,63
636636,63
644475,63
151393,63
579568,63
408690,63
529024,63
671148,63
8719,63
538249,63
199671,63
107624,63
636945,63
173928,63
197797,63
378082,63
146701,63
613832,63
501132,63
257196,63
451750,63
154104,63
493553,63
628039,63
647373,63
654597,63
73218,63
217505,63
46109,63
26290,63
414128,63
534266,63
58676,63
364394,63
346522,63
101690,63
232235,63
367572,63
687572,63
526874,63
627139,63
431495,63
185344,63
314709,63
176151,63
495834,63
146268,63
611500,63
379242,63
542576,63
168577,63
252347,63
643423,63
381745,63
411213,63
367644,63
504247,63
95343,63
402198,63
31694,63
267695,63
556155,63
534597,63
404412,63
334990,63
162629,63
384411,63
230520,63
379680,63
396772,63
307878,63
429920,63
226300,63
581906,63
268234,63
387577,63
146957,63
174488,63
311920,63
660539,63
350281,63
660359,63
344355,63
48126,63
443799,63
541664,63
155609,63
299787,63
506684,63
401486,63
280503,63
9021,63
390213,63
361992,63
203168,63
228045,63
625000,63
570898,63
326685,63
65071,63
666346,63
539222,63
681946,63
395441,63
59228,63
559505,63
351929,63
378770,63
596691,63
598104,63
558116,63
325423,63
26518,63
185323,63
304022,63
635476,63
120899,63
83590,63
434046,63
411738,63
359307,63
308736,63
607589,63
336982,63
386297,63
427809,63
338348,63
430622,63
264544,63
519209,63
517678,63
665544,63
320147,63
601373,63
164380,63
652205,63
570096,63
589973,63
677797,63
201708,63
541460,63
481177,63
349097,63
332348,63
573612,63
114975,63
387737,63
363501,63
601821,63
245179,63
15068,63
167134,63
658288,63
320335,63
627804,63
373661,63
563840,63
122800,63
479118,63
252159,63
72221,63
497713,63
425817,63
680970,63
53155,63
443596,63
76084,63
515839,63
61075,63
127251,63
16536,63
187424,63
28745,63
141872,63
335576,63
277420,63
495804,63
555024,63
180095,63
424139,63
209901,63
146792,63
518026,63
692001,63
330313,63
268524,63
221400,63
123791,63
534097,63
451026,63
493718,63
80236,63
233621,63
420110,63
646837,63
246557,63
370791,63
244764,63
456650,63
575406,63
681636,63
128111,63
516378,63
489763,63
63767,63
114709,63
344837,63
432235,63
575804,63
235797,63
66515,63
116663,63
213010,63
487249,63
31130,63
381617,63
444372,63
298307,63
123655,63
469464,63
356128,63
649763,63
9524,63
634051,63
433247,63
207496,63
372328,63
344341,63
579029,63
676687,63
103243,63
486902,63
527520,63
285286,63
480501,63
617316,63
105653,63
464621,63
179544,63
104908,63
513094,63
460949,63
279171,63
608450,63
85412,63
102133,63
308483,63
296693,63
306711,63
396220,63
20116,63
190501,63
103271,63
573252,63
114804,63
5175,63
395757,63
425570,63
680461,63
283346,63
330471,63
169789,63
339246,63
612971,63
511029,63
645459,63
517848,63
466904,63
382543,63
495719,63
84319,63
324991,63
300070,63
319498,63
632661,63
71427,63
117601,63
238941,63
55700,63
340858,63
374627,63
275990,63
143571,63
197306,63
133181,63
161969,63
687188,63
110282,63
686766,63
205606,63
550300,63
306287,63
99448,63
496437,63
678827,63
466364,63
343273,63
435670,63
431170,63
84700,63
55731,63
518017,63
546321,63
183500,63
354573,63
77758,63
385939,63
327606,63
577848,63
300091,63
638570,63
628774,63
344345,63
42171,63
419015,63
210920,63
20153,63
50247,63
313964,63
582002,63
365628,63
127990,63
308009,63
26059,63
317256,63
476334,63
174189,63
558846,63
97769,63
260918,63
329731,63
488767,63
35007,63
386937,63
573111,63
394692,63
80217,63
583991,63
343187,63
41434,63
273677,63
398521,63
147127,63
583398,63
13589,63
636486,63
215230,63
416393,63
637082,63
76871,63
225572,63
171567,63
133483,63
104425,63
348744,63
509961,63
397254,63
227233,63
283993,63
88892,63
121373,63
334189,63
609288,63
263756,63
196784,63
662323,63
5569,63
156736,63
517176,63
138695,63
606057,63
546311,63
344331,63
167149,63
608457,63
425544,63
302407,63
543154,63
619364,63
152281,63
633482,63
296395,63
242784,63
22097,63
156687,63
162081,63
368658,63
660147,63
320549,63
323552,63
686966,63
415772,63
283975,63
416933,63
173840,63
82699,63
504231,63
559673,63
684222,63
630268,63
246834,63
202504,63
619065,63
176271,63
35216,63
298636,63
629107,63
499218,63
588107,63
238858,63
312990,63
296680,63
656331,63
215014,63
73992,63
539144,63
532185,63
368687,63
617127,63
201260,63
461331,63
572551,63
386411,63
430367,63
238530,63
155810,63
220535,63
166254,63
682228,63
534920,63
142352,63
337870,63
414366,63
161189,63
65332,63
71160,63
394252,63
557527,63
668475,63
473366,63
434005,63
450727,63
8937,63
675580,63
562500,63
381065,63
538361,63
571420,63
538976,63
486631,63
149270,63
193194,63
400108,63
515923,63
341176,63
519171,63
424810,63
586641,63
515944,63
202538,63
467420,63
450717,63
124020,63
308722,63
205045,63
546555,63
23607,63
564392,63
546687,63
310892,63
401041,63
149494,63
333507,63
55117,63
362207,63
405768,63
621757,63
597956,63
252831,63
598159,63
373535,63
437006,63
532961,63
255564,63
310015,63
177461,63
119776,63
239803,63
462949,63
73906,63
416597,63
287212,63
449961,63
682922,63
8698,63
81171,63
315213,63
171941,63
372260,63
228063,63
206513,63
586731,63
138735,63
483578,63
539515,63
31948,63
587772,63
472792,63
89149,63
52399,63
550965,63
586292,63
40124,63
470110,63
387390,63
299490,63
652881,63
267023,63
198903,63
470891,63
522648,63
449785,63
131449,63
582993,63
292959,63
621360,63
419180,63
386721,63
63331,63
367457,63
250023,63
456424,63
405098,63
594791,63
432876,63
519160,63
130536,63
45666,63
571805,63
507092,63
385837,63
391041,63
61403,63
346426,63
328109,63
493608,63
319188,63
615931,63
32148,63
543327,63
20736,63
502874,63
699324,63
25611,63
214193,63
10106,63
517654,63
41987,63
304718,63
546690,63
159428,63
616985,63
6400,63
263170,63
301640,63
351675,63
676831,63
458300,63
641249,63
55531,63
144281,63
53856,63
291835,63
234963,63
428813,63
370583,63
292760,63
52774,63
484658,63
83719,63
415807,63
569222,63
666605,63
637414,63
342175,63
287273,63
571398,63
179094,63
450632,63
176716,63
685199,63
204747,63
408959,63
256159,63
223396,63
152534,63
404404,63
145090,63
671730,63
53187,63
345573,63
356913,63
184231,63
291474,63
294838,63
65222,63
173297,63
516609,63
510349,63
429082,63
255596,63
122506,63
380434,63
502674,63
2989,63
4129,63
676622,63
54297,63
549020,63
255388,63
240808,63
181256,63
69719,63
513258,63
309573,63
82138,63
346742,63
236561,63
214976,63
545029,63
89608,63
46001,63
626939,63
197804,63
682842,63
270807,63
448833,63
554570,63
144157,63
291224,63
417045,63
172480,63
292486,63
290625,63
362789,63
90943,63
313042,63
489871,63
173313,63
687619,63
340244,63
477308,63
272654,63
127939,63
555322,63
13356,63
75713,63
401601,63
227212,63
190922,63
662083,63
514138,63
664210,63
201390,63
202624,63
339640,63
122540,63
94928,63
145185,63
7636,63
303297,63
343341,63
194163,63
627880,63
697474,63
528499,63
520203,63
432137,63
543893,63
192137,63
30200,63
596823,63
231628,63
659037,63
54082,63
503800,63
620761,63
527005,63
67241,63
379187,63
125906,63
78546,63
459980,63
308447,63
253149,63
253813,63
370210,63
408263,63
490501,63
451432,63
215617,63
369427,63
513114,63
230568,63
647833,63
672425,63
690970,63
232845,63
277543,63
129614,63
627926,63
429295,63
138007,63
55804,63
590765,63
335344,63
630246,63
19295,63
428455,63
251754,63
292873,63
665006,63
262044,63
637556,63
240864,63
695854,63
303171,63
676428,63
660580,63
575241,63
408886,63
268631,63
399936,63
405591,63
347589,63
190841,63
124875,63
518528,63
20727,63
638564,63
377218,63
170042,63
31275,63
92408,63
96895,63
165552,63
7521,63
429220,63
401851,63
159385,63
471185,63
353296,63
698110,63
616747,63
558593,63
288783,63
144883,63
515933,63
276908,63
180222,63
470229,63
348261,63
533752,63
44169,63
264773,63
599607,63
95860,63
635564,63
186110,63
365321,63
31682,63
306800,63
44522,63
683052,63
493265,63
272455,63
171760,63
608221,63
357716,63
70335,63
484840,63
499261,63
525683,63
332342,63
234023,63
77788,63
146090,63
588463,63
226299,63
514212,63
377576,63
646279,63
50250,63
198832,63
630890,63
114330,63
632317,63
4866,63
394190,63
101833,63
4602,63
429376,63
67792,63
214352,63
123122,63
652766,63
252603,63
263767,63
350759,63
667544,63
25271,63
601392,63
483454,63
413158,63
215479,63
49771,63
611165,63
281883,63
143730,63
14461,63
608252,63
678947,63
487652,63
496982,63
43091,63
281084,63
107413,63
377963,63
330551,63
613354,63
413092,63
105637,63
419911,63
27607,63
86650,63
645283,63
91906,63
575445,63
269039,63
189915,63
191643,63
203281,63
527886,63
277320,63
77529,63
314011,63
419593,63
315367,63
258846,63
609571,63
639176,63
581995,63
680042,63
431680,63
566780,63
112626,63
661042,63
7799,63
274214,63
255485,63
473631,63
548682,63
538606,63
309727,63
540043,63
582551,63
606377,63
536233,63
46637,63
119555,63
375804,63
456600,63
261332,63
590870,63
131957,63
437743,63
80256,63
435970,63
281006,63
426463,63
194269,63
430321,63
647277,63
492751,63
461988,63
504374,63
529323,63
310670,63
447790,63
653925,63
532719,63
523221,63
519411,63
462956,63
298300,63
684524,63
267981,63
260674,63
525098,63
176430,63
537409,63
593059,63
130981,63
625270,63
214477,63
450452,63
498986,63
87075,63
341618,63
88296,63
200555,63
609849,63
620248,63
157920,63
581490,63
242838,63
82483,63
684981,63
572279,63
480702,63
61128,63
454429,63
443298,63
414481,63
58578,63
543653,63
22298,63
256263,63
232476,63
14192,63
283964,63
34419,63
316508,63
177270,63
187878,63
57598,63
614787,63
660128,63
303945,63
544806,63
123295,63
218823,63
61270,63
576498,63
382717,63
112354,63
669978,63
55759,63
214506,63
8243,63
155689,63
607979,63
94495,63
140876,63
292076,63
645431,63
561920,63
309722,63
636577,63
632557,63
101467,63
68462,63
559000,63
274105,63
239081,63
242223,63
170317,63
608597,63
249957,63
525234,63
592372,63
392084,63
264564,63
96005,63
361888,63
74186,63
213326,63
579210,63
613348,63
515386,63
316287,63
552880,63
48322,63
656461,63
628860,63
107603,63
237441,63
508616,63
587730,63
471858,63
279302,63
558528,63
647248,63
390400,63
245972,63
465187,63
267253,63
675283,63
607080,63
334510,63
50444,63
300301,63
450850,63
430600,63
392808,63
277039,63
84716,63
367330,63
59341,63
566018,63
433300,63
615132,63
361100,63
382921,63
374783,63
52108,63
66080,63
253936,63
124541,63
393805,63
585331,63
218652,63
663261,63
461755,63
39822,63
18273,63
219705,63
624528,63
42576,63
169888,63
37971,63
695155,63
428640,63
522542,63
378424,63
393120,63
694703,63
3155,63
200460,63
382326,63
277532,63
628578,63
387602,63
590342,63
13188,63
379552,63
631894,63
378830,63
652770,63
508907,63
134031,63
559581,63
34953,63
120453,63
142354,63
163914,63
129985,63
622826,63
315867,63
302948,63
189807,63
599731,63
570101,63
675159,63
416760,63
629753,63
144998,63
514724,63
297629,63
589184,63
440409,63
318425,63
547020,63
682123,63
486231,63
678319,63
522505,63
388162,63
292490,63
299207,63
258272,63
420726,63
542024,63
516358,63
12615,63
326332,63
82970,63
155286,63
299320,63
52998,63
503328,63
131727,63
514709,63
448884,63
626867,63
305536,63
59417,63
663718,63
642744,63
620225,63
538282,63
553655,63
690068,63
613668,63
200622,63
559755,63
312797,63
625233,63
365429,63
84222,63
131759,63
552486,63
581874,63
637356,63
153535,63
244600,63
210065,63
4090,63
317335,63
381040,63
177406,63
95763,63
477386,63
221622,63
52332,63
316878,63
138812,63
108017,63
440139,63
550375,63
545681,63
399017,63
340950,63
483534,63
121021,63
28103,63
146270,63
67736,63
400354,63
518150,63
194915,63
144406,63
663397,63
694236,63
369261,63
556303,63
471992,63
171761,63
20103,63
693932,63
216618,63
192275,63
1639,63
656162,63
440076,63
180806,63
536286,63
39566,63
126641,63
597273,63
404938,63
153341,63
456668,63
522748,63
215491,63
421998,63
509594,63
203555,63
61788,63
125576,63
491730,63
455435,63
357394,63
1125,63
514985,63
595992,63
692623,63
341624,63
472318,63
50677,63
45431,63
595828,63
442166,63
570349,63
386815,63
353317,63
613862,63
481551,63
556466,63
58333,63
519270,63
331169,63
364654,63
536938,63
297320,63
140839,63
269146,63
617231,63
522946,63
164034,63
184275,63
301677,63
18636,63
507859,63
285059,63
687901,63
373268,63
669808,63
213301,63
215242,63
209000,63
584995,63
526602,63
479603,63
588660,63
637948,63
625940,63
272140,63
632882,63
637628,63
299618,63
293617,63
222806,63
609525,63
576215,63
510386,63
406574,63
130873,63
627914,63
286105,63
671239,63
456377,63
279929,63
691016,63
74542,63
379773,63
565325,63
543014,63
573352,63
221879,63
261672,63
5056,63
499665,63
236690,63
221155,63
613335,63
679345,63
488684,63
21409,63
612763,63
237198,63
292433,63
327356,63
152089,63
77649,63
223433,63
330347,63
93171,63
420657,63
568334,63
307253,63
404484,63
424643,63
531042,63
122823,63
692960,63
648350,63
231570,63
26812,63
47196,63
229623,63
647104,63
430759,63
74402,63
602937,63
499693,63
292648,63
455380,63
126301,63
594713,63
260816,63
330987,63
388250,63
534272,63
198286,63
41691,63
168596,63
234990,63
292036,63
139017,63
681577,63
588256,63
373379,63
659870,63
616657,63
576969,63
653500,63
231333,63
339625,63
647553,63
185730,63
598852,63
285350,63
490508,63
56289,63
27880,63
64654,63
62016,63
208051,63
352001,63
622777,63
497780,63
496067,63
410386,63
401164,63
487192,63
244904,63
294675,63
301088,63
534151,63
411793,63
527413,63
656671,63
351326,63
44324,63
246892,63
26402,63
455482,63
461068,63
374108,63
655194,63
305547,63
285011,63
248351,63
12468,63
5450,63
465192,63
553325,63
148545,63
242919,63
303232,63
49009,63
238253,63
251935,63
607437,63
544534,63
381963,63
533989,63
103194,63
189388,63
592306,63
435458,63
622832,63
293322,63
324379,63
35691,63
461927,63
329562,63
324640,63
240082,63
399761,63
102756,63
195699,63
619086,63
289830,63
350663,63
644565,63
551320,63
473789,63
143866,63
206275,63
675359,63
413293,63
300236,63
92278,63
366035,63
639277,63
549573,63
2003,63
392927,63
152040,63
614823,63
347519,63
318741,63
461688,63
606829,63
492099,63
681238,63
460909,63
660656,63
168768,63
194669,63
415712,63
310690,63
284218,63
490257,63
508551,63
268353,63
37467,63
502346,63
51080,63
640257,63
386974,63
159745,63
84756,63
237896,63
15207,63
647593,63
389395,63
167409,63
212456,63
51944,63
574689,63
287734,63
293132,63
30126,63
649984,63
623982,63
179964,63
162748,63
109574,63
375904,63
681745,63
199131,63
592405,63
294682,63
460598,63
523894,63
272091,63
679809,63
280451,63
239104,63
136326,63
47508,63
469726,63
423677,63
405434,63
37248,63
470086,63
144294,63
307136,63
561538,63
262047,63
11554,63
224795,63
406437,63
454196,63
519070,63
666684,63
627594,63
224304,63
480521,63
203646,63
60891,63
616755,63
202716,63
625003,63
303908,63
109173,63
437687,63
197727,63
171940,63
497298,63
238097,63
515970,63
81921,63
130548,63
15677,63
594093,63
11629,63
269119,63
651133,63
336195,63
131985,63
230353,63
281056,63
244432,63
2394,63
374270,63
498697,63
382040,63
515311,63
112094,63
338245,63
409160,63
193595,63
392340,63
532036,63
630299,63
405073,63
452130,63
143388,63
617970,63
244446,63
456989,63
431687,63
457372,63
112000,63
407022,63
356514,63
23425,63
404045,63
649793,63
468451,63
621876,63
505849,63
86890,63
655801,63
596076,63
175318,63
669940,63
437236,63
186636,63
388720,63
538745,63
122102,63
87757,63
166527,63
205720,63
588494,63
107347,63
659505,63
137821,63
338145,63
78907,63
636978,63
600402,63
655683,63
274153,63
111517,63
148731,63
210157,63
375787,63
597226,63
301583,63
226755,63
15476,63
375608,63
302097,63
226524,63
228171,63
11612,63
202449,63
567359,63
415412,63
237278,63
570615,63
165692,63
37913,63
405750,63
126961,63
250835,63
524225,63
530142,63
109680,63
118882,63
450809,63
237105,63
344046,63
267965,63
631426,63
183340,63
664614,63
70899,63
264740,63
329859,63
191288,63
569656,63
215135,63
37407,63
45301,63
620062,63
129895,63
82567,63
670973,63
20855,63
137947,63
288506,63
411700,63
482537,63
604249,63
683712,63
230735,63
431613,63
284217,63
587160,63
418337,63
494658,63
546037,63
21424,63
665412,63
479732,63
19709,63
428327,63
190560,63
168980,63
370207,63
183888,63
391726,63
539125,63
59783,63
305880,63
649622,63
63151,63
23767,63
368451,63
345073,63
251407,63
532336,63
244133,63
474227,63
551759,63
300065,63
402396,63
230148,63
442911,63
226781,63
190860,63
357311,63
522484,63
158249,63
503404,63
401736,63
162216,63
38107,63
403356,63
361269,63
654558,63
535321,63
646413,63
88759,63
135101,63
420282,63
409553,63
15713,63
259418,63
366731,63
79014,63
548838,63
304156,63
385088,63
494594,63
371572,63
21510,63
21866,63
398529,63
230091,63
2481,63
667456,63
109099,63
99828,63
508811,63
679026,63
369321,63
461758,63
251323,63
286021,63
237550,63
662699,63
270065,63
360817,63
599277,63
212705,63
546440,63
90009,63
109944,63
441428,63
99803,63
636768,63
101783,63
166528,63
235230,63
620422,63
547918,63
612524,63
408897,63
260020,63
163151,63
260220,63
601186,63
652513,63
33625,63
507023,63
117546,63
108764,63
542467,63
405935,63
75054,63
219851,63
262999,63
448632,63
161639,63
199523,63
654792,63
640270,63
297885,63
278879,63
90458,63
490627,63
178384,63
562973,63
627499,63
271876,63
32106,63
229664,63
328464,63
334407,63
270721,63
354323,63
11202,63
225207,63
25006,63
121726,63
573327,63
528124,63
71145,63
479931,63
625104,63
599328,63
100146,63
137944,63
564023,63
56568,63
323638,63
231742,63
676345,63
80782,63
178017,63
222403,63
99449,63
674474,63
59411,63
213749,63
341191,63
622081,63
113067,63
504006,63
362504,63
575744,63
624469,63
637663,63
130756,63
86323,63
453289,63
557927,63
185063,63
600716,63
536079,63
445561,63
642574,63
492331,63
300615,63
550290,63
547744,63
269197,63
364434,63
89494,63
493458,63
496185,63
288570,63
299409,63
626936,63
636169,63
270812,63
493518,63
140568,63
292305,63
647843,63
112760,63
636271,63
325600,63
198409,63
689674,63
104053,63
90185,63
212443,63
355268,63
191383,63
208240,63
420673,63
383664,63
604049,63
417797,63
634721,63
47545,63
671249,63
547156,63
244079,63
352142,63
373082,63
469045,63
629056,63
666952,63
656113,63
209585,63
452256,63
597488,63
144672,63
568852,63
147671,63
131302,63
353749,63
487769,63
122112,63
152988,63
679381,63
604241,63
300606,63
443039,63
162145,63
255345,63
38240,63
130373,63
545144,63
361947,63
340405,63
322634,63
365393,63
278024,63
554583,63
337371,63
453367,63
393713,63
563838,63
67303,63
257810,63
341489,63
192486,63
184080,63
686664,63
230769,63
260168,63
619648,63
621618,63
584515,63
659731,63
129644,63
348432,63
68102,63
312261,63
14457,63
606601,63
255801,63
172685,63
659645,63
647603,63
313569,63
419482,63
209420,63
582910,63
528783,63
200154,63
296724,63
475576,63
605610,63
338358,63
131649,63
538295,63
524890,63
451846,63
425925,63
677647,63
134723,63
432652,63
696696,63
113820,63
32192,63
385952,63
136998,63
678497,63
556728,63
627330,63
476486,63
631531,63
437876,63
196593,63
76272,63
256209,63
385329,63
20318,63
396251,63
631189,63
170486,63
99644,63
531259,63
504475,63
415442,63
563807,63
337625,63
78547,63
392142,63
451618,63
277520,63
38156,63
93486,63
541950,63
250694,63
221978,63
695916,63
689458,63
378619,63
179818,63
419188,63
2976,63
438666,63
293579,63
580327,63
674371,63
276362,63
627039,63
150644,63
65165,63
96534,63
520152,63
564415,63
271275,63
7664,63
340145,63
293176,63
543847,63
641972,63
394044,63
398162,63
30429,63
436937,63
105411,63
501430,63
199457,63
552306,63
488390,63
59863,63
228768,63
303324,63
612547,63
334107,63
674160,63
302925,63
554720,63
267053,63
397890,63
349873,63
13396,63
473521,63
589216,63
290439,63
131558,63
1645,63
436354,63
408372,63
284880,63
409332,63
657207,63
618448,63
648610,63
92198,63
565260,63
91533,63
207385,63
657562,63
584483,63
169869,63
335764,63
75034,63
148508,63
512262,63
464742,63
243802,63
551921,63
121383,63
470751,63
534288,63
62486,63
634870,63
126339,63
236482,63
642258,63
329235,63
665580,63
326415,63
425329,63
328115,63
126112,63
236418,63
611170,63
440187,63
32457,63
590186,63
513444,63
298011,63
165534,63
371710,63
617183,63
660712,63
93208,63
184526,63
136565,63
111438,63
455278,63
627175,63
530391,63
545718,63
260410,63
53080,63
486582,63
540134,63
621967,63
108435,63
66727,63
646449,63
600654,63
290340,63
417825,63
626558,63
440591,63
182430,63
307767,63
24215,63
559466,63
666742,63
698557,63
449722,63
213344,63
422562,63
492218,63
563233,63
454864,63
698095,63
189653,63
291294,63
517616,63
671168,63
399551,63
458292,63
503663,63
143619,63
581015,63
455885,63
354941,63
295120,63
683807,63
476631,63
344161,63
216362,63
70415,63
199180,63
626365,63
601206,63
146645,63
69563,63
256704,63
380752,63
227592,63
401106,63
655426,63
326275,63
500139,63
456128,63
631960,63
505979,63
590146,63
7529,63
604868,63
138285,63
646369,63
383706,63
370281,63
648268,63
325369,63
368056,63
364268,63
416319,63
468500,63
168968,63
121168,63
259487,63
86604,63
343654,63
609411,63
243120,63
507110,63
256571,63
254291,63
107508,63
178521,63
687767,63
609986,63
615128,63
203156,63
44042,63
43723,63
482504,63
28861,63
3656,63
259886,63
552719,63
196591,63
57376,63
339915,63
488865,63
477716,63
33997,63
264871,63
544788,63
560445,63
505636,63
513696,63
125266,63
430396,63
135701,63
606,63
333447,63
61690,63
211428,63
504304,63
449351,63
290796,63
110861,63
583236,63
53306,63
531574,63
348945,63
487929,63
177400,63
659669,63
660122,63
662759,63
97328,63
211615,63
511926,63
482331,63
128502,63
581410,63
417529,63
619428,63
70373,63
410055,63
237230,63
266159,63
119288,63
471083,63
629213,63
102900,63
182771,63
39618,63
460038,63
601709,63
40707,63
84836,63
184572,63
483375,63
159502,63
599890,63
74773,63
282983,63
455092,63
65575,63
359718,63
72918,63
643531,63
463823,63
476809,63
487673,63
320061,63
684536,63
546596,63
169851,63
398281,63
191333,63
19300,63
643948,63
358856,63
378303,63
374316,63
86434,63
91236,63
573827,63
48700,63
308064,63
76596,63
656318,63
183653,63
612164,63
531472,63
330024,63
260009,63
649642,63
627723,63
10941,63
536548,63
188576,63
174376,63
537237,63
178022,63
146471,63
99892,63
256220,63
294857,63
438913,63
393380,63
257116,63
373291,63
275622,63
21821,63
297330,63
452910,63
45412,63
247351,63
501256,63
2878,63
520330,63
447512,63
403496,63
575497,63
343119,63
114275,63
531401,63
534304,63
210433,63
365786,63
3320,63
491072,63
7153,63
337185,63
215690,63
590879,63
258714,63
88365,63
214684,63
15574,63
67530,63
151384,63
81974,63
600651,63
272340,63
232980,63
541230,63
275558,63
591025,63
152941,63
425336,63
492135,63
496214,63
80672,63
645688,63
454270,63
273886,63
108124,63
358586,63
221663,63
508342,63
107492,63
221489,63
61453,63
55148,63
38854,63
163978,63
472955,63
635502,63
509853,63
351051,63
290241,63
340079,63
400994,63
249297,63
8549,63
129109,63
649733,63
365681,63
445953,63
294722,63
181049,63
369596,63
619391,63
682408,63
343421,63
204275,63
405620,63
676729,63
648266,63
329928,63
2946,63
445106,63
221685,63
364513,63
295900,63
100996,63
398667,63
598788,63
699378,63
158531,63
456448,63
329788,63
145036,63
640411,63
605915,63
329660,63
97344,63
159493,63
110932,63
82565,63
600238,63
411432,63
115520,63
634426,63
243814,63
428206,63
390179,63
510829,63
394049,63
530713,63
127615,63
431993,63
138900,63
77443,63
140000,63
93227,63
611727,63
390211,63
227431,63
1802,63
100498,63
674558,63
359326,63
361408,63
19113,63
67658,63
384894,63
569630,63
446562,63
127446,63
129809,63
169008,63
539480,63
491217,63
43768,63
301013,63
366085,63
30060,63
206831,63
631235,63
394019,63
4209,63
46783,63
260870,63
448790,63
682935,63
625422,63
434449,63
216348,63
131066,63
555538,63
644205,63
25904,63
403215,63
407507,63
228402,63
532924,63
272012,63
288769,63
178888,63
514922,63
644712,63
87925,63
362264,63
331305,63
24342,63
26959,63
245494,63
613661,63
600598,63
172336,63
600597,63
665105,63
219440,63
611966,63
172170,63
208308,63
606093,63
466294,63
93159,63
120358,63
470202,63
188127,63
122209,63
312749,63
77730,63
508607,63
311550,63
273778,63
582148,63
134095,63
283631,63
3507,63
201595,63
261860,63
553189,63
659262,63
283453,63
475161,63
660830,63
424290,63
355357,63
478113,63
681712,63
425896,63
533089,63
440719,63
20105,63
57429,63
634043,63
364356,63
233777,63
45398,63
635227,63
382867,63
342743,63
151397,63
543292,63
520189,63
59401,63
595594,63
453371,63
295657,63
526848,63
232124,63
206412,63
117752,63
274231,63
297923,63
359590,63
509088,63
47600,63
295864,63
538397,63
698091,63
562580,63
415269,63
117903,63
3179,63
612471,63
367472,63
387812,63
189297,63
371555,63
662105,63
347549,63
361523,63
107810,63
115523,63
441782,63
614910,63
94083,63
337641,63
574081,63
454575,63
500535,63
670883,63
631852,63
633618,63
697366,63
655791,63
470130,63
676417,63
623808,63
257807,63
100802,63
380936,63
9035,63
254875,63
304006,63
448919,63
637705,63
338581,63
229675,63
110720,63
388768,63
426401,63
363992,63
163342,63
329247,63
617255,63
477755,63
584472,63
445983,63
599307,63
663480,63
307746,63
75877,63
623571,63
91146,63
632593,63
399181,63
460976,63
149637,63
113038,63
554331,63
479210,63
358121,63
546673,63
636609,63
218983,63
577352,63
545940,63
428535,63
252570,63
395222,63
534485,63
382091,63
11137,63
438476,63
136343,63
208420,63
401038,63
361485,63
47672,63
488181,63
96883,63
202595,63
299070,63
291539,63
41373,63
6283,63
584734,63
7504,63
148044,63
104087,63
577605,63
87190,63
690152,63
672815,63
503831,63
504443,63
516207,63
263749,63
376830,63
530487,63
213177,63
38632,63
99800,63
478608,63
379431,63
392311,63
646802,63
667826,63
184970,63
153425,63
72742,63
593043,63
341763,63
510658,63
202292,63
201056,63
237564,63
109764,63
490292,63
461991,63
203278,63
298600,63
3820,63
374695,63
147908,63
344192,63
567058,63
64367,63
222122,63
105067,63
183897,63
216854,63
562678,63
566378,63
21165,63
464841,63
280983,63
450946,63
409675,63
9520,63
300599,63
487577,63
314114,63
520280,63
327115,63
504308,63
50555,63
680838,63
566467,63
8006,63
457216,63
193598,63
13040,63
331404,63
567662,63
137230,63
252664,63
659325,63
529175,63
525306,63
250906,63
233070,63
40591,63
172381,63
618690,63
180538,63
4120,63
125478,63
270035,63
495575,63
242155,63
641961,63
77790,63
473278,63
355417,63
581973,63
518463,63
697971,63
302272,63
660536,63
359557,63
130984,63
491061,63
534818,63
287179,63
289231,63
79353,63
509487,63
198538,63
302588,63
468232,63
686476,63
115273,63
499557,63
247944,63
677677,63
377266,63
140395,63
486818,63
304614,63
419936,63
607831,63
128944,63
8720,63
44473,63
39793,63
451430,63
691311,63
480803,63
99615,63
144396,63
359264,63
368251,63
139983,63
670918,63
249119,63
316975,63
283933,63
353589,63
260078,63
39705,63
321796,63
440917,63
129283,63
356162,63
617821,63
240913,63
63479,63
641666,63
362382,63
141814,63
229863,63
205325,63
569691,63
614400,63
421617,63
19861,63
447489,63
376667,63
454639,63
47688,63
117632,63
409325,63
593701,63
369344,63
115159,63
581167,63
359443,63
366864,63
148031,63
370220,63
637200,63
325400,63
650064,63
374874,63
377365,63
310853,63
566431,63
360850,63
220266,63
544316,63
618170,63
408116,63
196648,63
393466,63
252144,63
645338,63
28317,63
134778,63
600074,63
546250,63
220579,63
132900,63
154978,63
218506,63
233168,63
224321,63
610979,63
240524,63
386553,63
67489,63
195658,63
228672,63
444420,63
435030,63
352611,63
247612,63
41020,63
257942,63
241370,63
307453,63
341260,63
97826,63
431015,63
295629,63
374114,63
389360,63
563292,63
40168,63
215633,63
176747,63
218394,63
49686,63
315901,63
394585,63
268446,63
322922,63
29129,63
471869,63
559322,63
345374,63
6890,63
378123,63
565865,63
551069,63
167945,63
449810,63
365748,63
20703,63
370335,63
200696,63
232794,63
346016,63
87318,63
680280,63
293326,63
367438,63
250707,63
263266,63
274181,63
565509,63
468841,63
35381,63
215090,63
556610,63
329376,63
50986,63
132888,63
110225,63
621145,63
78629,63
183999,63
17582,63
699073,63
212594,63
246226,63
397930,63
238287,63
385435,63
100305,63
312271,63
449545,63
266517,63
542462,63
86937,63
39710,63
99850,63
611688,63
119347,63
348957,63
163018,63
287089,63
336245,63
60135,63
670794,63
230496,63
206211,63
155268,63
383536,63
438756,63
666539,63
301058,63
24695,63
644642,63
22536,63
593039,63
124055,63
537482,63
402001,63
646598,63
196583,63
447545,63
487409,63
244012,63
287640,63
84583,63
648202,63
195434,63
569569,63
67756,63
342990,63
445813,63
322384,63
290250,63
84356,63
441858,63
653779,63
481732,63
472739,63
341292,63
533060,63
187771,63
269424,63
464959,63
283602,63
374818,63
55990,63
336930,63
609037,63
439580,63
155108,63
189159,63
162415,63
33046,63
16428,63
575843,63
550718,63
404117,63
605285,63
538073,63
687089,63
623577,63
635336,63
201254,63
286700,63
592696,63
268450,63
46616,63
673677,63
508160,63
591977,63
219723,63
264505,63
642517,63
345557,63
450247,63
326831,63
215549,63
161521,63
508713,63
513636,63
299918,63
548560,63
598121,63
550383,63
243779,63
345818,63
126325,63
590269,63
223950,63
675526,63
566135,63
402499,63
574725,63
65861,63
185670,63
510877,63
391760,63
440242,63
65990,63
317232,63
149956,63
119684,63
566188,63
331557,63
108375,63
604889,63
208282,63
432666,63
75551,63
230276,63
119442,63
493687,63
575811,63
272918,63
5562,63
435618,63
232970,63
222574,63
291560,63
385640,63
333838,63
514717,63
378990,63
297980,63
217140,63
392603,63
287028,63
176643,63
10096,63
414510,63
362421,63
41562,63
187747,63
21399,63
108000,63
280544,63
364171,63
580033,63
610899,63
159781,63
13453,63
126583,63
563050,63
688051,63
59010,63
501516,63
138738,63
478857,63
586881,63
555681,63
276480,63
444086,63
255073,63
448326,63
613153,63
103551,63
226349,63
72815,63
310556,63
314211,63
307077,63
464837,63
72874,63
24601,63
218886,63
560576,63
521453,63
130246,63
263704,63
168934,63
441575,63
288078,63
16252,63
533141,63
344795,63
256234,63
24698,63
686816,63
4745,63
261952,63
433044,63
469727,63
528025,63
330681,63
71821,63
621808,63
572105,63
278109,63
165271,63
246367,63
239906,63
481073,63
574848,63
585444,63
698281,63
419354,63
356866,63
425369,63
496034,63
28353,63
242350,63
317677,63
687300,63
97962,63
266139,63
47647,63
240779,63
371066,63
546988,63
353523,63
658014,63
481383,63
369849,63
214720,63
550006,63
471886,63
414104,63
155910,63
296067,63
696639,63
220226,63
644119,63
373338,63
5265,63
302844,63
405614,63
4337,63
146388,63
345565,63
299425,63
26113,63
169817,63
382413,63
73419,63
43306,63
523776,63
284740,63
427605,63
263095,63
498709,63
587409,63
85074,63
211998,63
518517,63
157471,63
368520,63
131460,63
70505,63
40876,63
402683,63
558101,63
114946,63
467528,63
259786,63
153173,63
365623,63
105811,63
246552,63
1822,63
645523,63
586252,63
126735,63
105322,63
468135,63
61796,63
479269,63
2455,63
417924,63
696180,63
74902,63
598756,63
87536,63
180661,63
254770,63
193135,63
626423,63
476057,63
479756,63
293919,63
685629,63
609309,63
96894,63
601457,63
196301,63
503643,63
210511,63
169143,63
61863,63
503011,63
427190,63
309733,63
304043,63
163361,63
399866,63
419621,63
251927,63
97602,63
140310,63
76430,63
377812,63
14578,63
252496,63
102479,63
688432,63
389455,63
555310,63
126849,63
302581,63
420017,63
264464,63
280480,63
511598,63
368907,63
268612,63
328548,63
179831,63
345816,63
67009,63
332488,63
223054,63
258948,63
182170,63
572706,63
291691,63
192959,63
433315,63
326522,63
623461,63
324595,63
448081,63
539974,63
219976,63
499044,63
133784,63
526926,63
160610,63
451489,63
152360,63
574833,63
143424,63
146354,63
314471,63
621814,63
559623,63
317188,63
109458,63
378115,63
248035,63
131762,63
268728,63
351767,63
268913,63
387393,63
397628,63
187332,63
192484,63
274858,63
610011,63
588749,63
336719,63
77038,63
172270,63
212100,63
677228,63
615743,63
81903,63
623551,63
149313,63
206974,63
531506,63
361259,63
105484,63
365456,63
679953,63
264709,63
655131,63
620581,63
334674,63
28944,63
354290,63
413616,63
228995,63
65874,63
360253,63
557389,63
339197,63
328290,63
584335,63
516809,63
400760,63
579046,63
681890,63
363603,63
674415,63
554276,63
96645,63
399933,63
206594,63
129455,63
501953,63
173487,63
482707,63
141216,63
688381,63
531112,63
66120,63
192354,63
484824,63
645961,63
451536,63
379287,63
562542,63
327775,63
86133,63
56517,63
235577,63
334177,63
606044,63
311136,63
425437,63
535110,63
380604,63
448231,63
135487,63
594278,63
499831,63
541399,63
522286,63
246312,63
618965,63
50154,63
191382,63
322909,63
443216,63
176571,63
292401,63
281111,63
646973,63
475920,63
341868,63
463718,63
270764,63
270599,63
288046,63
160190,63
491652,63
425894,63
222015,63
462667,63
469336,63
140728,63
370811,63
468028,63
117136,63
614479,63
415839,63
513820,63
275468,63
673509,63
520221,63
107504,63
579125,63
523596,63
694282,63
79120,63
334472,63
306303,63
665461,63
60794,63
277016,63
281151,63
147509,63
561915,63
456388,63
286638,63
313203,63
580610,63
394857,63
148295,63
131467,63
35520,63
559769,63
699015,63
43876,63
344252,63
220269,63
81060,63
119371,63
41433,63
35912,63
95280,63
335915,63
169848,63
416055,63
551345,63
645903,63
61031,63
210256,63
113230,63
128259,63
470770,63
294643,63
252464,63
582558,63
467994,63
205151,63
508908,63
52880,63
440807,63
357158,63
569665,63
617093,63
237718,63
332141,63
588574,63
113129,63
224544,63
425843,63
259475,63
346825,63
496553,63
140313,63
341443,63
554197,63
139207,63
698431,63
437146,63
419009,63
338937,63
641356,63
297379,63
609251,63
114817,63
690314,63
157116,63
52769,63
459241,63
601910,63
297467,63
599139,63
246546,63
19357,63
246569,63
316256,63
550007,63
341788,63
687669,63
657257,63
441066,63
390502,63
40919,63
320727,63
436470,63
161798,63
651277,63
199847,63
634445,63
431110,63
534640,63
275619,63
75125,63
465032,63
100024,63
689703,63
673788,63
344417,63
137333,63
356296,63
692636,63
364196,63
292483,63
59839,63
326213,63
329905,63
52753,63
172535,63
760,63
149363,63
11467,63
413945,63
436356,63
566208,63
167414,63
483478,63
83580,63
78545,63
129781,63
277644,63
65019,63
228741,63
536187,63
530105,63
52023,63
226693,63
200067,63
402612,63
684073,63
336569,63
672012,63
675983,63
518715,63
563942,63
544215,63
518554,63
265161,63
3962,63
547602,63
329721,63
324733,63
65127,63
528037,63
171338,63
470440,63
415276,63
115720,63
633059,63
371952,63
33903,63
200080,63
260060,63
505534,63
681476,63
122067,63
429751,63
541071,63
187845,63
426851,63
238292,63
594852,63
62365,63
670371,63
187456,63
71484,63
596571,63
223326,63
37967,63
678708,63
534022,63
691478,63
263246,63
422436,63
112213,63
128888,63
541711,63
182485,63
530622,63
161597,63
266733,63
422122,63
459308,63
230906,63
441145,63
181571,63
621571,63
6473,63
485092,63
273698,63
301132,63
372553,63
472252,63
507570,63
417004,63
25999,63
549149,63
588136,63
125826,63
682396,63
278237,63
519302,63
473263,63
176365,63
381144,63
248144,63
100156,63
416209,63
98417,63
278298,63
540096,63
594400,63
180030,63
214302,63
170722,63
144551,63
274470,63
439489,63
419833,63
56958,63
122851,63
59441,63
305804,63
53742,63
212983,63
128420,63
306836,63
253130,63
388236,63
41016,63
3973,63
71577,63
235444,63
465048,63
659532,63
301155,63
374645,63
200971,63
380105,63
567561,63
288435,63
156106,63
157311,63
434735,63
614516,63
461029,63
195262,63
427878,63
244424,63
230733,63
433465,63
30012,63
355166,63
425202,63
68875,63
228686,63
439571,63
609796,63
499178,63
315800,63
207219,63
100920,63
465745,63
324472,63
217648,63
162433,63
544809,63
207304,63
418429,63
434202,63
187612,63
460611,63
383945,63
574085,63
536086,63
599323,63
453284,63
340692,63
229155,63
389559,63
303658,63
88585,63
159692,63
289809,63
466468,63
662388,63
487352,63
126784,63
149100,63
542244,63
428991,63
410758,63
352281,63
419569,63
204793,63
85626,63
198144,63
284942,63
623959,63
114782,63
193429,63
338442,63
91576,63
446059,63
393941,63
538865,63
648049,63
468009,63
683005,63
461490,63
696509,63
495339,63
120619,63
126137,63
440883,63
593612,63
682145,63
199744,63
590135,63
671622,63
158248,63
304326,63
660403,63
204853,63
126963,63
285386,63
411452,63
665135,63
670927,63
518585,63
236966,63
426296,63
191102,63
671650,63
498260,63
33714,63
182788,63
562864,63
293847,63
118596,63
476185,63
344176,63
70747,63
389614,63
581600,63
349025,63
307273,63
497462,63
399776,63
71229,63
386811,63
394063,63
216224,63
148420,63
604265,63
173362,63
690552,63
525747,63
455474,63
8827,63
533023,63
684007,63
686353,63
278137,63
597096,63
261648,63
78605,63
178466,63
562019,63
573185,63
668658,63
114921,63
421293,63
560848,63
327336,63
200088,63
448189,63
489947,63
339842,63
90824,63
695013,63
446026,63
470675,63
625262,63
600617,63
604159,63
291227,63
695123,63
228587,63
526784,63
285476,63
370346,63
20310,63
175406,63
85646,63
497457,63
551056,63
13384,63
341051,63
269950,63
384272,63
534571,63
691095,63
661707,63
277409,63
582397,63
189340,63
328677,63
642237,63
535486,63
366752,63
480567,63
536205,63
221748,63
174821,63
652948,63
425879,63
546805,63
515591,63
512903,63
396211,63
10210,63
571886,63
405190,63
497721,63
236461,63
7231,63
99050,63
176255,63
363759,63
337365,63
510628,63
48963,63
688101,63
329038,63
431768,63
23389,63
573215,63
682523,63
592739,63
304207,63
250580,63
502186,63
49983,63
182736,63
286920,63
141084,63
627140,63
512170,63
283815,63
315747,63
621460,63
384503,63
565780,63
392639,63
196574,63
493076,63
396629,63
393702,63
250176,63
387752,63
386090,63
687995,63
187245,63
257358,63
456035,63
596012,63
251970,63
291900,63
531448,63
619420,63
634710,63
683347,63
55245,63
109329,63
333430,63
403153,63
211721,63
16624,63
509873,63
488286,63
76032,63
115670,63
589887,63
675941,63
91897,63
340417,63
278091,63
467451,63
51190,63
19420,63
418321,63
622904,63
288495,63
47446,63
57871,63
574320,63
401549,63
70204,63
58653,63
290930,63
542732,63
398978,63
188176,63
640201,63
416901,63
107353,63
97194,63
36013,63
55305,63
623025,63
127736,63
412018,63
201879,63
99094,63
29081,63
592129,63
331904,63
541951,63
51654,63
666809,63
519335,63
282048,63
285527,63
271877,63
463039,63
389325,63
233147,63
333244,63
25580,63
691256,63
679024,63
378703,63
483910,63
12899,63
572148,63
72745,63
327244,63
546118,63
446957,63
287060,63
239770,63
634601,63
287402,63
311783,63
260019,63
335666,63
138517,63
226389,63
185846,63
592629,63
383310,63
190437,63
685171,63
148956,63
306883,63
137022,63
128937,63
626195,63
105300,63
577043,63
178826,63
441889,63
23070,63
497905,63
156583,63
116037,63
518611,63
23796,63
380360,63
283834,63
436240,63
28264,63
436052,63
244111,63
112606,63
659867,63
579714,63
611659,63
643300,63
267212,63
676597,63
593283,63
103989,63
74234,63
144181,63
640134,63
616831,63
510078,63
24684,63
464413,63
513799,63
499861,63
344768,63
171990,63
672834,63
209714,63
474133,63
312268,63
365146,63
188950,63
12113,63
277557,63
581616,63
32202,63
462297,63
6713,63
647369,63
558517,63
317695,63
170899,63
541962,63
290000,63
92208,63
70650,63
422430,63
89315,63
453416,63
478507,63
121953,63
350086,63
107034,63
149466,63
254508,63
454503,63
139085,63
552843,63
452707,63
363611,63
546,63
342399,63
563479,63
115926,63
660015,63
288057,63
654023,63
582480,63
597111,63
160705,63
376822,63
302929,63
529015,63
689793,63
473332,63
469230,63
138912,63
170224,63
552168,63
415874,63
256826,63
546212,63
276834,63
214973,63
35222,63
16697,63
678660,63
364427,63
56427,63
175696,63
50959,63
227545,63
46059,63
302198,63
210709,63
341014,63
586502,63
166278,63
261254,63
202315,63
322049,63
91359,63
469267,63
157032,63
538386,63
339316,63
308289,63
299182,63
244641,63
68217,63
198853,63
300459,63
639952,63
605420,63
130931,63
625068,63
3237,63
453618,63
385298,63
586902,63
631516,63
9178,63
590424,63
582832,63
605673,63
218147,63
61301,63
500350,63
149201,63
189058,63
628186,63
136612,63
575082,63
105969,63
101339,63
49717,63
681292,63
542518,63
276504,63
488031,63
660578,63
575922,63
675375,63
193164,63
274860,63
106789,63
107484,63
377944,63
316401,63
184509,63
306427,63
431813,63
193771,63
677290,63
691866,63
173039,63
461941,63
266529,63
66709,63
349896,63
431114,63
674721,63
62731,63
207305,63
73273,63
625809,63
605734,63
516331,63
565684,63
379756,63
560085,63
377686,63
253126,63
573938,63
669237,63
551038,63
644014,63
583706,63
30946,63
256504,63
280360,63
383164,63
433721,63
86968,63
87046,63
186877,63
220843,63
6429,63
138512,63
483994,63
368202,63
570169,63
27752,63
132325,63
128574,63
695978,63
165392,63
3762,63
74754,63
492087,63
406278,63
584711,63
136261,63
403368,63
336362,63
671893,63
91322,63
96584,63
539940,63
25090,63
96067,63
472428,63
277577,63
127094,63
175262,63
682927,63
178728,63
135396,63
162035,63
191151,63
130261,63
32665,63
488299,63
26591,63
523746,63
669116,63
206347,63
449632,63
211639,63
275175,63
132926,63
693899,63
108927,63
146232,63
440203,63
363044,63
19978,63
138324,63
644154,63
562691,63
389817,63
424226,63
55686,63
321111,63
655595,63
497456,63
681312,63
595502,63
466858,63
558639,63
567153,63
676217,63
685019,63
73310,63
140937,63
230204,63
228275,63
133436,63
103593,63
680788,63
54859,63
339782,63
488087,63
200480,63
656333,63
264759,63
285966,63
619354,63
143342,63
211832,63
564403,63
167689,63
672957,63
354260,63
540098,63
543656,63
363822,63
158794,63
639549,63
245516,63
50389,63
43721,63
209168,63
351925,63
582666,63
462164,63
544298,63
670120,63
102931,63
402411,63
269157,63
376023,63
288972,63
168091,63
376679,63
108856,63
42198,63
109733,63
262943,63
438141,63
18667,63
359207,63
307513,63
281175,63
397311,63
557775,63
357020,63
687777,63
472053,63
311434,63
633460,63
600955,63
505901,63
388895,63
326945,63
664325,63
249062,63
571907,63
618665,63
126375,63
678195,63
446672,63
269426,63
66425,63
204739,63
6560,63
358573,63
254029,63
630954,63
318433,63
116849,63
481014,63
472882,63
666449,63
487233,63
657549,63
403022,63
67268,63
212921,63
4347,63
307698,63
648047,63
215813,63
374505,63
232527,63
112124,63
297139,63
92077,63
275577,63
387590,63
252787,63
233666,63
126101,63
310744,63
497563,63
518305,63
183064,63
566170,63
557538,63
662521,63
427913,63
528701,63
420185,63
360561,63
111853,63
555407,63
252817,63
545219,63
371393,63
295463,63
554946,63
464436,63
147065,63
370554,63
466542,63
66326,63
128479,63
260773,63
191973,63
158920,63
146303,63
41581,63
421458,63
134570,63
455567,63
615418,63
379815,63
481222,63
251608,63
639721,63
327254,63
618233,63
94243,63
424627,63
480714,63
524147,63
468806,63
349500,63
191077,63
433711,63
243165,63
586200,63
599973,63
649669,63
286618,63
112991,63
94201,63
77407,63
394682,63
611650,63
382892,63
6242,63
699036,63
540423,63
610686,63
4247,63
300279,63
106047,63
519987,63
632899,63
286373,63
476800,63
520415,63
234051,63
440734,63
530007,63
110242,63
72906,63
647554,63
380342,63
257213,63
377309,63
409260,63
99775,63
416917,63
609442,63
97970,63
457782,63
529318,63
457048,63
142135,63
659807,63
129643,63
32365,63
20941,63
474445,63
431076,63
589030,63
562315,63
174595,63
44797,63
130211,63
690774,63
114079,63
470718,63
231278,63
225766,63
371698,63
629894,63
9258,63
328255,63
263398,63
255288,63
74195,63
85154,63
604055,63
391812,63
281587,63
386094,63
294751,63
329845,63
542456,63
76297,63
569855,63
411474,63
253582,63
692017,63
21751,63
507451,63
669839,63
255637,63
544209,63
317433,63
16470,63
356312,63
468301,63
516040,63
327051,63
282320,63
473032,63
458163,63
270769,63
315721,63
344142,63
637805,63
387711,63
121082,63
423647,63
150624,63
340955,63
178037,63
235203,63
152300,63
407614,63
566860,63
491361,63
107560,63
594321,63
154485,63
528795,63
599653,63
623767,63
494706,63
100756,63
570360,63
445123,63
664102,63
246418,63
301912,63
421669,63
132914,63
466333,63
340697,63
10104,63
665284,63
259920,63
189654,63
175082,63
520499,63
71349,63
258837,63
70566,63
126159,63
393045,63
541755,63
446083,63
624978,63
4394,63
133355,63
39826,63
136535,63
640276,63
155745,63
105859,63
212369,63
158150,63
557525,63
590141,63
364353,63
606108,63
339584,63
242251,63
673660,63
62439,63
258149,63
317217,63
677889,63
62734,63
468195,63
298356,63
471576,63
464349,63
247026,63
36573,63
693265,63
418438,63
501908,63
54006,63
24843,63
32847,63
639695,63
95492,63
36677,63
206770,63
660137,63
357946,63
526553,63
203429,63
78634,63
12246,63
432485,63
190824,63
292766,63
172194,63
120081,63
274103,63
269511,63
569012,63
101672,63
284435,63
302251,63
557933,63
324212,63
76800,63
7271,63
134252,63
104479,63
161992,63
510124,63
510756,63
234153,63
609101,63
258240,63
375196,63
36665,63
17728,63
385258,63
624511,63
390553,63
223854,63
349633,63
26599,63
233370,63
523195,63
490730,63
280473,63
602498,63
228851,63
120821,63
589604,63
641201,63
256285,63
555476,63
485890,63
343048,63
439647,63
504794,63
458156,63
620173,63
61233,63
338697,63
58051,63
638095,63
276584,63
582204,63
480301,63
668635,63
675190,63
250613,63
679093,63
188018,63
405145,63
168642,63
44457,63
206984,63
110654,63
195457,63
151186,63
504726,63
609223,63
516309,63
156512,63
20564,63
694341,63
166664,63
73447,63
166373,63
193433,63
63130,63
6774,63
635485,63
245701,63
116480,63
100866,63
311153,63
397061,63
89385,63
674856,63
314895,63
365334,63
275008,63
364692,63
415497,63
481641,63
554513,63
570295,63
231936,63
505199,63
243688,63
582458,63
92411,63
541413,63
599310,63
356644,63
103959,63
473131,63
425223,63
442714,63
343993,63
314941,63
563921,63
364784,63
188767,63
79054,63
473829,63
638409,63
425360,63
620344,63
645301,63
255197,63
338754,63
638955,63
385942,63
568958,63
157944,63
385404,63
256200,63
288219,63
121604,63
615000,63
482045,63
331561,63
416092,63
243537,63
250538,63
207044,63
156347,63
535511,63
247760,63
409330,63
356882,63
141666,63
149111,63
652631,63
511782,63
160520,63
204775,63
438474,63
247622,63
381853,63
340684,63
16682,63
16006,63
595331,63
540640,63
39281,63
303823,63
397111,63
465888,63
104263,63
276523,63
588594,63
261972,63
9586,63
595592,63
437108,63
183345,63
477546,63
294463,63
265669,63
69235,63
114748,63
24880,63
369401,63
425835,63
558446,63
340511,63
155165,63
153711,63
523443,63
380556,63
535824,63
503466,63
170845,63
356028,63
168770,63
614126,63
460114,63
235398,63
247474,63
601415,63
689356,63
428424,63
227602,63
679782,63
163659,63
16814,63
26471,63
290701,63
231580,63
363801,63
331875,63
488751,63
64492,63
154150,63
379111,63
31712,63
664371,63
33263,63
391102,63
335407,63
541113,63
130038,63
369141,63
399531,63
469544,63
196387,63
617290,63
226749,63
636638,63
576084,63
186306,63
29290,63
385841,63
457562,63
546727,63
269813,63
301676,63
220334,63
400198,63
274356,63
636334,63
133243,63
520375,63
182462,63
407394,63
656409,63
54372,63
442094,63
563183,63
58426,63
616636,63
41586,63
584030,63
322672,63
648076,63
150201,63
64471,63
567266,63
368962,63
57627,63
126303,63
226831,63
488592,63
248194,63
540380,63
152951,63
686280,63
474159,63
518547,63
397389,63
53274,63
15509,63
451083,63
342729,63
264984,63
275918,63
298243,63
454077,63
464109,63
685385,63
679234,63
597983,63
502262,63
451228,63
621860,63
609173,63
264777,63
56624,63
681776,63
423705,63
130777,63
669684,63
507381,63
590179,63
209125,63
288544,63
563812,63
270400,63
68182,63
135758,63
196910,63
225634,63
9921,63
222937,63
450031,63
657304,63
82018,63
625527,63
256406,63
487037,63
236486,63
650753,63
424605,63
565671,63
454383,63
294894,63
81790,63
244126,63
196589,63
352063,63
202411,63
149668,63
593636,63
508212,63
480572,63
617421,63
390537,63
402931,63
247528,63
598044,63
190592,63
246991,63
474144,63
361811,63
56045,63
379689,63
234512,63
695689,63
639444,63
601951,63
538045,63
59209,63
621070,63
535573,63
335226,63
200721,63
614318,63
155262,63
617131,63
682995,63
663220,63
397779,63
495129,63
484510,63
205998,63
290237,63
207694,63
292467,63
522376,63
246561,63
689657,63
360662,63
329781,63
329428,63
169025,63
230274,63
27819,63
326882,63
397498,63
192655,63
68750,63
244935,63
212038,63
378047,63
217305,63
627251,63
509616,63
497833,63
143314,63
180889,63
581255,63
430417,63
497279,63
22066,63
127596,63
26639,63
100468,63
292117,63
697505,63
691959,63
597987,63
7108,63
32546,63
613764,63
537154,63
352345,63
265622,63
408664,63
2276,63
39367,63
697256,63
536634,63
291436,63
23970,63
522522,63
318381,63
265578,63
636536,63
357461,63
139552,63
602923,63
116973,63
257595,63
435409,63
666348,63
57624,63
74643,63
124955,63
326929,63
379667,63
49200,63
362817,63
297756,63
201822,63
45954,63
323226,63
415046,63
418660,63
414646,63
523486,63
152792,63
31248,63
394452,63
77952,63
608931,63
518110,63
286624,63
555206,63
166794,63
103797,63
154568,63
542110,63
38549,63
72430,63
462873,63
450083,63
424270,63
519052,63
451389,63
356395,63
333148,63
452203,63
163416,63
11036,63
220760,63
555701,63
219085,63
33230,63
96969,63
631815,63
139400,63
22729,63
399661,63
254715,63
521169,63
438420,63
179417,63
549157,63
208290,63
480552,63
484632,63
237805,63
113558,63
165076,63
429787,63
441188,63
339300,63
181861,63
441315,63
493034,63
461855,63
134155,63
151721,63
323862,63
331366,63
513234,63
500432,63
113882,63
31231,63
294581,63
392343,63
488162,63
377553,63
509112,63
343829,63
260297,63
234366,63
491258,63
580334,63
417895,63
127871,63
103214,63
197078,63
522497,63
574215,63
28863,63
445547,63
699081,63
445433,63
229236,63
56060,63
504101,63
383374,63
335056,63
308108,63
456332,63
329005,63
688436,63
6562,63
119158,63
554776,63
187386,63
153439,63
688776,63
110778,63
245838,63
23437,63
15628,63
546570,63
592716,63
509561,63
689681,63
591958,63
598994,63
606361,63
10496,63
175421,63
293175,63
665290,63
664969,63
436440,63
199552,63
403328,63
674019,63
305540,63
685429,63
195430,63
145881,63
464757,63
203026,63
607677,63
511247,63
6101,63
296744,63
89825,63
188387,63
688205,63
493670,63
321468,63
30236,63
89597,63
674319,63
530184,63
492017,63
480287,63
374872,63
486820,63
621780,63
482753,63
180186,63
89978,63
85976,63
324647,63
696039,63
218831,63
244645,63
443348,63
615885,63
51562,63
355116,63
524,63
314008,63
190646,63
125850,63
492954,63
376697,63
613147,63
632226,63
277143,63
66456,63
219009,63
696137,63
655225,63
332855,63
153854,63
281112,63
494545,63
558340,63
461794,63
406931,63
256155,63
300160,63
116541,63
506058,63
497624,63
219912,63
116536,63
273804,63
441283,63
600867,63
552223,63
574505,63
456873,63
550789,63
176376,63
685346,63
454744,63
397886,63
20555,63
692537,63
327505,63
27426,63
672932,63
472355,63
420213,63
10959,63
454726,63
680573,63
262169,63
434250,63
382285,63
407701,63
428733,63
641274,63
315904,63
106979,63
3510,63
374759,63
160077,63
323141,63
671807,63
74495,63
272102,63
397745,63
372903,63
419439,63
502672,63
430328,63
57696,63
260968,63
447721,63
569378,63
589682,63
389971,63
392257,63
150538,63
450644,63
473061,63
293687,63
530016,63
402022,63
351130,63
597087,63
186093,63
658691,63
490495,63
233471,63
19341,63
99134,63
102611,63
395309,63
27542,63
141388,63
504498,63
516813,63
575240,63
483153,63
263414,63
550859,63
391066,63
315790,63
243027,63
72542,63
220466,63
594668,63
387018,63
199919,63
172698,63
50175,63
230898,63
55771,63
429215,63
690641,63
159350,63
533401,63
636910,63
477158,63
125318,63
4314,63
301971,63
168114,63
34052,63
128134,63
399796,63
366174,63
107156,63
245925,63
81366,63
615666,63
319641,63
132941,63
198920,63
572263,63
271434,63
487527,63
644546,63
272122,63
109860,63
680535,63
656385,63
292500,63
336000,63
556941,63
178708,63
518582,63
214515,63
111344,63
243519,63
396926,63
479211,63
46905,63
437849,63
480606,63
646395,63
85271,63
604002,63
33621,63
256955,63
52925,63
355993,63
37113,63
552119,63
456133,63
65849,63
547809,63
386304,63
346103,63
694829,63
327279,63
303771,63
215582,63
190633,63
298136,63
539686,63
559121,63
34513,63
433197,63
382325,63
373720,63
111111,63
395165,63
138428,63
427543,63
507573,63
494973,63
39445,63
229587,63
456740,63
555877,63
416019,63
154447,63
589593,63
516819,63
145593,63
208801,63
549440,63
67371,63
688727,63
22993,63
39682,63
446035,63
510930,63
30875,63
357739,63
298192,63
97359,63
233514,63
588750,63
698677,63
205184,63
235599,63
618432,63
250277,63
568299,63
360544,63
198631,63
406112,63
416606,63
505432,63
34539,63
467127,63
94367,63
85090,63
430837,63
657666,63
331727,63
412757,63
67776,63
577034,63
51680,63
32706,63
191389,63
178936,63
296882,63
543179,63
446222,63
563472,63
571121,63
306264,63
256514,63
1829,63
228085,63
452167,63
450442,63
696204,63
270814,63
484106,63
240268,63
230226,63
441489,63
118572,63
566384,63
395315,63
651835,63
529493,63
559799,63
265459,63
254337,63
645703,63
696095,63
689628,63
237202,63
438662,63
610214,63
120042,63
197722,63
559456,63
154452,63
443804,63
3941,63
318690,63
656411,63
615248,63
97221,63
368821,63
602598,63
53115,63
660508,63
63615,63
18004,63
155422,63
314245,63
262022,63
36512,63
358491,63
489383,63
446223,63
65953,63
185197,63
364132,63
29902,63
420643,63
603375,63
300099,63
498778,63
522048,63
519230,63
473720,63
685865,63
582145,63
63581,63
609441,63
40413,63
632397,63
114814,63
265975,63
655983,63
425161,63
337242,63
223506,63
560283,63
257557,63
208186,63
50248,63
673785,63
697688,63
487114,63
241107,63
167694,63
585882,63
294649,63
428685,63
99160,63
426107,63
548589,63
184152,63
371076,63
464403,63
284764,63
355902,63
645743,63
356722,63
59376,63
408558,63
390581,63
470626,63
344657,63
62939,63
689784,63
602218,63
558967,63
586293,63
233218,63
567801,63
549894,63
11171,63
191848,63
446331,63
271695,63
219661,63
101865,63
654882,63
358665,63
349782,63
109600,63
406191,63
260802,63
57764,63
61000,63
656690,63
676016,63
185142,63
668188,63
27578,63
566292,63
685136,63
345406,63
452790,63
373622,63
565592,63
87928,63
493656,63
290523,63
323134,63
566409,63
573972,63
155467,63
432493,63
11622,63
339977,63
143749,63
336108,63
155912,63
101428,63
351634,63
598801,63
148657,63
324249,63
391728,63
529145,63
183003,63
652918,63
266032,63
441501,63
695641,63
429775,63
586833,63
566919,63
690365,63
137766,63
157300,63
25184,63
216777,63
578941,63
314922,63
612587,63
443573,63
522320,63
436424,63
583980,63
224126,63
586133,63
345466,63
210836,63
395909,63
273284,63
673935,63
5845,63
483055,63
361337,63
655677,63
428776,63
589846,63
320878,63
589874,63
436361,63
280857,63
491897,63
490651,63
121287,63
548910,63
602027,63
648325,63
436029,63
125999,63
637837,63
573776,63
451114,63
517006,63
431683,63
399853,63
315521,63
155140,63
346976,63
568709,63
50401,63
453070,63
374824,63
124007,63
373390,63
682965,63
164180,63
504678,63
390155,63
681482,63
679900,63
522403,63
593299,63
532096,63
44986,63
335111,63
15510,63
409648,63
300058,63
380978,63
603979,63
404802,63
156012,63
586903,63
211404,63
349305,63
475868,63
13296,63
690801,63
494102,63
103892,63
96467,63
380373,63
479860,63
107725,63
318327,63
596421,63
209084,63
150248,63
694594,63
447360,63
293284,63
369797,63
584712,63
318439,63
256240,63
686585,63
396371,63
549959,63
440433,63
370051,63
16756,63
359151,63
244237,63
181691,63
13536,63
177929,63
578834,63
238224,63
397609,63
400311,63
298531,63
349589,63
437640,63
339005,63
376062,63
577844,63
424678,63
146642,63
133275,63
324393,63
127946,63
479223,63
1768,63
407932,63
501532,63
340394,63
635990,63
137261,63
512723,63
261665,63
36524,63
183319,63
481095,63
141160,63
613114,63
248024,63
597931,63
418044,63
66956,63
501458,63
44058,63
603278,63
288646,63
49839,63
570625,63
118253,63
437074,63
486830,63
629012,63
296210,63
531954,63
415287,63
178604,63
264887,63
129172,63
433007,63
390136,63
228309,63
301955,63
576774,63
553119,63
383516,63
310303,63
500063,63
527772,63
167391,63
518334,63
216735,63
321210,63
389865,63
271346,63
423182,63
318273,63
245183,63
313241,63
137889,63
595776,63
580988,63
433582,63
471060,63
54306,63
538137,63
528522,63
254364,63
22736,63
609885,63
537763,63
471541,63
646737,63
448961,63
102053,63
247841,63
579936,63
304914,63
209174,63
463441,63
561794,63
397300,63
179170,63
348002,63
664816,63
529419,63
158470,63
12166,63
74290,63
582761,63
10943,63
554145,63
445914,63
546198,63
224351,63
619624,63
208473,63
351424,63
487206,63
174740,63
441641,63
615633,63
166089,63
298965,63
357415,63
40047,63
425129,63
120690,63
432442,63
388191,63
274820,63
621170,63
614686,63
28355,63
447403,63
268149,63
86182,63
435436,63
492391,63
265157,63
407534,63
660561,63
68589,63
454205,63
125449,63
449473,63
333279,63
547187,63
33359,63
273573,63
635685,63
697269,63
364951,63
50404,63
636529,63
343992,63
256564,63
461441,63
90561,63
106910,63
527796,63
67234,63
575052,63
167322,63
191648,63
673687,63
460786,63
123778,63
291171,63
157657,63
619907,63
170050,63
252021,63
479292,63
94992,63
523801,63
549493,63
410969,63
650016,63
555583,63
356445,63
192878,63
4489,63
252127,63
56013,63
488482,63
603767,63
166454,63
208976,63
152543,63
505995,63
37716,63
121106,63
523589,63
650499,63
25590,63
240580,63
685851,63
671948,63
515485,63
9367,63
559653,63
614362,63
647626,63
83219,63
594960,63
411946,63
501625,63
661031,63
477782,63
195998,63
546030,63
658761,63
425759,63
526554,63
117642,63
256332,63
137749,63
224219,63
275601,63
277823,63
79150,63
151779,63
438296,63
606159,63
145282,63
554278,63
385392,63
365219,63
606117,63
638047,63
509967,63
174889,63
120535,63
139902,63
98264,63
270659,63
316798,63
121732,63
557755,63
165587,63
304344,63
664855,63
407772,63
123324,63
663860,63
475356,63
353117,63
383978,63
11453,63
572172,63
363186,63
661789,63
169324,63
329366,63
182875,63
497315,63
335643,63
320831,63
250540,63
512683,63
334141,63
312897,63
220606,63
617144,63
601059,63
484095,63
152686,63
135045,63
445013,63
347821,63
311659,63
143481,63
395253,63
229533,63
102867,63
141284,63
338182,63
322406,63
501318,63
381610,63
73200,63
183099,63
505444,63
469133,63
98764,63
486965,63
342664,63
620312,63
623946,63
200487,63
611889,63
419374,63
484866,63
302378,63
451333,63
119042,63
446066,63
253089,63
427679,63
535714,63
257436,63
618961,63
554644,63
25553,63
147052,63
689717,63
666286,63
327491,63
176568,63
439849,63
189233,63
400721,63
42900,63
61825,63
6568,63
51232,63
536965,63
614211,63
200506,63
35807,63
215008,63
390239,63
12135,63
296435,63
365240,63
23104,63
239720,63
148869,63
350056,63
365074,63
485489,63
45733,63
577202,63
509249,63
323848,63
57095,63
482782,63
213264,63
10918,63
283920,63
116644,63
65788,63
122552,63
76316,63
132996,63
53166,63
81139,63
80639,63
659380,63
80920,63
652222,63
319109,63
215061,63
312141,63
514015,63
257355,63
497422,63
562517,63
72946,63
203922,63
289868,63
660372,63
38281,63
491685,63
396315,63
219098,63
353962,63
293076,63
641947,63
614981,63
302240,63
619373,63
587165,63
582694,63
660915,63
683589,63
398850,63
75613,63
370896,63
324314,63
647216,63
560667,63
350459,63
629662,63
289360,63
495354,63
391163,63
265824,63
645941,63
740,63
118481,63
360258,63
123413,63
51947,63
552806,63
614023,63
28761,63
694529,63
391172,63
128780,63
95864,63
171224,63
224391,63
650142,63
627566,63
191300,63
342495,63
274998,63
119322,63
216993,63
621102,63
364083,63
158827,63
325233,63
503978,63
109812,63
450263,63
30014,63
560648,63
220373,63
156026,63
599486,63
565006,63
163083,63
308038,63
151751,63
420317,63
426537,63
474798,63
296558,63
230381,63
38389,63
235556,63
675493,63
59009,63
31998,63
48107,63
524523,63
257505,63
470824,63
169302,63
419631,63
69836,63
487332,63
514694,63
538779,63
325931,63
403126,63
407862,63
572128,63
152116,63
313419,63
693615,63
73550,63
48738,63
180582,63
49794,63
142280,63
394923,63
693767,63
455293,63
447893,63
155551,63
587990,63
293000,63
783,63
368119,63
200829,63
95393,63
285732,63
266441,63
462985,63
139533,63
406867,63
624951,63
416426,63
615606,63
423599,63
6285,63
23831,63
63738,63
145865,63
380305,63
474397,63
54050,63
127795,63
497644,63
45995,63
585275,63
187166,63
83718,63
209762,63
370413,63
692653,63
266848,63
215495,63
575408,63
164865,63
41181,63
458281,63
341631,63
438004,63
155136,63
178347,63
140194,63
403626,63
250482,63
232852,63
623006,63
46558,63
225225,63
650552,63
65686,63
528730,63
21700,63
502554,63
546479,63
696929,63
45302,63
653311,63
655757,63
189810,63
274625,63
395044,63
452540,63
688255,63
357028,63
69457,63
424227,63
600296,63
378433,63
174471,63
63217,63
619827,63
650243,63
196224,63
698972,63
462563,63
456011,63
19297,63
610601,63
436605,63
93669,63
323436,63
250041,63
388446,63
474145,63
536265,63
188543,63
398121,63
153699,63
285167,63
680899,63
695762,63
36085,63
496997,63
344220,63
623249,63
268746,63
67935,63
508387,63
20468,63
565831,63
589249,63
612632,63
78320,63
513652,63
137472,63
657267,63
138981,63
31365,63
381830,63
84091,63
131545,63
495348,63
148036,63
97888,63
235804,63
138730,63
203546,63
404003,63
85365,63
383173,63
249538,63
536132,63
284544,63
294309,63
182768,63
403174,63
267612,63
697305,63
147857,63
153935,63
387588,63
615442,63
312902,63
250963,63
638699,63
459937,63
640339,63
255559,63
263482,63
245062,63
616506,63
113984,63
533946,63
617899,63
162514,63
528148,63
494678,63
61533,63
50417,63
67957,63
177764,63
58594,63
461121,63
647237,63
65949,63
194244,63
79825,63
397175,63
589925,63
649849,63
406845,63
592006,63
334614,63
104615,63
471337,63
406798,63
697985,63
691467,63
440459,63
2341,63
531933,63
162196,63
683263,63
110488,63
127713,63
255350,63
448259,63
41238,63
437225,63
604479,63
601025,63
310947,63
669392,63
17329,63
657035,63
264867,63
46765,63
409794,63
307431,63
141584,63
344423,63
350229,63
571926,63
541731,63
690484,63
524623,63
542142,63
317040,63
16574,63
212706,63
168781,63
467674,63
471366,63
178981,63
143097,63
377549,63
15126,63
415711,63
84929,63
332237,63
405022,63
640649,63
184624,63
107581,63
209954,63
608446,63
409616,63
266548,63
287237,63
571931,63
93774,63
274738,63
302014,63
133643,63
67166,63
594232,63
591643,63
450429,63
71164,63
696351,63
298042,63
177129,63
580928,63
19707,63
10573,63
617581,63
564471,63
602846,63
275611,63
650925,63
382216,63
489214,63
335316,63
279809,63
355198,63
345873,63
543919,63
234030,63
640086,63
137348,63
554384,63
274065,63
531119,63
450529,63
100472,63
509754,63
101385,63
186887,63
141707,63
60960,63
68730,63
290457,63
463879,63
137487,63
678642,63
297046,63
638879,63
270015,63
84382,63
478342,63
618275,63
551050,63
216072,63
193943,63
181612,63
451758,63
352149,63
383777,63
461349,63
309807,63
624194,63
191700,63
253773,63
174619,63
12751,63
253013,63
339793,63
90818,63
645099,63
490609,63
173483,63
272307,63
610590,63
691689,63
543802,63
222620,63
49413,63
70594,63
283033,63
225845,63
372020,63
531072,63
195813,63
335775,63
137415,63
244069,63
468547,63
204456,63
354426,63
53165,63
443850,63
595341,63
1644,63
269939,63
187588,63
542958,63
22043,63
8391,63
184037,63
468959,63
644198,63
145969,63
519038,63
338894,63
100416,63
323070,63
615455,63
554412,63
307130,63
567949,63
650866,63
468743,63
604968,63
298626,63
263630,63
404600,63
544213,63
21938,63
73376,63
371744,63
602767,63
581695,63
28142,63
305688,63
395310,63
344984,63
544879,63
585709,63
687026,63
574128,63
411672,63
535431,63
179332,63
167653,63
102300,63
434058,63
155320,63
455921,63
8840,63
364572,63
171425,63
424267,63
673211,63
130624,63
517488,63
684580,63
452157,63
259931,63
68829,63
405488,63
439559,63
254400,63
432779,63
137458,63
203320,63
42129,63
624257,63
44645,63
285239,63
404215,63
337451,63
300806,63
227445,63
277231,63
172237,63
194938,63
45711,63
403077,63
649609,63
68378,63
570849,63
136588,63
390087,63
627476,63
445784,63
653172,63
316961,63
288550,63
540843,63
309349,63
13550,63
372688,63
687518,63
20538,63
597280,63
461971,63
379404,63
409392,63
531162,63
667676,63
602567,63
429291,63
387729,63
243607,63
692528,63
384420,63
87099,63
199883,63
516196,63
464624,63
693575,63
516392,63
357836,63
206459,63
383688,63
663278,63
643018,63
658771,63
245900,63
209112,63
395573,63
241770,63
637922,63
408562,63
559823,63
95441,63
625101,63
409402,63
286271,63
588762,63
503804,63
596354,63
298081,63
310958,63
610308,63
512372,63
582903,63
17518,63
379545,63
56791,63
2383,63
152764,63
140302,63
361749,63
35926,63
159716,63
51142,63
7957,63
388076,63
675308,63
311268,63
658676,63
86067,63
36517,63
520156,63
565747,63
25076,63
570789,63
16580,63
474920,63
7794,63
456376,63
90929,63
523557,63
71469,63
584695,63
343766,63
440229,63
622608,63
156173,63
93304,63
43094,63
80881,63
125273,63
252881,63
461655,63
689419,63
559903,63
319064,63
329926,63
297854,63
156500,63
592543,63
152740,63
19129,63
51563,63
330037,63
450357,63
339926,63
641006,63
419000,63
662013,63
237662,63
582810,63
146148,63
538398,63
625001,63
676735,63
147807,63
35369,63
511751,63
401815,63
319454,63
121398,63
228654,63
39557,63
582776,63
529445,63
641895,63
34239,63
594907,63
283984,63
516620,63
309229,63
489325,63
672465,63
391047,63
651466,63
269012,63
361016,63
619236,63
54716,63
217555,63
27375,63
478388,63
263053,63
454972,63
561970,63
682732,63
393553,63
399773,63
192259,63
108596,63
543538,63
86500,63
391626,63
55094,63
425376,63
620170,63
42318,63
216650,63
521426,63
348499,63
489888,63
125066,63
26776,63
253372,63
298301,63
583057,63
133154,63
234722,63
289758,63
168728,63
595045,63
404911,63
91852,63
577075,63
359012,63
294389,63
490168,63
424260,63
176707,63
641575,63
180836,63
629765,63
533062,63
651044,63
290520,63
61249,63
559164,63
386458,63
653426,63
250432,63
429173,63
611219,63
592787,63
163221,63
113111,63
481929,63
342899,63
525881,63
198671,63
557244,63
89969,63
493645,63
370043,63
592479,63
79466,63
31943,63
70251,63
227669,63
306672,63
628133,63
497241,63
53962,63
151670,63
167408,63
331415,63
684884,63
514562,63
556172,63
243271,63
88911,63
66443,63
148950,63
645839,63
638363,63
16666,63
498838,63
85020,63
284982,63
649826,63
354846,63
9629,63
618333,63
274299,63
110824,63
432562,63
32292,63
387815,63
431850,63
225972,63
663421,63
153176,63
226691,63
389397,63
454226,63
110543,63
434193,63
202894,63
572573,63
636660,63
536343,63
447850,63
581585,63
93704,63
460858,63
151123,63
482345,63
497059,63
294007,63
432740,63
151643,63
457065,63
281750,63
115115,63
333842,63
401645,63
78047,63
462910,63
7573,63
457385,63
441794,63
99613,63
526284,63
690796,63
125903,63
179271,63
674163,63
128056,63
172342,63
448015,63
114475,63
353391,63
677055,63
199707,63
559604,63
96014,63
13095,63
621456,63
388067,63
487212,63
247249,63
512360,63
420360,63
633765,63
178383,63
44010,63
419966,63
6156,63
271483,63
222570,63
595484,63
291090,63
58209,63
680193,63
371784,63
232263,63
59864,63
307119,63
65937,63
590637,63
313814,63
16170,63
31967,63
448609,63
423908,63
351536,63
323548,63
606787,63
173157,63
429442,63
518850,63
293165,63
28306,63
451959,63
298226,63
524642,63
80477,63
450752,63
102758,63
150244,63
275178,63
331590,63
406352,63
265760,63
248438,63
260955,63
157390,63
484084,63
687893,63
120590,63
520482,63
675334,63
275432,63
644451,63
531018,63
351433,63
693209,63
578105,63
649607,63
291890,63
440262,63
279153,63
75267,63
454449,63
295880,63
558563,63
646808,63
345870,63
628239,63
76476,63
25872,63
362370,63
498783,63
406715,63
407511,63
187864,63
548130,63
341150,63
260354,63
628248,63
242060,63
315099,63
444041,63
203197,63
34559,63
538788,63
45153,63
665809,63
564772,63
25675,63
460792,63
90653,63
623726,63
686115,63
183078,63
312915,63
294391,63
156940,63
119861,63
456885,63
370264,63
490639,63
148936,63
611840,63
346320,63
318309,63
22209,63
382327,63
370282,63
130980,63
511637,63
447737,63
183140,63
430696,63
370186,63
348723,63
234654,63
681918,63
215795,63
634078,63
161659,63
366138,63
626205,63
431498,63
410935,63
76675,63
301379,63
63744,63
474782,63
516294,63
674756,63
285784,63
51541,63
164176,63
664237,63
184137,63
18853,63
204707,63
652608,63
631046,63
437848,63
245336,63
592140,63
92391,63
26211,63
541208,63
663505,63
316617,63
91392,63
443560,63
107704,63
45274,63
336917,63
235531,63
485395,63
75314,63
486893,63
642653,63
116331,63
123617,63
389067,63
236276,63
391763,63
393344,63
468489,63
575952,63
27528,63
581040,63
610270,63
338239,63
659984,63
623531,63
562705,63
10051,63
582598,63
8481,63
433022,63
71890,63
22841,63
500224,63
72715,63
592565,63
107971,63
274745,63
451920,63
529678,63
88571,63
499547,63
119915,63
507239,63
614381,63
347394,63
78835,63
456028,63
209132,63
3370,63
17800,63
188205,63
212260,63
519948,63
78460,63
534167,63
478736,63
281319,63
317458,63
29227,63
651078,63
541053,63
548885,63
457214,63
544304,63
289230,63
263893,63
500541,63
219568,63
619549,63
288835,63
362548,63
381324,63
419810,63
352011,63
558580,63
671173,63
185575,63
685772,63
286619,63
142704,63
233506,63
461021,63
314462,63
73876,63
200340,63
341138,63
478200,63
430108,63
150486,63
409621,63
312989,63
51469,63
522073,63
552999,63
302702,63
341178,63
192371,63
541165,63
534462,63
182073,63
612678,63
115862,63
67915,63
405388,63
422460,63
500301,63
406580,63
251384,63
471960,63
75576,63
373467,63
220618,63
239203,63
169491,63
128380,63
109724,63
68579,63
245028,63
281331,63
519682,63
216372,63
376302,63
266186,63
392363,63
606731,63
645097,63
215613,63
75902,63
153295,63
530188,63
535326,63
9925,63
462494,63
62238,63
134300,63
486500,63
235732,63
283951,63
554489,63
102081,63
616042,63
676083,63
644908,63
386794,63
612949,63
685218,63
667675,63
58770,63
27319,63
80344,63
191856,63
205900,63
97503,63
169259,63
534147,63
99513,63
568943,63
351879,63
69960,63
402458,63
78641,63
229409,63
473900,63
685178,63
117296,63
649583,63
461659,63
602020,63
406316,63
42342,63
375353,63
485887,63
412847,63
663709,63
54857,63
661643,63
168291,63
521104,63
538092,63
157430,63
575383,63
106681,63
542313,63
670255,63
663303,63
607323,63
528947,63
216305,63
482393,63
413343,63
98381,63
220474,63
61986,63
632424,63
167801,63
694760,63
641380,63
255058,63
489753,63
524534,63
547532,63
519034,63
568955,63
488063,63
184030,63
126713,63
621896,63
97358,63
679975,63
444484,63
285833,63
286295,63
98894,63
59887,63
469975,63
612925,63
225205,63
403507,63
624751,63
231233,63
659799,63
626437,63
346748,63
497847,63
534569,63
198994,63
454600,63
676409,63
265604,63
559919,63
46018,63
136077,63
239402,63
691303,63
94971,63
187404,63
7531,63
156154,63
555503,63
624010,63
429128,63
399180,63
382504,63
59233,63
143623,63
72727,63
308550,63
598570,63
217499,63
191683,63
171778,63
334007,63
473233,63
519579,63
507170,63
322170,63
612533,63
225628,63
634949,63
536351,63
240037,63
302207,63
256786,63
25335,63
345142,63
421315,63
376265,63
53406,63
654091,63
354382,63
674865,63
107998,63
591722,63
123366,63
115850,63
182797,63
464500,63
299679,63
664262,63
497039,63
239860,63
176025,63
547834,63
81964,63
322319,63
605537,63
591412,63
548699,63
368674,63
654336,63
487597,63
422921,63
435758,63
451824,63
183300,63
508627,63
428505,63
304954,63
310707,63
541790,63
197740,63
488553,63
639006,63
423729,63
90689,63
346644,63
339571,63
494785,63
548764,63
650711,63
286686,63
646307,63
601820,63
691709,63
432024,63
589002,63
1861,63
459827,63
308973,63
691543,63
250276,63
189063,63
106614,63
31824,63
214447,63
327222,63
677361,63
13832,63
311426,63
438572,63
336294,63
142748,63
97120,63
61833,63
18126,63
266758,63
307548,63
182404,63
80572,63
237698,63
20743,63
581860,63
119980,63
534486,63
630473,63
347284,63
387708,63
665719,63
526761,63
460833,63
146407,63
516621,63
169600,63
424287,63
534726,63
163495,63
549054,63
491431,63
654805,63
109710,63
13039,63
658345,63
595693,63
150085,63
195787,63
488006,63
48867,63
571133,63
616631,63
229967,63
226536,63
554223,63
686306,63
210576,63
559701,63
294929,63
28320,63
135877,63
75172,63
107052,63
583692,63
15998,63
558618,63
669194,63
219081,63
101802,63
507061,63
430086,63
102138,63
675608,63
218543,63
146971,63
600949,63
38695,63
78944,63
289902,63
458712,63
561892,63
204890,63
604732,63
672059,63
486521,63
310950,63
360402,63
327782,63
679339,63
255077,63
436618,63
601013,63
178858,63
505190,63
394375,63
463271,63
187895,63
339711,63
550171,63
222884,63
181721,63
35783,63
219073,63
12660,63
302139,63
248795,63
476979,63
551512,63
172287,63
125515,63
572227,63
228207,63
445858,63
534207,63
248330,63
607293,63
244748,63
598484,63
156266,63
595945,63
579852,63
562925,63
237235,63
444809,63
37572,63
394455,63
523614,63
196835,63
616387,63
686466,63
151081,63
475786,63
30034,63
113995,63
654164,63
696836,63
644370,63
489427,63
535578,63
610187,63
495925,63
590906,63
315235,63
431597,63
285895,63
293842,63
678087,63
465960,63
224782,63
130550,63
176118,63
566237,63
375968,63
406531,63
586546,63
65567,63
78003,63
169053,63
199835,63
422785,63
266679,63
126280,63
414033,63
526306,63
649618,63
239027,63
482098,63
25383,63
591598,63
231111,63
82982,63
25906,63
488793,63
306553,63
530612,63
542787,63
640880,63
39129,63
211889,63
357340,63
555660,63
598335,63
173854,63
228292,63
24139,63
633249,63
287400,63
656468,63
117858,63
676206,63
642776,63
491560,63
162400,63
105280,63
619243,63
299899,63
356019,63
62024,63
654334,63
616188,63
643437,63
209179,63
263276,63
513216,63
182831,63
439885,63
682711,63
393033,63
570019,63
307436,63
287582,63
8591,63
441452,63
532535,63
257479,63
527575,63
103652,63
627845,63
590899,63
132806,63
632181,63
266399,63
523684,63
374013,63
574424,63
452137,63
470658,63
165125,63
133032,63
292742,63
178541,63
252686,63
230200,63
379417,63
552540,63
419988,63
545168,63
458374,63
441991,63
582073,63
584441,63
150777,63
374495,63
58465,63
182017,63
234207,63
492823,63
45287,63
75351,63
564886,63
491181,63
383219,63
548252,63
322536,63
315582,63
173274,63
263948,63
519688,63
244860,63
186177,63
247719,63
15635,63
657571,63
375063,63
165278,63
79505,63
23386,63
661303,63
432244,63
136794,63
340384,63
555076,63
401377,63
84250,63
221416,63
285756,63
652617,63
212666,63
443770,63
295309,63
621440,63
471193,63
161003,63
242799,63
486213,63
72269,63
83870,63
570379,63
15347,63
137823,63
667977,63
175256,63
625947,63
7373,63
325150,63
52038,63
103052,63
196963,63
72265,63
308895,63
680847,63
425556,63
156336,63
365038,63
38576,63
510438,63
115332,63
544721,63
257670,63
53156,63
9528,63
71251,63
170962,63
202418,63
9317,63
325961,63
537623,63
401724,63
691655,63
578208,63
568701,63
254386,63
469026,63
662543,63
344425,63
363587,63
242584,63
330312,63
677635,63
229890,63
235446,63
636732,63
1114,63
60622,63
411944,63
697509,63
26016,63
333823,63
559005,63
44470,63
612518,63
565536,63
168052,63
462324,63
599551,63
140102,63
113132,63
25927,63
614321,63
296188,63
628351,63
2725,63
591638,63
66825,63
141662,63
653582,63
86196,63
248659,63
387347,63
30908,63
80225,63
467305,63
454554,63
17325,63
211216,63
477783,63
88782,63
398571,63
303760,63
260718,63
66019,63
271673,63
371745,63
531106,63
352580,63
163340,63
133118,63
623823,63
320273,63
122590,63
697506,63
227434,63
491506,63
250976,63
529344,63
98899,63
602593,63
85571,63
448266,63
606738,63
215360,63
598296,63
229138,63
668119,63
35704,63
476107,63
560862,63
176028,63
217447,63
603057,63
149340,63
368801,63
10676,63
386569,63
336120,63
307134,63
561819,63
184705,63
468926,63
524999,63
106114,63
13430,63
525046,63
195436,63
162452,63
18544,63
485329,63
240890,63
478328,63
679990,63
76614,63
560677,63
201684,63
360073,63
445225,63
692358,63
260959,63
601221,63
264253,63
642345,63
189569,63
239848,63
208878,63
602491,63
619048,63
8599,63
632418,63
221117,63
515527,63
994,63
193352,63
133227,63
473417,63
439446,63
322896,63
384391,63
122088,63
51430,63
459103,63
486887,63
264460,63
666442,63
231087,63
663604,63
74721,63
134721,63
114023,63
11692,63
275699,63
92852,63
149498,63
513579,63
656716,63
458825,63
448556,63
329876,63
248112,63
469610,63
176937,63
507642,63
140369,63
668383,63
619595,63
123318,63
596614,63
182743,63
136401,63
333245,63
641696,63
136437,63
194944,63
67778,63
288180,63
255160,63
607477,63
147361,63
454919,63
140647,63
674761,63
177111,63
42580,63
424334,63
208748,63
385381,63
590738,63
180589,63
450597,63
568029,63
368924,63
594842,63
101368,63
294166,63
241419,63
1900,63
443129,63
91029,63
495168,63
175853,63
444342,63
512374,63
108675,63
499629,63
372323,63
271731,63
128580,63
366661,63
308085,63
24014,63
26848,63
441122,63
52141,63
379043,63
502498,63
166460,63
546814,63
559193,63
422300,63
419736,63
246219,63
135903,63
131999,63
574461,63
56905,63
551242,63
181037,63
220821,63
360672,63
272079,63
70182,63
280492,63
334072,63
635892,63
513649,63
496063,63
633071,63
165518,63
324388,63
401965,63
183957,63
322924,63
454447,63
3163,63
246642,63
233782,63
276964,63
381459,63
38339,63
537488,63
10046,63
511684,63
292998,63
205959,63
389915,63
239361,63
676463,63
363226,63
397292,63
613767,63
358091,63
515424,63
345053,63
517662,63
338268,63
231332,63
439741,63
437386,63
642584,63
139951,63
372180,63
607485,63
475147,63
581409,63
472988,63
264453,63
113429,63
471604,63
362956,63
367217,63
324826,63
239522,63
294097,63
410996,63
264971,63
225999,63
149712,63
441676,63
394233,63
325964,63
389772,63
428400,63
504396,63
426434,63
188383,63
536567,63
246460,63
582303,63
633671,63
361592,63
428545,63
577968,63
97699,63
439541,63
607999,63
157885,63
421976,63
452475,63
646845,63
76984,63
687231,63
675481,63
697607,63
655195,63
112206,63
348753,63
81247,63
341640,63
339689,63
663135,63
471872,63
339563,63
606055,63
187952,63
250425,63
362187,63
646784,63
175567,63
399168,63
300570,63
581679,63
394317,63
450294,63
347581,63
194209,63
452280,63
279719,63
406210,63
473065,63
62284,63
659531,63
58873,63
144757,63
203211,63
376652,63
307823,63
355888,63
52048,63
265781,63
541989,63
284560,63
417980,63
660370,63
196278,63
490456,63
642839,63
335784,63
28975,63
685282,63
9787,63
371648,63
520481,63
133555,63
358877,63
150402,63
331737,63
403988,63
180268,63
324511,63
641909,63
439258,63
109188,63
302934,63
126875,63
88581,63
676900,63
95379,63
211321,63
7997,63
221828,63
279909,63
194521,63
698097,63
15794,63
177615,63
487746,63
341976,63
200752,63
540197,63
102254,63
313201,63
542479,63
400743,63
325532,63
308703,63
34879,63
636002,63
296126,63
42002,63
254152,63
686308,63
105416,63
375708,63
518038,63
286350,63
645516,63
498497,63
564987,63
459130,63
238452,63
525953,63
104739,63
115500,63
608650,63
112250,63
579199,63
476670,63
466240,63
22349,63
371530,63
351777,63
619449,63
236445,63
40238,63
212698,63
58886,63
45920,63
622366,63
444166,63
381485,63
528154,63
618559,63
429717,63
340576,63
564748,63
162240,63
445376,63
403598,63
686845,63
288018,63
92287,63
523081,63
277681,63
417547,63
411829,63
529611,63
250255,63
152536,63
277980,63
481007,63
155834,63
532958,63
405287,63
603403,63
288932,63
338844,63
654026,63
139035,63
124144,63
673676,63
264976,63
533549,63
67492,63
418598,63
138091,63
454184,63
535174,63
493132,63
549233,63
430967,63
228906,63
168918,63
248281,63
656555,63
110624,63
601041,63
676371,63
280358,63
156473,63
30970,63
402213,63
652999,63
74775,63
239445,63
666058,63
445772,63
83427,63
661298,63
331236,63
512070,63
146723,63
553035,63
108172,63
40519,63
551295,63
408367,63
357008,63
655230,63
361558,63
78563,63
197581,63
180563,63
549645,63
671262,63
398262,63
566426,63
582852,63
509655,63
537744,63
71830,63
171901,63
294242,63
628626,63
22690,63
152290,63
378409,63
508331,63
572175,63
461222,63
208279,63
209774,63
432684,63
109448,63
120718,63
339721,63
461403,63
572779,63
461770,63
685576,63
192092,63
410114,63
405439,63
395462,63
51770,63
373196,63
126827,63
287839,63
581368,63
494809,63
193106,63
423196,63
337003,63
120705,63
267475,63
384187,63
257825,63
35805,63
521405,63
486029,63
342021,63
510698,63
599817,63
97928,63
151368,63
335120,63
533620,63
558757,63
90659,63
255014,63
503414,63
41860,63
331043,63
537848,63
2190,63
544578,63
562389,63
396382,63
97545,63
667384,63
216979,63
529771,63
208767,63
93664,63
521466,63
60764,63
353049,63
696036,63
400239,63
633926,63
435663,63
434936,63
309275,63
643207,63
575344,63
676119,63
186277,63
539962,63
106137,63
443578,63
392146,63
541807,63
420036,63
573089,63
668007,63
499416,63
170801,63
448807,63
684130,63
210804,63
471153,63
594195,63
559902,63
209049,63
663655,63
626834,63
609822,63
344303,63
419463,63
35423,63
632473,63
596606,63
47403,63
16441,63
211611,63
24678,63
15888,63
67888,63
25323,63
351045,63
364013,63
64310,63
123810,63
572189,63
369547,63
229848,63
126696,63
59306,63
654521,63
631045,63
157068,63
165742,63
685883,63
49938,63
247738,63
301565,63
672297,63
518074,63
666975,63
60171,63
69111,63
2611,63
242585,63
400875,63
131850,63
155892,63
175209,63
599351,63
612826,63
458670,63
261137,63
662754,63
414132,63
419392,63
450063,63
225055,63
400181,63
662320,63
287174,63
518462,63
611346,63
363020,63
354975,63
171660,63
409042,63
227026,63
163476,63
191220,63
11378,63
578577,63
276068,63
121186,63
128369,63
103990,63
337535,63
85584,63
114779,63
29578,63
444984,63
403117,63
8230,63
477846,63
428730,63
645795,63
149078,63
156645,63
262968,63
119621,63
640260,63
442122,63
565267,63
474442,63
445477,63
231962,63
550887,63
619357,63
360690,63
541918,63
212241,63
691082,63
354215,63
53670,63
265552,63
580244,63
19762,63
664368,63
424893,63
552064,63
618796,63
457296,63
310156,63
485349,63
254702,63
33742,63
9493,63
335164,63
141553,63
649530,63
35144,63
157580,63
2107,63
454483,63
446258,63
280579,63
14682,63
38722,63
125716,63
313001,63
73324,63
230969,63
674838,63
606548,63
285343,63
682397,63
544347,63
66583,63
530089,63
506614,63
381893,63
532452,63
259432,63
595991,63
355652,63
402463,63
77158,63
174228,63
155986,63
83396,63
366940,63
355244,63
603368,63
387897,63
516223,63
615029,63
394206,63
90565,63
548612,63
54415,63
306655,63
99581,63
178741,63
218632,63
486617,63
43579,63
258350,63
29768,63
641774,63
318224,63
171125,63
567806,63
154654,63
167376,63
410687,63
102612,63
462976,63
404557,63
490755,63
509920,63
663846,63
45477,63
614488,63
81269,63
505928,63
216377,63
263770,63
211299,63
425092,63
604881,63
229794,63
171537,63
59660,63
435479,63
328546,63
602151,63
434928,63
89442,63
374862,63
185021,63
19618,63
53911,63
520604,63
512051,63
551331,63
261120,63
588542,63
528114,63
1699,63
369923,63
410267,63
249513,63
331347,63
97563,63
669744,63
475450,63
304412,63
419270,63
324326,63
210252,63
104588,63
19738,63
627737,63
289270,63
169717,63
365115,63
203478,63
13029,63
548980,63
2357,63
4615,63
530201,63
97859,63
668710,63
661397,63
378181,63
666580,63
488243,63
625395,63
363131,63
673512,63
318693,63
554376,63
635493,63
543157,63
646537,63
190877,63
616553,63
484121,63
320822,63
495615,63
516807,63
9304,63
172311,63
683360,63
678682,63
646506,63
512838,63
534991,63
569831,63
274448,63
650350,63
289731,63
378040,63
94826,63
370908,63
99826,63
95067,63
233480,63
584748,63
500448,63
393065,63
594875,63
46191,63
460195,63
41803,63
314352,63
628839,63
266129,63
223973,63
175388,63
435839,63
386401,63
656087,63
429271,63
310380,63
65883,63
651303,63
218972,63
614635,63
480762,63
436296,63
586376,63
291887,63
392940,63
72670,63
57319,63
189399,63
79899,63
664415,63
646308,63
49744,63
83364,63
297941,63
446625,63
366948,63
477311,63
475715,63
602576,63
589432,63
516980,63
259267,63
2238,63
226721,63
173893,63
532188,63
244005,63
277628,63
136817,63
516024,63
546589,63
193752,63
662432,63
666136,63
54609,63
217722,63
194151,63
5678,63
379704,63
30049,63
600094,63
173113,63
397977,63
354477,63
474392,63
407451,63
368851,63
244279,63
413529,63
602259,63
294029,63
573092,63
143896,63
21500,63
376248,63
309328,63
302076,63
73525,63
203972,63
127974,63
468711,63
654477,63
107861,63
287185,63
517977,63
598274,63
72622,63
501589,63
357047,63
581176,63
469353,63
593100,63
384107,63
315230,63
391603,63
659287,63
135444,63
537352,63
53926,63
261475,63
24955,63
38114,63
224518,63
15190,63
597020,63
609795,63
435210,63
227247,63
202956,63
332153,63
216619,63
550487,63
467996,63
448419,63
497625,63
139809,63
309999,63
377665,63
229266,63
5046,63
215180,63
592685,63
526131,63
168841,63
150190,63
73708,63
361261,63
638979,63
294122,63
559027,63
502267,63
177072,63
286220,63
258394,63
684664,63
526892,63
261376,63
194657,63
577765,63
444346,63
102736,63
155278,63
602561,63
600320,63
656662,63
386961,63
126456,63
47891,63
501550,63
444508,63
495194,63
65966,63
539549,63
384816,63
432885,63
515987,63
77010,63
178385,63
660200,63
211824,63
602550,63
314077,63
596769,63
533518,63
242525,63
167688,63
457381,63
59404,63
628630,63
284898,63
591940,63
379917,63
685365,63
135670,63
355358,63
52692,63
162522,63
543288,63
566390,63
387155,63
366549,63
312030,63
435346,63
330067,63
175186,63
277899,63
510199,63
642910,63
593176,63
427097,63
558790,63
340307,63
301160,63
547450,63
390560,63
126775,63
137218,63
622943,63
428359,63
255614,63
166724,63
650517,63
126942,63
112441,63
678223,63
227068,63
280920,63
230975,63
177708,63
138310,63
152455,63
9470,63
599291,63
617396,63
73198,63
32381,63
443100,63
562581,63
196939,63
430266,63
412696,63
296941,63
491850,63
205661,63
233488,63
335862,63
395717,63
426165,63
692571,63
393339,63
591027,63
149632,63
93144,63
263459,63
305801,63
617199,63
440468,63
401939,63
17403,63
633234,63
112190,63
377737,63
70972,63
3957,63
264542,63
162500,63
165918,63
231214,63
691923,63
257071,63
236238,63
635397,63
599455,63
371506,63
198167,63
93014,63
264036,63
21856,63
356795,63
214589,63
145687,63
305176,63
686941,63
63958,63
115066,63
560653,63
341104,63
120857,63
155340,63
646073,63
642408,63
190740,63
145140,63
379854,63
443544,63
420328,63
60365,63
546308,63
606179,63
293452,63
217460,63
212939,63
446295,63
400995,63
192181,63
519196,63
223517,63
79297,63
174507,63
592426,63
686287,63
130927,63
238410,63
686780,63
664081,63
528615,63
344759,63
599776,63
276675,63
466220,63
507521,63
142022,63
148041,63
696076,63
450223,63
442491,63
144506,63
377704,63
655221,63
374902,63
575887,63
567991,63
436573,63
695142,63
313946,63
223769,63
39064,63
341825,63
643816,63
247978,63
520832,63
354648,63
446516,63
490783,63
5685,63
471396,63
593925,63
494728,63
254483,63
689192,63
661702,63
611574,63
145717,63
676594,63
444482,63
674164,63
432605,63
50795,63
232881,63
282885,63
509166,63
588449,63
668557,63
2232,63
66592,63
31341,63
329279,63
252232,63
467656,63
430810,63
148583,63
12708,63
476643,63
139883,63
544796,63
574068,63
214310,63
122070,63
42057,63
215419,63
263901,63
660849,63
34523,63
39114,63
240336,63
181158,63
202827,63
382503,63
323570,63
223518,63
95025,63
615501,63
68013,63
262721,63
553846,63
612420,63
547833,63
119550,63
249176,63
448389,63
277676,63
415097,63
83522,63
545691,63
79855,63
106480,63
412305,63
171711,63
579562,63
406698,63
644331,63
155212,63
31658,63
559337,63
19361,63
297020,63
468030,63
193333,63
657442,63
443176,63
550787,63
353481,63
129573,63
404797,63
327752,63
91529,63
340238,63
500490,63
376710,63
473587,63
88244,63
113735,63
466233,63
46050,63
662294,63
426634,63
29497,63
597996,63
550807,63
678565,63
645968,63
62081,63
221287,63
182330,63
16859,63
344153,63
134664,63
306623,63
124604,63
79216,63
71876,63
551707,63
390992,63
256962,63
682299,63
194040,63
332725,63
80595,63
666040,63
466453,63
154328,63
456599,63
187555,63
407429,63
122636,63
293384,63
270805,63
431898,63
427335,63
25413,63
607197,63
456173,63
486502,63
596372,63
83125,63
327976,63
530422,63
373601,63
508152,63
674649,63
77604,63
161848,63
268023,63
621008,63
104148,63
496058,63
662455,63
89689,63
131755,63
58947,63
697135,63
153366,63
79957,63
420065,63
476,63
662125,63
632676,63
26162,63
93567,63
559815,63
698698,63
351016,63
445338,63
687177,63
159461,63
108619,63
45231,63
323251,63
69990,63
609110,63
564753,63
43351,63
197023,63
164585,63
21851,63
135796,63
371160,63
296082,63
396397,63
614265,63
599039,63
613014,63
51382,63
606146,63
321626,63
540240,63
338200,63
587667,63
400728,63
259810,63
236543,63
448920,63
587877,63
219738,63
164771,63
357791,63
217556,63
543241,63
219001,63
246466,63
94532,63
695223,63
674706,63
279323,63
153611,63
281491,63
651280,63
289543,63
159074,63
690347,63
173918,63
656763,63
200234,63
340637,63
130124,63
342221,63
536774,63
588963,63
581567,63
626156,63
492102,63
106901,63
170575,63
403610,63
101341,63
449349,63
310038,63
258925,63
481392,63
277198,63
553640,63
221634,63
31432,63
276110,63
519313,63
106856,63
398494,63
478641,63
328112,63
221571,63
328519,63
421186,63
577399,63
688573,63
652550,63
15487,63
447921,63
98752,63
146244,63
527592,63
210414,63
44885,63
384534,63
102063,63
3904,63
482859,63
336452,63
330309,63
73723,63
637731,63
130097,63
61554,63
204965,63
339275,63
404511,63
341534,63
49554,63
153766,63
479599,63
302960,63
528419,63
509206,63
34853,63
537275,63
199624,63
548295,63
408285,63
253044,63
64730,63
333033,63
72650,63
367346,63
507465,63
626961,63
384804,63
582335,63
135862,63
279463,63
450908,63
137203,63
547167,63
672029,63
498818,63
427572,63
571577,63
190531,63
382782,63
460365,63
169997,63
597543,63
147982,63
573550,63
184061,63
292667,63
500252,63
234261,63
399300,63
500687,63
40052,63
284562,63
13936,63
230367,63
258677,63
149455,63
161297,63
230787,63
639026,63
217848,63
418,63
396008,63
85514,63
470073,63
483031,63
155934,63
420710,63
675121,63
425500,63
444059,63
482353,63
51769,63
56707,63
197877,63
109143,63
550979,63
15515,63
591044,63
559895,63
598250,63
26804,63
152525,63
42975,63
449736,63
23648,63
199890,63
310821,63
439078,63
660577,63
351841,63
190896,63
611550,63
426695,63
102529,63
602578,63
448926,63
449607,63
115127,63
305869,63
36922,63
470932,63
532018,63
358480,63
597229,63
343220,63
26920,63
202597,63
198218,63
309858,63
390885,63
478471,63
614542,63
116643,63
286311,63
616809,63
587008,63
29211,63
39595,63
1979,63
181828,63
9832,63
153994,63
47689,63
484515,63
234794,63
583896,63
572965,63
614319,63
48458,63
3613,63
149623,63
142722,63
296818,63
648362,63
304969,63
616084,63
139250,63
24337,63
123360,63
617238,63
141483,63
318302,63
357748,63
188412,63
107955,63
526552,63
580363,63
529564,63
238268,63
334573,63
640749,63
252585,63
423779,63
681350,63
346566,63
167982,63
613127,63
591047,63
59953,63
36491,63
278499,63
526906,63
146660,63
479710,63
319270,63
549120,63
634204,63
34235,63
556019,63
158804,63
89202,63
697163,63
154943,63
37827,63
72108,63
270629,63
225346,63
26596,63
518648,63
374473,63
271396,63
284929,63
98654,63
589473,63
243126,63
458591,63
445297,63
22401,63
80701,63
612098,63
86626,63
681752,63
545256,63
576848,63
185437,63
42622,63
282676,63
76160,63
423130,63
631053,63
508488,63
214591,63
416202,63
334052,63
498717,63
359510,63
201154,63
453998,63
75307,63
58708,63
669713,63
36588,63
119796,63
378911,63
312872,63
233929,63
388002,63
428999,63
252660,63
432632,63
437520,63
650163,63
547302,63
132988,63
697768,63
114424,63
133613,63
649137,63
248567,63
412441,63
489899,63
21435,63
227611,63
144784,63
359450,63
303373,63
347140,63
194557,63
480000,63
652654,63
427449,63
655350,63
547229,63
196611,63
204103,63
232368,63
432956,63
642070,63
267319,63
270482,63
271949,63
492466,63
649061,63
568926,63
552740,63
280176,63
261818,63
400260,63
67265,63
272703,63
532635,63
697143,63
18474,63
490777,63
33223,63
159140,63
610084,63
23384,63
421814,63
26158,63
45623,63
342869,63
480584,63
381100,63
398027,63
20953,63
615524,63
269678,63
116622,63
259419,63
41334,63
321281,63
363705,63
402901,63
125136,63
372355,63
622018,63
344367,63
656556,63
178323,63
219553,63
675410,63
595767,63
202712,63
227755,63
549692,63
377942,63
649965,63
276373,63
624255,63
685166,63
434191,63
232929,63
522394,63
627913,63
505988,63
41489,63
639608,63
558189,63
401394,63
466591,63
428342,63
662691,63
685961,63
503159,63
144106,63
270427,63
491341,63
606587,63
334345,63
349768,63
613774,63
143271,63
1915,63
553417,63
253780,63
473016,63
322075,63
446737,63
667575,63
441263,63
85106,63
617598,63
577145,63
642605,63
218058,63
367274,63
571837,63
431099,63
392003,63
247405,63
8724,63
209090,63
304646,63
348058,63
374522,63
78577,63
613848,63
128507,63
625828,63
261179,63
92907,63
120543,63
657797,63
557173,63
170772,63
630601,63
131991,63
270000,63
115633,63
63658,63
40655,63
649255,63
80423,63
323679,63
696642,63
236934,63
683597,63
676977,63
44367,63
529395,63
196668,63
402861,63
180270,63
670963,63
442432,63
119203,63
384726,63
266600,63
166774,63
320256,63
199242,63
511149,63
599861,63
35648,63
444322,63
389373,63
367896,63
605901,63
259990,63
54185,63
406583,63
167526,63
664476,63
513133,63
338408,63
605881,63
145375,63
309299,63
44758,63
320634,63
213521,63
113072,63
326249,63
408624,63
438715,63
59712,63
333290,63
378562,63
246760,63
140083,63
73499,63
222777,63
214369,63
40418,63
374929,63
317282,63
468556,63
101538,63
587038,63
181875,63
417274,63
460751,63
172941,63
391266,63
599163,63
399230,63
142819,63
96155,63
121073,63
6243,63
277742,63
127081,63
181842,63
189721,63
636281,63
495686,63
93364,63
386218,63
581373,63
64356,63
105666,63
594510,63
389339,63
61526,63
379645,63
673440,63
318654,63
143769,63
464622,63
517705,63
678333,63
540616,63
521567,63
126684,63
535333,63
213125,63
81737,63
35202,63
694817,63
599839,63
153244,63
608125,63
257042,63
59495,63
653589,63
667278,63
63266,63
592874,63
366999,63
418728,63
330959,63
35396,63
232530,63
20187,63
339007,63
105186,63
99868,63
257459,63
417078,63
157313,63
44540,63
105946,63
305375,63
596080,63
530853,63
614574,63
56775,63
57240,63
396463,63
135082,63
206886,63
11558,63
561560,63
297455,63
598942,63
639684,63
622141,63
280099,63
681384,63
293526,63
108977,63
246854,63
631822,63
62107,63
319908,63
105310,63
446037,63
407148,63
558150,63
118231,63
655597,63
463434,63
257981,63
337122,63
207042,63
123076,63
616779,63
206125,63
326925,63
299399,63
202585,63
247776,63
496658,63
654328,63
698314,63
579007,63
98098,63
292081,63
617128,63
56374,63
418788,63
647008,63
570974,63
304441,63
672157,63
172715,63
266854,63
46695,63
436863,63
363185,63
125575,63
95723,63
156013,63
610449,63
626380,63
403373,63
311831,63
557652,63
95425,63
123049,63
1761,63
287005,63
640027,63
35348,63
48969,63
176786,63
533438,63
662886,63
369538,63
558547,63
651902,63
133034,63
458880,63
529942,63
60062,63
293443,63
686531,63
150422,63
468954,63
219788,63
519359,63
604900,63
500117,63
602206,63
513738,63
123568,63
42099,63
496301,63
57802,63
119137,63
483124,63
602371,63
151151,63
560948,63
491128,63
551901,63
387561,63
242493,63
143928,63
46187,63
60620,63
643429,63
70172,63
677464,63
419793,63
386429,63
147973,63
275122,63
428803,63
452792,63
383994,63
349547,63
372291,63
247811,63
439793,63
10010,63
27031,63
648495,63
10728,63
677753,63
191734,63
443442,63
111561,63
205005,63
586629,63
666909,63
249972,63
549163,63
547070,63
528834,63
633260,63
295037,63
555616,63
105050,63
289109,63
307068,63
423582,63
662332,63
592772,63
344199,63
320698,63
214593,63
661275,63
180945,63
679532,63
285468,63
197807,63
413946,63
321619,63
433648,63
468794,63
283100,63
73883,63
259583,63
263186,63
560782,63
660249,63
264788,63
607191,63
548342,63
547125,63
213397,63
190659,63
107441,63
76113,63
125796,63
6575,63
503354,63
150445,63
409861,63
461189,63
208317,63
376639,63
280741,63
366449,63
91342,63
554925,63
282538,63
317105,63
277032,63
53375,63
269614,63
140702,63
394179,63
347189,63
695068,63
80589,63
587757,63
276472,63
525513,63
180756,63
363503,63
547560,63
236953,63
79719,63
313390,63
661949,63
542096,63
554075,63
518353,63
144143,63
633590,63
347198,63
265914,63
57178,63
682030,63
229698,63
252682,63
199165,63
600329,63
650450,63
279943,63
492855,63
695021,63
358658,63
231923,63
286582,63
450407,63
419548,63
440466,63
243279,63
383367,63
558034,63
535285,63
43082,63
294340,63
21290,63
311656,63
527371,63
250644,63
19213,63
392070,63
102362,63
137594,63
7021,63
92755,63
344757,63
340767,63
13563,63
242921,63
304591,63
427877,63
494514,63
319770,63
489968,63
364020,63
108310,63
223145,63
569929,63
592217,63
496717,63
46241,63
532985,63
516327,63
301805,63
667631,63
657609,63
576995,63
227474,63
542356,63
329661,63
115983,63
313231,63
246306,63
355114,63
648877,63
379025,63
454471,63
364783,63
515609,63
550267,63
50251,63
392247,63
618564,63
325588,63
295528,63
388249,63
603524,63
451209,63
344755,63
471739,63
508960,63
286813,63
683834,63
556615,63
636712,63
24041,63
97469,63
389404,63
461069,63
348703,63
392258,63
552311,63
245392,63
259143,63
37211,63
17123,63
220834,63
244751,63
424343,63
163394,63
325690,63
366781,63
420118,63
377952,63
95033,63
325323,63
672208,63
511342,63
38517,63
98521,63
495404,63
437251,63
477933,63
480835,63
477612,63
564955,63
167648,63
296905,63
696248,63
647440,63
248748,63
654099,63
202918,63
412911,63
464179,63
300257,63
134131,63
355103,63
26821,63
162238,63
662468,63
553203,63
468338,63
680000,63
515068,63
44325,63
430343,63
186896,63
353274,63
513109,63
218466,63
522595,63
580930,63
69396,63
548942,63
95862,63
623788,63
158719,63
161040,63
549252,63
466760,63
683490,63
459033,63
509362,63
456056,63
559638,63
589914,63
352287,63
15456,63
665840,63
87214,63
52432,63
517264,63
330492,63
277218,63
601717,63
434026,63
3064,63
579408,63
676297,63
584175,63
331184,63
572569,63
138613,63
667461,63
472467,63
580209,63
153201,63
459013,63
381343,63
363168,63
147736,63
597652,63
322691,63
232858,63
538616,63
326373,63
669337,63
286842,63
74439,63
144066,63
265092,63
142406,63
286882,63
30895,63
477816,63
315941,63
46341,63
657953,63
626901,63
370442,63
507437,63
445284,63
603515,63
563519,63
550565,63
376998,63
552212,63
471114,63
653721,63
660032,63
493524,63
3085,63
67787,63
356774,63
204916,63
449508,63
149259,63
146925,63
607168,63
90833,63
546550,63
338120,63
263487,63
141521,63
318792,63
622283,63
610350,63
47687,63
420562,63
78861,63
557963,63
669278,63
117485,63
463711,63
561259,63
491220,63
503152,63
537066,63
360483,63
474683,63
249179,63
362438,63
224924,63
136820,63
98540,63
371196,63
48835,63
459281,63
317112,63
71048,63
383537,63
448470,63
110855,63
561765,63
477106,63
578385,63
650593,63
152521,63
114462,63
297561,63
524966,63
563458,63
238201,63
240695,63
9860,63
191390,63
642951,63
170473,63
119608,63
595740,63
41870,63
65790,63
302707,63
201162,63
32982,63
42119,63
228714,63
193401,63
539662,63
164522,63
507515,63
479342,63
433685,63
530602,63
220455,63
672964,63
132571,63
210817,63
470748,63
149114,63
398133,63
161688,63
251207,63
210617,63
651344,63
625295,63
678139,63
409062,63
168208,63
458592,63
390956,63
401495,63
388408,63
655980,63
683864,63
384998,63
119308,63
645589,63
467257,63
371147,63
280242,63
618169,63
276442,63
248178,63
465144,63
506295,63
642073,63
520605,63
376787,63
493866,63
452020,63
635841,63
682830,63
605090,63
4667,63
499207,63
552038,63
75411,63
199007,63
212914,63
262895,63
616586,63
192731,63
589145,63
566104,63
81220,63
213016,63
116934,63
145035,63
343130,63
95594,63
423887,63
350052,63
316569,63
626138,63
648984,63
368006,63
157249,63
170366,63
575854,63
139972,63
67609,63
334850,63
601466,63
510517,63
41081,63
436261,63
697894,63
28949,63
304538,63
264673,63
223729,63
53357,63
428117,63
612200,63
580636,63
506279,63
684075,63
450198,63
165975,63
174352,63
491873,63
637391,63
431415,63
139319,63
429641,63
408573,63
613845,63
350944,63
69792,63
266554,63
79695,63
374931,63
650149,63
467223,63
47772,63
428799,63
627462,63
545521,63
525929,63
306675,63
142443,63
28101,63
622069,63
307607,63
96466,63
127930,63
653992,63
156700,63
350494,63
209885,63
600628,63
75173,63
56784,63
351200,63
256640,63
429394,63
175927,63
260346,63
640194,63
236572,63
324120,63
378491,63
374911,63
288549,63
194002,63
268971,63
611827,63
379218,63
336390,63
352696,63
390531,63
285496,63
231592,63
59645,63
640023,63
324701,63
689173,63
264156,63
692756,63
274236,63
510958,63
188769,63
54721,63
527134,63
350698,63
432380,63
549165,63
79107,63
290824,63
175707,63
328029,63
252784,63
191600,63
260979,63
337840,63
510174,63
664073,63
143746,63
564732,63
211822,63
324612,63
107855,63
493567,63
55662,63
24143,63
11799,63
622636,63
121274,63
183312,63
659338,63
303322,63
135246,63
43385,63
160831,63
189990,63
539892,63
423375,63
140801,63
208025,63
680602,63
8557,63
110420,63
41153,63
687772,63
13927,63
287173,63
479716,63
645423,63
476313,63
261459,63
26932,63
302063,63
507099,63
695768,63
587134,63
179530,63
162563,63
63477,63
611267,63
220393,63
582093,63
18518,63
61628,63
487568,63
387407,63
631594,63
525053,63
419356,63
72401,63
45789,63
387823,63
520835,63
326049,63
321794,63
435830,63
299762,63
35948,63
427560,63
211709,63
232418,63
372780,63
620704,63
383577,63
199312,63
660752,63
56659,63
400595,63
243569,63
31081,63
43077,63
698376,63
563952,63
416204,63
594235,63
264320,63
262116,63
358481,63
240283,63
575972,63
530128,63
118672,63
163054,63
18656,63
625924,63
518128,63
428351,63
451194,63
685430,63
181161,63
91343,63
20824,63
440707,63
674609,63
159129,63
405702,63
405407,63
302466,63
114256,63
483710,63
476955,63
137007,63
295575,63
256103,63
14313,63
76528,63
474538,63
680674,63
638080,63
613940,63
549189,63
672900,63
692226,63
666854,63
662249,63
474535,63
413366,63
149381,63
677932,63
31445,63
645443,63
110200,63
601182,63
316042,63
356745,63
377976,63
209693,63
141997,63
238177,63
121355,63
299842,63
147764,63
446972,63
601743,63
574460,63
245398,63
285207,63
346278,63
219830,63
130247,63
578903,63
521196,63
435703,63
628854,63
112936,63
329346,63
693042,63
353201,63
77651,63
51111,63
102162,63
37339,63
631940,63
675719,63
58913,63
557259,63
686242,63
123075,63
469218,63
84555,63
209734,63
563419,63
370387,63
289612,63
356969,63
674271,63
546955,63
29808,63
216111,63
395348,63
188770,63
288587,63
117162,63
544283,63
564354,63
401506,63
204097,63
695274,63
449151,63
697120,63
433938,63
54849,63
394060,63
443184,63
376210,63
131757,63
561427,63
674965,63
39959,63
343508,63
398174,63
143317,63
19305,63
538771,63
29611,63
565783,63
91987,63
242297,63
344912,63
592840,63
177018,63
490736,63
249464,63
80956,63
256622,63
461888,63
86659,63
283390,63
642085,63
445176,63
698379,63
623358,63
598509,63
61321,63
374204,63
561783,63
299255,63
69501,63
189561,63
466096,63
505219,63
667840,63
235279,63
198987,63
426088,63
244362,63
318101,63
473243,63
659186,63
443410,63
397608,63
595390,63
460687,63
563059,63
97273,63
658730,63
169315,63
332867,63
643566,63
648372,63
407888,63
308331,63
365060,63
254079,63
658615,63
155414,63
220417,63
598347,63
162017,63
639292,63
14924,63
354122,63
665843,63
306707,63
418103,63
28950,63
630095,63
205019,63
651178,63
155087,63
624213,63
667484,63
309265,63
54493,63
684986,63
177038,63
61032,63
498264,63
89340,63
427041,63
125502,63
556899,63
697403,63
691606,63
619751,63
661016,63
78516,63
598449,63
501381,63
405178,63
332249,63
369973,63
290489,63
195435,63
636557,63
344574,63
145326,63
665538,63
633061,63
612453,63
85277,63
82930,63
128140,63
50682,63
115655,63
297167,63
339379,63
244819,63
641958,63
619492,63
692294,63
513191,63
462839,63
452541,63
404335,63
514818,63
592568,63
251337,63
577090,63
186553,63
25962,63
234497,63
461938,63
663781,63
187124,63
640173,63
136240,63
640812,63
498613,63
661549,63
415258,63
601618,63
662406,63
336247,63
137920,63
121161,63
579994,63
638950,63
570260,63
271615,63
438147,63
469254,63
662206,63
583939,63
682625,63
606064,63
323965,63
641387,63
480410,63
224177,63
445248,63
164978,63
425072,63
29104,63
539861,63
120397,63
392640,63
471688,63
581981,63
540031,63
282637,63
378848,63
467243,63
308383,63
506066,63
30160,63
84405,63
594874,63
29548,63
161017,63
34993,63
134706,63
391940,63
124349,63
613299,63
316621,63
308572,63
386761,63
437518,63
104318,63
335509,63
6609,63
100533,63
240801,63
19069,63
451085,63
172582,63
662289,63
140799,63
213984,63
440832,63
41529,63
506525,63
583477,63
124329,63
604262,63
421,63
17988,63
564667,63
675451,63
162357,63
459282,63
23432,63
134036,63
60911,63
143714,63
133664,63
104808,63
227585,63
560395,63
378657,63
308471,63
58975,63
322041,63
201092,63
10184,63
601337,63
475069,63
261281,63
49362,63
254308,63
477298,63
334785,63
39237,63
533910,63
97142,63
469385,63
221105,63
207681,63
558514,63
146336,63
135942,63
389589,63
435637,63
620899,63
420695,63
509034,63
645050,63
323641,63
605558,63
392994,63
413670,63
424839,63
598634,63
149172,63
223469,63
305482,63
437588,63
630905,63
247758,63
641888,63
651732,63
312307,63
612895,63
224335,63
638984,63
221918,63
263807,63
319247,63
386577,63
274879,63
406835,63
160090,63
602055,63
391324,63
256951,63
579234,63
606800,63
110097,63
555408,63
82988,63
167405,63
445155,63
226323,63
477965,63
589513,63
626315,63
402068,63
648905,63
197946,63
128622,63
345893,63
24204,63
77272,63
671278,63
237186,63
388990,63
28974,63
584584,63
303622,63
396777,63
345495,63
191751,63
487645,63
37782,63
519715,63
660394,63
636891,63
475287,63
303527,63
169566,63
451500,63
680697,63
578506,63
171924,63
603208,63
26184,63
351388,63
87399,63
96434,63
299098,63
136639,63
86734,63
3504,63
456033,63
261905,63
9555,63
406120,63
189945,63
408557,63
602957,63
114579,63
279815,63
79189,63
81036,63
463285,63
307737,63
581336,63
40204,63
127399,63
73991,63
434605,63
285123,63
484126,63
572423,63
393999,63
434507,63
304104,63
127341,63
494221,63
402354,63
394899,63
187730,63
28770,63
283689,63
534268,63
245905,63
491138,63
387189,63
649902,63
322548,63
659447,63
532205,63
31246,63
24617,63
365407,63
383886,63
150065,63
194137,63
490598,63
404143,63
353105,63
349762,63
227479,63
135182,63
84108,63
77951,63
627446,63
637658,63
614783,63
127083,63
203120,63
509155,63
556784,63
81801,63
508283,63
561192,63
243728,63
84121,63
338845,63
177554,63
541543,63
671977,63
28279,63
583915,63
400825,63
455448,63
305961,63
357689,63
494034,63
311978,63
680336,63
564417,63
177659,63
580123,63
306555,63
506214,63
471862,63
331414,63
631544,63
229647,63
50490,63
528398,63
152069,63
283657,63
260540,63
234226,63
129152,63
667723,63
431470,63
420724,63
219019,63
155715,63
120916,63
581331,63
401620,63
545047,63
314310,63
358281,63
445989,63
399319,63
182563,63
596028,63
290664,63
590133,63
161073,63
11115,63
312934,63
398598,63
512294,63
339921,63
6810,63
83434,63
660031,63
631575,63
224941,63
33709,63
659224,63
641015,63
457089,63
503652,63
191193,63
561220,63
459530,63
298443,63
411231,63
416046,63
258302,63
683543,63
229463,63
297892,63
8064,63
355613,63
189808,63
614270,63
370987,63
276889,63
665495,63
609914,63
498241,63
599014,63
617514,63
366235,63
298583,63
267182,63
464205,63
86089,63
317698,63
374086,63
39262,63
315629,63
123002,63
455075,63
385136,63
7307,63
110774,63
526161,63
21828,63
390207,63
1813,63
263407,63
655036,63
440446,63
499947,63
296894,63
451243,63
448895,63
520394,63
175369,63
338795,63
441356,63
114643,63
282026,63
271078,63
266364,63
301670,63
443572,63
276315,63
149940,63
195503,63
531605,63
441085,63
597565,63
390273,63
573520,63
69102,63
638934,63
71539,63
20946,63
245774,63
266005,63
570390,63
319822,63
194795,63
344632,63
691650,63
7560,63
505713,63
284330,63
551818,63
414579,63
641391,63
464808,63
559495,63
526266,63
564350,63
616083,63
634948,63
277832,63
625040,63
573843,63
590037,63
287334,63
180742,63
142092,63
54266,63
162728,63
391153,63
452971,63
688133,63
428544,63
392578,63
169023,63
184677,63
643141,63
623980,63
329064,63
695043,63
630250,63
137396,63
495810,63
289169,63
619691,63
579807,63
287127,63
462650,63
22312,63
233917,63
278428,63
509733,63
689902,63
15088,63
356781,63
13193,63
249965,63
450388,63
259649,63
604765,63
693054,63
201772,63
409728,63
384725,63
506109,63
202258,63
54743,63
174475,63
399117,63
153419,63
277833,63
270156,63
283486,63
731,63
68391,63
335252,63
651350,63
443980,63
183124,63
477506,63
368534,63
630909,63
329829,63
94644,63
461152,63
531926,63
530846,63
645646,63
203023,63
414003,63
521338,63
424532,63
218994,63
523102,63
481653,63
119875,63
591214,63
214967,63
686198,63
281462,63
258136,63
521154,63
58205,63
508524,63
683211,63
235686,63
601882,63
295128,63
380806,63
44366,63
485800,63
562834,63
435172,63
111170,63
76809,63
378733,63
650684,63
251836,63
298977,63
661036,63
329503,63
458048,63
149696,63
540265,63
218185,63
590587,63
510551,63
648642,63
501994,63
167634,63
446791,63
534306,63
557991,63
279792,63
39271,63
15512,63
329878,63
166854,63
441478,63
127106,63
406903,63
371401,63
327025,63
313053,63
90369,63
293547,63
165725,63
477421,63
163152,63
165409,63
444895,63
259142,63
402934,63
552902,63
185739,63
316079,63
209343,63
55833,63
610952,63
61775,63
583150,63
541994,63
133363,63
205402,63
265776,63
222163,63
13899,63
417301,63
509563,63
263341,63
459119,63
171482,63
538967,63
243580,63
72524,63
144297,63
83652,63
489571,63
397486,63
454431,63
665676,63
560458,63
500402,63
296203,63
534432,63
11184,63
561106,63
42465,63
78442,63
240006,63
95009,63
536417,63
126208,63
213027,63
39031,63
80176,63
43790,63
27871,63
651925,63
675974,63
318152,63
151836,63
559417,63
88469,63
125152,63
369606,63
117283,63
538829,63
352954,63
656826,63
595153,63
2472,63
206464,63
606999,63
162879,63
239168,63
269786,63
525409,63
676664,63
686882,63
554679,63
49716,63
396262,63
632456,63
137626,63
207221,63
322009,63
495251,63
447775,63
321952,63
522817,63
318597,63
149653,63
226919,63
361739,63
325236,63
657766,63
554854,63
674475,63
408017,63
562276,63
590695,63
204079,63
627547,63
514372,63
253767,63
696169,63
502864,63
497427,63
357810,63
200783,63
19893,63
354235,63
460567,63
190484,63
668436,63
109092,63
667856,63
643866,63
325886,63
371830,63
509480,63
591918,63
642314,63
603833,63
513252,63
609876,63
323454,63
595871,63
49082,63
269765,63
439616,63
517219,63
555160,63
268570,63
589493,63
671722,63
239595,63
567465,63
37981,63
457166,63
640785,63
109312,63
219657,63
176186,63
662055,63
510821,63
665164,63
264561,63
251676,63
307007,63
65151,63
674627,63
578187,63
134711,63
542912,63
182966,63
263340,63
691957,63
639338,63
575330,63
183346,63
360195,63
482922,63
304343,63
647995,63
509789,63
291990,63
432879,63
298444,63
193475,63
552187,63
99354,63
290822,63
88195,63
677074,63
396283,63
174296,63
318649,63
41319,63
422362,63
252909,63
414961,63
695049,63
657103,63
205949,63
39554,63
580012,63
621601,63
101051,63
683714,63
72665,63
222514,63
540387,63
183257,63
585897,63
355937,63
520131,63
362416,63
237183,63
345191,63
517805,63
94408,63
691248,63
257956,63
83951,63
99570,63
554773,63
553522,63
328810,63
237788,63
113369,63
308241,63
124752,63
279952,63
610070,63
229785,63
653769,63
344651,63
409533,63
493052,63
661558,63
337792,63
647348,63
190148,63
136459,63
695446,63
423756,63
648460,63
459162,63
194305,63
72503,63
537334,63
200029,63
267743,63
418819,63
297744,63
14643,63
213900,63
462073,63
655914,63
133811,63
241297,63
95915,63
77940,63
547498,63
64462,63
438378,63
361726,63
495898,63
593959,63
529100,63
650356,63
114540,63
628732,63
512247,63
194083,63
384952,63
41346,63
588622,63
418833,63
565773,63
488738,63
266327,63
408048,63
123855,63
554927,63
507845,63
475055,63
490557,63
557544,63
340578,63
254288,63
575493,63
141078,63
280109,63
278922,63
495952,63
596360,63
116377,63
547710,63
130512,63
520550,63
154993,63
33596,63
580532,63
269108,63
161755,63
346701,63
400313,63
106866,63
296409,63
572984,63
485104,63
563981,63
686482,63
412427,63
522841,63
238427,63
633467,63
612666,63
71294,63
536636,63
104670,63
332120,63
250967,63
31879,63
535462,63
363018,63
35234,63
659074,63
416834,63
659528,63
546710,63
133242,63
591556,63
636972,63
105359,63
507432,63
372920,63
400225,63
327178,63
288316,63
515531,63
346897,63
63932,63
216420,63
223297,63
485059,63
259153,63
147334,63
292920,63
340380,63
539091,63
322052,63
179349,63
607862,63
27536,63
540788,63
607183,63
127718,63
108618,63
506444,63
85048,63
548410,63
646990,63
23275,63
531863,63
599342,63
520254,63
377689,63
579545,63
125584,63
287225,63
610750,63
621886,63
81030,63
184376,63
473884,63
560751,63
623957,63
138433,63
258661,63
283738,63
645677,63
132601,63
390357,63
2156,63
288068,63
526196,63
223851,63
584585,63
366723,63
169357,63
348010,63
129721,63
134684,63
639042,63
17273,63
308259,63
302305,63
118040,63
213712,63
295027,63
21440,63
63079,63
152881,63
14542,63
189671,63
100199,63
278889,63
527831,63
560185,63
239602,63
173252,63
308989,63
259756,63
174341,63
304369,63
180720,63
288126,63
656790,63
629836,63
638480,63
688264,63
17237,63
606151,63
89588,63
428207,63
248861,63
95273,63
336666,63
53758,63
181421,63
676283,63
609136,63
550587,63
693160,63
75420,63
267857,63
359002,63
515451,63
304116,63
268984,63
503550,63
240606,63
140267,63
272114,63
544038,63
284255,63
267345,63
589568,63
59025,63
552547,63
107867,63
129582,63
4564,63
277804,63
611370,63
357913,63
104045,63
299283,63
465444,63
209131,63
405970,63
171771,63
597167,63
341081,63
63135,63
210245,63
112707,63
525214,63
339935,63
530413,63
374052,63
380977,63
420159,63
643527,63
196732,63
9917,63
355383,63
157388,63
268395,63
569365,63
533514,63
112605,63
157845,63
242668,63
12742,63
25256,63
161926,63
616522,63
274518,63
200268,63
190981,63
88896,63
356828,63
13843,63
244366,63
478573,63
513737,63
224737,63
247155,63
679881,63
345717,63
205750,63
409557,63
558052,63
406971,63
433464,63
552445,63
503958,63
359183,63
306533,63
283589,63
170373,63
473709,63
644132,63
256802,63
651844,63
307328,63
204673,63
342352,63
628410,63
667165,63
103525,63
588054,63
468309,63
286803,63
360226,63
465619,63
678716,63
309066,63
130876,63
281028,63
363880,63
249747,63
402293,63
121973,63
63424,63
460988,63
510957,63
559410,63
114577,63
449071,63
102499,63
230441,63
338107,63
74740,63
582951,63
60389,63
286587,63
523626,63
578820,63
472277,63
604554,63
621859,63
672557,63
435470,63
554653,63
10638,63
443936,63
28372,63
232781,63
336160,63
281096,63
185083,63
436800,63
569888,63
198485,63
7711,63
595497,63
645254,63
583594,63
451463,63
578380,63
699235,63
487231,63
341589,63
55337,63
230992,63
450386,63
696038,63
653236,63
556886,63
664525,63
636218,63
602825,63
588226,63
207945,63
374175,63
102567,63
608655,63
67131,63
234295,63
294311,63
329430,63
511894,63
513898,63
569202,63
346208,63
206914,63
531293,63
10792,63
21334,63
580665,63
421946,63
512828,63
254857,63
337135,63
188248,63
448637,63
439305,63
357895,63
249328,63
561054,63
457913,63
9190,63
250526,63
612239,63
668050,63
500341,63
96616,63
651130,63
563999,63
249360,63
9054,63
488784,63
590948,63
264491,63
696328,63
286205,63
28869,63
207600,63
107501,63
179426,63
241001,63
612178,63
103287,63
190776,63
666855,63
95867,63
6566,63
672182,63
543777,63
451724,63
564503,63
55718,63
231239,63
445337,63
686175,63
482476,63
579161,63
471509,63
341536,63
259646,63
598548,63
555631,63
221854,63
366495,63
11525,63
486055,63
278114,63
683533,63
616423,63
251163,63
58372,63
314871,63
149758,63
219802,63
349999,63
588877,63
449664,63
7233,63
106029,63
449568,63
507937,63
185732,63
237117,63
579056,63
598924,63
486537,63
531189,63
397836,63
104511,63
540019,63
458744,63
458897,63
132981,63
203960,63
146604,63
170091,63
506098,63
554595,63
135448,63
438211,63
318495,63
355295,63
303962,63
455076,63
53299,63
531021,63
595807,63
98582,63
33957,63
480004,63
517809,63
306060,63
51419,63
551298,63
628805,63
474639,63
267773,63
343743,63
241959,63
179385,63
276894,63
183990,63
554463,63
232806,63
195754,63
459015,63
174549,63
511426,63
62981,63
449388,63
45899,63
462877,63
451061,63
42377,63
587144,63
374589,63
32648,63
207346,63
573894,63
626506,63
14952,63
489316,63
190948,63
332130,63
515891,63
644234,63
373721,63
110545,63
303635,63
616731,63
669460,63
410982,63
393991,63
159521,63
26303,63
555647,63
653419,63
268638,63
537151,63
496175,63
545839,63
366153,63
433771,63
81812,63
352140,63
93642,63
266120,63
645288,63
336387,63
16954,63
680768,63
674305,63
552494,63
287930,63
468449,63
361824,63
264687,63
483413,63
469318,63
127837,63
485398,63
15368,63
549993,63
300250,63
422299,63
74027,63
267673,63
668565,63
654618,63
698039,63
663827,63
76280,63
60411,63
46002,63
498861,63
618058,63
303767,63
598966,63
145486,63
485823,63
83788,63
426529,63
55787,63
4322,63
299485,63
454133,63
332177,63
695313,63
686001,63
122295,63
275355,63
484470,63
157688,63
17130,63
517605,63
7394,63
409021,63
419862,63
530003,63
612535,63
181404,63
218844,63
682293,63
312853,63
673202,63
534072,63
641392,63
198793,63
679982,63
317441,63
43772,63
295253,63
34599,63
646981,63
283823,63
193979,63
114404,63
507838,63
532368,63
493767,63
603064,63
18745,63
265361,63
17755,63
319813,63
493336,63
200478,63
626119,63
279826,63
142850,63
132404,63
309292,63
459999,63
396353,63
59578,63
522945,63
324691,63
34154,63
679498,63
174671,63
562680,63
74110,63
253211,63
596298,63
550382,63
370175,63
468487,63
558168,63
604575,63
6358,63
645967,63
265333,63
304496,63
457056,63
601659,63
536303,63
690753,63
517112,63
446801,63
184800,63
332298,63
62974,63
344056,63
17156,63
466782,63
554076,63
474296,63
622249,63
547704,63
222279,63
42936,63
163136,63
212438,63
642299,63
523477,63
32724,63
207253,63
253048,63
26565,63
188639,63
613861,63
227364,63
322698,63
73785,63
640931,63
91443,63
559490,63
310062,63
212461,63
54299,63
271489,63
169811,63
637064,63
57378,63
343558,63
656134,63
106422,63
414779,63
129860,63
649864,63
213976,63
282642,63
261362,63
176616,63
195197,63
504351,63
196225,63
269384,63
403723,63
407646,63
630218,63
420946,63
436347,63
525609,63
676953,63
99502,63
633881,63
30281,63
289527,63
561064,63
404241,63
41460,63
103268,63
313909,63
93649,63
338460,63
485307,63
273922,63
273796,63
609140,63
427797,63
688758,63
118441,63
277159,63
401184,63
310129,63
3958,63
206522,63
4213,63
353091,63
165165,63
642113,63
353262,63
513163,63
656774,63
239206,63
607604,63
5314,63
411781,63
599473,63
136544,63
419389,63
199369,63
118857,63
450017,63
534716,63
503994,63
249904,63
217896,63
42409,63
655969,63
686305,63
463272,63
579425,63
212564,63
377898,63
611976,63
677709,63
665422,63
70978,63
362594,63
643407,63
426099,63
647966,63
690329,63
114947,63
478023,63
238291,63
668990,63
521407,63
544184,63
388814,63
274794,63
452993,63
496986,63
568570,63
333700,63
466601,63
461778,63
320853,63
40517,63
165960,63
590660,63
475429,63
562409,63
669315,63
19043,63
280277,63
338950,63
133109,63
116700,63
633295,63
79569,63
405277,63
533720,63
254751,63
345184,63
464508,63
474439,63
360459,63
355738,63
434317,63
545293,63
54481,63
77123,63
200936,63
328780,63
171951,63
637465,63
330064,63
124633,63
245095,63
16327,63
278121,63
617008,63
462820,63
442028,63
424903,63
54124,63
461482,63
94305,63
590273,63
628053,63
545310,63
199996,63
653095,63
508910,63
669345,63
634963,63
406317,63
420007,63
338423,63
617516,63
357326,63
309170,63
426159,63
239752,63
237350,63
380792,63
35434,63
162819,63
431453,63
205057,63
369565,63
536940,63
149642,63
436844,63
268968,63
444025,63
526578,63
628194,63
521729,63
132753,63
5917,63
485391,63
693846,63
148856,63
640177,63
107530,63
250049,63
593627,63
324789,63
35335,63
530557,63
355030,63
219043,63
241137,63
346535,63
364026,63
233787,63
219422,63
561700,63
21265,63
8254,63
65755,63
308512,63
636590,63
429304,63
402689,63
63084,63
12146,63
153144,63
128549,63
411722,63
155339,63
557901,63
633406,63
400026,63
676763,63
195630,63
305211,63
273275,63
469355,63
210726,63
308784,63
91888,63
314982,63
234965,63
598411,63
560562,63
524841,63
668999,63
43068,63
595673,63
68852,63
543781,63
180777,63
163022,63
77121,63
106220,63
210192,63
229750,63
692840,63
66558,63
107940,63
3451,63
691437,63
563107,63
313200,63
59868,63
357033,63
64390,63
320150,63
247287,63
183715,63
289341,63
590408,63
5316,63
686761,63
43152,63
320300,63
631846,63
404014,63
256158,63
112260,63
291362,63
579890,63
259535,63
273335,63
453771,63
281712,63
365704,63
606577,63
194888,63
602887,63
316061,63
530395,63
637885,63
244161,63
21326,63
108380,63
237592,63
10580,63
452823,63
545604,63
409184,63
446294,63
432043,63
411963,63
355504,63
246665,63
322239,63
350895,63
522836,63
275475,63
663389,63
216021,63
194370,63
571504,63
129797,63
332911,63
601915,63
625830,63
225397,63
59930,63
278276,63
278975,63
230392,63
210683,63
545202,63
179363,63
575008,63
186766,63
175249,63
171242,63
375267,63
448818,63
207666,63
204633,63
292456,63
270195,63
265659,63
547924,63
51343,63
585594,63
236474,63
191433,63
476627,63
625343,63
69204,63
93731,63
624805,63
126246,63
73355,63
236184,63
595122,63
153138,63
555938,63
53807,63
510853,63
309680,63
356043,63
161310,63
639513,63
479888,63
406441,63
628461,63
303726,63
693023,63
358441,63
314574,63
560308,63
179222,63
144779,63
446825,63
558924,63
145685,63
134197,63
415578,63
609449,63
561153,63
484767,63
127741,63
284755,63
25525,63
91633,63
386088,63
541365,63
206301,63
120065,63
67588,63
200778,63
425962,63
203365,63
221389,63
210507,63
504511,63
666157,63
64866,63
188469,63
128031,63
269888,63
255062,63
553555,63
481054,63
662714,63
551340,63
320756,63
641456,63
615099,63
37876,63
463966,63
424314,63
388757,63
563443,63
486842,63
262561,63
22272,63
522248,63
310758,63
617690,63
690962,63
74907,63
133092,63
263734,63
77302,63
327093,63
662329,63
176383,63
687253,63
524286,63
630553,63
418999,63
686711,63
311233,63
331129,63
525452,63
88209,63
64734,63
649986,63
657042,63
584098,63
71209,63
372532,63
496829,63
364677,63
177733,63
235443,63
439232,63
161333,63
55742,63
372225,63
588397,63
532113,63
436972,63
545227,63
49250,63
21362,63
656514,63
360552,63
85051,63
693665,63
330932,63
564309,63
61916,63
590543,63
681699,63
433253,63
652901,63
698082,63
445422,63
448945,63
430312,63
482888,63
210989,63
311170,63
446538,63
299965,63
661119,63
411245,63
599956,63
348850,63
122149,63
590167,63
534676,63
652044,63
237121,63
407770,63
413104,63
448184,63
52673,63
70419,63
621615,63
509742,63
403131,63
23276,63
308232,63
467434,63
62934,63
484940,63
588436,63
397250,63
546748,63
163176,63
367291,63
554097,63
16423,63
140155,63
259544,63
508789,63
10992,63
463433,63
671251,63
276668,63
176562,63
467156,63
393628,63
536753,63
66454,63
213816,63
433231,63
370323,63
579569,63
640168,63
479304,63
250079,63
623015,63
45401,63
351240,63
402174,63
14167,63
630091,63
561083,63
511786,63
301278,63
396844,63
493847,63
694298,63
615609,63
602588,63
472731,63
398646,63
355441,63
684307,63
163689,63
403458,63
83780,63
387866,63
338796,63
359914,63
681685,63
453333,63
507499,63
195224,63
388130,63
435387,63
326071,63
239942,63
242850,63
616367,63
501606,63
341366,63
12819,63
414724,63
638573,63
677910,63
69521,63
466690,63
450157,63
401527,63
392267,63
654851,63
587440,63
162590,63
328403,63
497677,63
52415,63
335909,63
426195,63
266133,63
553624,63
9477,63
685881,63
521129,63
253267,63
68252,63
127043,63
350326,63
245665,63
113184,63
503701,63
167859,63
572319,63
485185,63
151737,63
566934,63
462448,63
340404,63
523183,63
443662,63
131907,63
247767,63
218585,63
687259,63
692487,63
419551,63
596103,63
571525,63
576305,63
587365,63
459590,63
520158,63
658278,63
358306,63
303304,63
174024,63
218928,63
230055,63
320154,63
451217,63
168503,63
375943,63
133554,63
464733,63
627260,63
685257,63
450101,63
109057,63
103808,63
44113,63
624254,63
140729,63
348113,63
522781,63
20102,63
664999,63
105507,63
151962,63
307381,63
694401,63
420313,63
520427,63
431940,63
468702,63
617739,63
115241,63
485668,63
62642,63
625997,63
171753,63
474172,63
251203,63
419665,63
632733,63
223292,63
420586,63
629997,63
501813,63
284930,63
698375,63
140112,63
285277,63
259792,63
416467,63
127169,63
312575,63
232603,63
510422,63
452627,63
31790,63
107364,63
430611,63
590826,63
382855,63
550157,63
523874,63
696573,63
170494,63
632517,63
153303,63
474311,63
633300,63
659613,63
196465,63
685839,63
193013,63
243613,63
111163,63
91503,63
156856,63
35810,63
6261,63
698758,63
442890,63
632668,63
456100,63
656954,63
334108,63
199763,63
155264,63
272898,63
346299,63
129976,63
108243,63
89457,63
568638,63
370076,63
395601,63
52234,63
34372,63
546218,63
338901,63
118279,63
605647,63
19860,63
681040,63
616732,63
509125,63
587455,63
593723,63
486025,63
191786,63
48230,63
56931,63
107844,63
298546,63
115582,63
466095,63
531352,63
256665,63
634985,63
685451,63
611357,63
218103,63
357435,63
523730,63
267917,63
693388,63
636325,63
385268,63
516749,63
604634,63
290460,63
332716,63
171949,63
556742,63
266476,63
486532,63
102655,63
638809,63
664693,63
649540,63
683444,63
501905,63
363141,63
120845,63
256046,63
317705,63
456385,63
384522,63
163116,63
265565,63
424686,63
324717,63
275328,63
319333,63
52175,63
55005,63
254354,63
649561,63
49198,63
81948,63
357693,63
644431,63
26358,63
45382,63
432216,63
486885,63
367268,63
162705,63
698251,63
83837,63
600266,63
234840,63
284468,63
222278,63
228189,63
142616,63
37359,63
64703,63
144075,63
445781,63
229133,63
679561,63
34317,63
492703,63
126611,63
397796,63
201292,63
5800,63
256432,63
470427,63
606774,63
194648,63
616336,63
541920,63
46053,63
93057,63
124169,63
644971,63
245559,63
330845,63
185390,63
147609,63
45692,63
79071,63
300141,63
579350,63
226635,63
645901,63
216737,63
618095,63
456431,63
293116,63
649514,63
51573,63
688841,63
270690,63
620908,63
329023,63
286310,63
414263,63
445340,63
184936,63
470081,63
146483,63
697241,63
157692,63
159450,63
397387,63
274318,63
551281,63
82455,63
634984,63
125207,63
525745,63
114265,63
159865,63
120797,63
87911,63
434585,63
616405,63
399748,63
339797,63
420108,63
517197,63
411762,63
76831,63
282766,63
660838,63
207810,63
305077,63
388318,63
294514,63
412862,63
686987,63
597633,63
135146,63
286805,63
105775,63
9478,63
377925,63
449144,63
463152,63
586959,63
390289,63
425127,63
28611,63
477366,63
633018,63
568672,63
673045,63
482365,63
61013,63
539865,63
468319,63
274126,63
15076,63
445791,63
366376,63
661192,63
4512,63
462025,63
287017,63
181749,63
676819,63
445728,63
539596,63
128224,63
554043,63
177324,63
665766,63
356066,63
524420,63
539056,63
337518,63
24590,63
463040,63
247788,63
608578,63
38506,63
528283,63
282973,63
624890,63
573138,63
13619,63
550766,63
290556,63
393571,63
340784,63
689293,63
404081,63
119089,63
336941,63
154231,63
663159,63
427266,63
207356,63
7297,63
564653,63
64046,63
153260,63
250033,63
395789,63
299254,63
184681,63
352759,63
303012,63
664769,63
466360,63
553181,63
206987,63
48081,63
317671,63
677170,63
4439,63
95452,63
289421,63
120059,63
305418,63
648758,63
381931,63
371614,63
565924,63
552502,63
479448,63
369963,63
437377,63
158377,63
665624,63
35806,63
172309,63
291706,63
412213,63
102044,63
634541,63
154695,63
631093,63
613904,63
612336,63
366459,63
487019,63
218705,63
442371,63
231021,63
634679,63
259949,63
656611,63
571307,63
420594,63
324891,63
103475,63
175944,63
556384,63
251471,63
645313,63
106482,63
182663,63
681274,63
18579,63
79541,63
550558,63
220288,63
596436,63
137463,63
570391,63
281570,63
39447,63
605342,63
552518,63
605573,63
405195,63
418832,63
239591,63
586047,63
577638,63
273202,63
418297,63
323742,63
174617,63
616508,63
503362,63
102188,63
586202,63
623321,63
92747,63
296895,63
133937,63
260261,63
436738,63
29175,63
150294,63
568563,63
47271,63
127377,63
232503,63
672567,63
61382,63
173679,63
486425,63
319032,63
139896,63
166408,63
566192,63
391370,63
312813,63
247553,63
637815,63
350629,63
184668,63
681809,63
170133,63
587040,63
131249,63
398887,63
253389,63
67487,63
331539,63
636351,63
192481,63
355621,63
140453,63
579718,63
488707,63
556580,63
493572,63
474744,63
95447,63
445580,63
90216,63
1110,63
533520,63
42760,63
250531,63
449401,63
340224,63
655246,63
548610,63
673592,63
378478,63
285354,63
67136,63
430908,63
55470,63
355875,63
679657,63
24361,63
639840,63
481992,63
86671,63
228288,63
632861,63
208297,63
345652,63
435295,63
158505,63
648761,63
528782,63
191797,63
270005,63
305087,63
65744,63
297029,63
18428,63
357017,63
106700,63
417625,63
104797,63
454763,63
343350,63
269516,63
653401,63
467394,63
306845,63
221304,63
653453,63
200215,63
385209,63
669888,63
642633,63
685828,63
654045,63
342931,63
483107,63
592850,63
387075,63
494196,63
147929,63
27094,63
434944,63
627883,63
580916,63
224246,63
122156,63
335910,63
661270,63
152644,63
284541,63
341316,63
496788,63
150448,63
520963,63
269104,63
536607,63
430038,63
132402,63
457905,63
412887,63
326020,63
678007,63
93849,63
8823,63
32055,63
54525,63
403657,63
468678,63
456108,63
163195,63
582622,63
428350,63
656906,63
373592,63
637181,63
284726,63
326307,63
158088,63
228749,63
379921,63
194586,63
328825,63
625359,63
417834,63
277341,63
531616,63
393947,63
414416,63
672385,63
22419,63
201573,63
107736,63
646869,63
30637,63
337708,63
30511,63
552437,63
462029,63
41978,63
139908,63
174624,63
235218,63
97779,63
415195,63
322179,63
555885,63
643356,63
487671,63
380590,63
69602,63
390291,63
371178,63
396748,63
65376,63
365617,63
154563,63
380144,63
155354,63
327153,63
574701,63
575137,63
289689,63
360714,63
481571,63
303839,63
656553,63
418400,63
690731,63
357174,63
148408,63
378926,63
233667,63
363078,63
513236,63
451076,63
631002,63
425080,63
505124,63
52626,63
281093,63
115422,63
161733,63
90399,63
47363,63
178871,63
501702,63
187742,63
458495,63
73234,63
445022,63
93967,63
146884,63
431962,63
252071,63
476175,63
592575,63
451108,63
323497,63
160224,63
412829,63
70119,63
338896,63
485144,63
95661,63
449635,63
240086,63
349571,63
688536,63
58128,63
468921,63
608550,63
358483,63
187788,63
270579,63
58454,63
316706,63
373896,63
26489,63
400742,63
638517,63
285295,63
56680,63
270515,63
298009,63
216458,63
87140,63
545051,63
39023,63
216443,63
457554,63
312453,63
393598,63
219353,63
459889,63
689229,63
158476,63
611735,63
496649,63
620673,63
602063,63
191065,63
211581,63
230216,63
309185,63
520878,63
185300,63
544718,63
492005,63
195951,63
175089,63
485328,63
174461,63
571426,63
400821,63
292811,63
400673,63
271080,63
427614,63
676670,63
79329,63
348128,63
327094,63
1884,63
643809,63
167901,63
558477,63
80282,63
274115,63
611288,63
159608,63
31145,63
388789,63
571505,63
77005,63
562617,63
98234,63
668382,63
598114,63
95706,63
568766,63
672620,63
668280,63
386497,63
446139,63
175469,63
87262,63
54190,63
211042,63
582800,63
679140,63
546866,63
64625,63
92029,63
559454,63
265812,63
203865,63
381141,63
124629,63
426542,63
570687,63
626555,63
273337,63
411020,63
399986,63
486356,63
228341,63
355812,63
329550,63
140040,63
206740,63
597554,63
689998,63
499424,63
267287,63
212116,63
457288,63
51047,63
246395,63
55209,63
618888,63
647249,63
143421,63
506669,63
134550,63
100544,63
368219,63
477847,63
223132,63
49153,63
71305,63
675438,63
29874,63
47537,63
501024,63
492723,63
569253,63
469099,63
435453,63
358714,63
32510,63
469492,63
100046,63
409057,63
121509,63
143964,63
633307,63
474871,63
335961,63
209142,63
110978,63
92243,63
363173,63
618610,63
35109,63
438460,63
624943,63
353181,63
527775,63
212962,63
347056,63
190608,63
255955,63
508417,63
275358,63
9129,63
349691,63
678765,63
180369,63
232582,63
687602,63
522586,63
439507,63
604957,63
696003,63
201501,63
341554,63
182125,63
339860,63
655316,63
438416,63
379166,63
641966,63
183771,63
300492,63
346990,63
651813,63
633074,63
262351,63
23085,63
336550,63
428357,63
543429,63
426829,63
65509,63
440818,63
302074,63
243305,63
459703,63
242901,63
545248,63
361776,63
5864,63
11044,63
501429,63
216450,63
98604,63
623659,63
125525,63
61981,63
628992,63
363507,63
201903,63
394360,63
96892,63
597397,63
322167,63
232726,63
1149,63
150476,63
39312,63
212802,63
504553,63
681892,63
32609,63
58932,63
671515,63
58611,63
141905,63
95408,63
5743,63
348176,63
566352,63
427997,63
162299,63
466341,63
327271,63
571114,63
294522,63
503987,63
465770,63
338739,63
278683,63
666319,63
288247,63
125345,63
679414,63
506844,63
382042,63
14704,63
305733,63
3288,63
582957,63
516919,63
630207,63
383440,63
534478,63
693635,63
260000,63
218734,63
150838,63
475672,63
106495,63
10830,63
336960,63
320363,63
330422,63
659634,63
234409,63
421561,63
402506,63
490457,63
247980,63
510392,63
341522,63
117781,63
482596,63
336606,63
534712,63
655094,63
499612,63
222044,63
76701,63
431378,63
291767,63
359395,63
188014,63
145229,63
130257,63
320858,63
13375,63
103388,63
96113,63
94291,63
558742,63
340543,63
348278,63
155274,63
478258,63
518872,63
1626,63
631726,63
7323,63
221774,63
91211,63
289297,63
293580,63
204889,63
592416,63
428514,63
276430,63
539682,63
315060,63
219558,63
321230,63
656788,63
538105,63
172478,63
438847,63
159935,63
88944,63
446559,63
147442,63
663468,63
57123,63
88008,63
314912,63
374738,63
41179,63
257184,63
461397,63
234954,63
642303,63
62865,63
374021,63
535850,63
240400,63
562012,63
253568,63
360790,63
84103,63
311870,63
290891,63
637496,63
690295,63
314793,63
1111,63
24534,63
201461,63
124635,63
37172,63
86996,63
292820,63
235144,63
561377,63
411664,63
673429,63
280141,63
49843,63
485227,63
60036,63
133750,63
179110,63
537262,63
120135,63
70008,63
421825,63
122320,63
515683,63
278881,63
328190,63
134368,63
212397,63
195717,63
487547,63
665753,63
567828,63
464014,63
434101,63
672082,63
67839,63
651057,63
488114,63
226746,63
69212,63
329338,63
378575,63
460032,63
375455,63
255183,63
447070,63
673020,63
288959,63
9048,63
92887,63
113291,63
487108,63
204585,63
581994,63
191093,63
43353,63
541868,63
489455,63
499295,63
236717,63
43416,63
77728,63
291193,63
121848,63
687124,63
25292,63
383277,63
86639,63
127390,63
314538,63
275301,63
17475,63
333496,63
533168,63
70667,63
649014,63
191445,63
472744,63
45501,63
421996,63
126022,63
342983,63
531980,63
172386,63
218105,63
141174,63
257701,63
377319,63
332364,63
514538,63
403828,63
597073,63
387654,63
142586,63
224716,63
51587,63
681057,63
484185,63
279101,63
398349,63
233803,63
32115,63
502229,63
622443,63
689406,63
241540,63
515594,63
51137,63
218740,63
63200,63
60515,63
638619,63
566576,63
362333,63
143841,63
445469,63
240371,63
56666,63
630799,63
415321,63
34443,63
396496,63
458533,63
144562,63
397149,63
419286,63
329873,63
623423,63
15036,63
135023,63
618240,63
276309,63
654463,63
68828,63
113070,63
484445,63
318118,63
443702,63
522917,63
139262,63
163349,63
526891,63
546101,63
561111,63
288101,63
696368,63
600759,63
370122,63
696844,63
105982,63
285324,63
627242,63
512749,63
286008,63
376100,63
287491,63
126337,63
639039,63
439615,63
422455,63
139350,63
610759,63
588216,63
298516,63
143785,63
561855,63
193716,63
585272,63
167997,63
582026,63
233853,63
344352,63
608647,63
697641,63
283520,63
84313,63
29926,63
295540,63
285471,63
541369,63
386049,63
614144,63
233331,63
636108,63
77128,63
388689,63
240326,63
169154,63
373985,63
573235,63
563960,63
314701,63
392477,63
308933,63
247402,63
474589,63
68886,63
658360,63
698471,63
61157,63
583963,63
424995,63
422981,63
565925,63
505592,63
94930,63
606370,63
75452,63
569485,63
561579,63
560633,63
11980,63
8017,63
142975,63
562060,63
544333,63
325769,63
129380,63
49102,63
58007,63
462677,63
134180,63
598360,63
356957,63
435355,63
362360,63
103466,63
628814,63
578045,63
269030,63
162447,63
163832,63
76144,63
614978,63
262386,63
352517,63
377128,63
305530,63
603030,63
226970,63
694267,63
681347,63
205665,63
256114,63
352703,63
621712,63
196375,63
421839,63
350039,63
575011,63
366075,63
311844,63
404913,63
190639,63
687277,63
6853,63
610474,63
300431,63
354214,63
110029,63
620640,63
445598,63
594786,63
238534,63
134039,63
539559,63
651486,63
515450,63
636249,63
672568,63
161624,63
229622,63
610443,63
454326,63
229842,63
596841,63
40174,63
592189,63
482812,63
222947,63
542086,63
90536,63
285140,63
654502,63
22609,63
545483,63
541589,63
62432,63
575748,63
67010,63
184158,63
556070,63
327104,63
557414,63
357736,63
73130,63
232642,63
476109,63
362961,63
280734,63
88015,63
688537,63
431376,63
246473,63
178991,63
187727,63
252949,63
345722,63
251798,63
258875,63
623690,63
373480,63
515524,63
648686,63
363346,63
576565,63
454525,63
56442,63
696856,63
527203,63
643880,63
9747,63
492320,63
432123,63
323203,63
500233,63
125323,63
31762,63
549027,63
430100,63
58924,63
536478,63
178752,63
390022,63
446888,63
503546,63
369741,63
96596,63
487339,63
11399,63
667113,63
118288,63
43341,63
381035,63
364467,63
125080,63
15974,63
616725,63
325329,63
186189,63
449564,63
521459,63
591331,63
167775,63
42274,63
211442,63
13648,63
549288,63
381903,63
19356,63
334950,63
142881,63
336497,63
217969,63
396706,63
378571,63
669162,63
306807,63
501732,63
174487,63
231258,63
475315,63
672334,63
149536,63
376837,63
489657,63
678411,63
408335,63
147147,63
43140,63
635729,63
8369,63
217776,63
267396,63
459962,63
532564,63
489298,63
581863,63
18483,63
582741,63
545052,63
480635,63
186564,63
537630,63
197693,63
554325,63
694604,63
86791,63
354628,63
574775,63
695997,63
132990,63
11030,63
591220,63
111696,63
559103,63
278801,63
362423,63
75028,63
506611,63
392956,63
493039,63
594361,63
223588,63
153283,63
628807,63
312694,63
664362,63
189942,63
505215,63
131270,63
187513,63
357162,63
171297,63
434332,63
399723,63
533997,63
63414,63
440613,63
162470,63
314000,63
233228,63
43785,63
182852,63
92456,63
111548,63
292242,63
132001,63
249769,63
142147,63
518411,63
94956,63
592335,63
210945,63
584877,63
501629,63
549272,63
114524,63
3696,63
339751,63
244814,63
75708,63
82232,63
370213,63
658666,63
54688,63
256880,63
598637,63
363847,63
20893,63
656167,63
677369,63
490157,63
666042,63
564194,63
304574,63
421582,63
208615,63
216626,63
43978,63
351567,63
617360,63
276790,63
38532,63
402080,63
342210,63
636661,63
517386,63
20465,63
557483,63
433769,63
324481,63
4779,63
489275,63
131657,63
246969,63
593769,63
57663,63
692460,63
75001,63
597257,63
486799,63
410734,63
24831,63
454402,63
629016,63
11674,63
552088,63
236216,63
429983,63
257795,63
462578,63
641621,63
639352,63
606978,63
265505,63
336652,63
54002,63
648955,63
220480,63
373340,63
58523,63
564285,63
129231,63
366200,63
410417,63
42217,63
407481,63
455742,63
637813,63
371873,63
371171,63
548118,63
236142,63
155556,63
439264,63
355684,63
211493,63
125443,63
651247,63
2297,63
259623,63
548845,63
483790,63
171675,63
444196,63
562495,63
252251,63
393347,63
19683,63
635366,63
355830,63
367738,63
424243,63
144419,63
73739,63
672551,63
77664,63
431180,63
308993,63
158414,63
329968,63
491352,63
125079,63
129092,63
515429,63
156939,63
623585,63
407478,63
495629,63
415608,63
57211,63
613307,63
347960,63
181091,63
202039,63
564559,63
359318,63
435334,63
49186,63
553350,63
260079,63
319283,63
33552,63
600007,63
643969,63
80210,63
294578,63
529061,63
256533,63
561751,63
155726,63
207536,63
24426,63
213618,63
695147,63
92981,63
125405,63
636397,63
464544,63
324781,63
135252,63
475175,63
627717,63
537770,63
26053,63
77324,63
372366,63
547593,63
368480,63
138317,63
359947,63
266361,63
422164,63
449739,63
10433,63
492645,63
350914,63
670977,63
149388,63
326386,63
370107,63
609418,63
595351,63
649908,63
555526,63
145846,63
383911,63
350645,63
148892,63
597076,63
393751,63
475324,63
286571,63
90821,63
159174,63
310470,63
677947,63
177520,63
692463,63
608556,63
204059,63
263382,63
216064,63
278810,63
214365,63
659654,63
104685,63
452007,63
374143,63
432648,63
453240,63
232737,63
138711,63
209003,63
166899,63
677756,63
14125,63
545700,63
287365,63
366415,63
387692,63
110638,63
192570,63
447019,63
528512,63
441503,63
585188,63
384373,63
71747,63
616424,63
404596,63
281558,63
111016,63
555680,63
203273,63
205849,63
313759,63
381371,63
147582,63
659753,63
93165,63
439600,63
327182,63
563331,63
683089,63
341463,63
681447,63
545979,63
282154,63
514988,63
186942,63
290894,63
204929,63
385646,63
356282,63
192852,63
48221,63
62273,63
135802,63
144221,63
65498,63
629246,63
572523,63
316995,63
394398,63
386047,63
597190,63
624834,63
118613,63
528408,63
285157,63
285206,63
162855,63
327583,63
528860,63
590041,63
689620,63
265163,63
234503,63
338866,63
498048,63
694504,63
318240,63
644668,63
96610,63
486839,63
522293,63
51024,63
259046,63
687237,63
57468,63
617578,63
677628,63
127499,63
241762,63
371911,63
562696,63
417755,63
358603,63
181231,63
676387,63
264595,63
154963,63
554093,63
495811,63
633945,63
8718,63
607354,63
327749,63
172000,63
511975,63
99337,63
419402,63
82449,63
539163,63
586356,63
607316,63
2596,63
582844,63
299101,63
380774,63
662079,63
315523,63
198969,63
517294,63
259840,63
38857,63
95098,63
599499,63
39816,63
99526,63
492872,63
92320,63
445555,63
308814,63
412984,63
255597,63
166436,63
8532,63
603058,63
248073,63
547652,63
421501,63
603485,63
65975,63
66496,63
616741,63
15053,63
607019,63
210719,63
274651,63
453148,63
367000,63
233922,63
591588,63
546880,63
322326,63
42297,63
533363,63
614514,63
313984,63
546970,63
387437,63
643450,63
40733,63
246507,63
462948,63
262121,63
147632,63
120984,63
317762,63
622646,63
370919,63
548646,63
396714,63
53002,63
458360,63
17192,63
116868,63
607004,63
10991,63
32900,63
129133,63
374701,63
512086,63
423213,63
210652,63
618935,63
275700,63
247325,63
34717,63
521803,63
248025,63
516849,63
688848,63
256138,63
621564,63
487086,63
533784,63
622399,63
393034,63
141638,63
420064,63
130128,63
530741,63
673124,63
297027,63
435515,63
201432,63
442993,63
250210,63
469202,63
7630,63
77279,63
667442,63
323840,63
413569,63
581428,63
572001,63
647986,63
531839,63
273226,63
320024,63
497166,63
540140,63
402584,63
626064,63
74088,63
302488,63
489931,63
549526,63
163598,63
363425,63
625891,63
59513,63
65089,63
684912,63
695366,63
362845,63
45751,63
659569,63
482228,63
299673,63
598056,63
654742,63
290055,63
434821,63
163216,63
557870,63
587534,63
278950,63
226577,63
268305,63
680118,63
361360,63
49935,63
599297,63
45467,63
5001,63
338019,63
524193,63
146238,63
192093,63
405481,63
462968,63
10635,63
488679,63
355542,63
197340,63
91418,63
413998,63
459321,63
181169,63
202873,63
439468,63
669341,63
130498,63
268400,63
497675,63
432812,63
424169,63
124474,63
623654,63
291078,63
506358,63
573983,63
180986,63
164177,63
314209,63
683759,63
14698,63
388959,63
506927,63
316107,63
332340,63
687696,63
92264,63
364890,63
548588,63
218048,63
137322,63
406354,63
591603,63
132509,63
220580,63
497140,63
234105,63
491255,63
416966,63
99463,63
220929,63
518316,63
37972,63
179658,63
654112,63
517433,63
450930,63
360877,63
7496,63
257526,63
229947,63
624083,63
386558,63
416313,63
52203,63
108012,63
357392,63
436323,63
244291,63
81978,63
466499,63
336488,63
105217,63
612658,63
58440,63
378685,63
143790,63
653846,63
33448,63
309379,63
515663,63
516293,63
498144,63
655228,63
436088,63
507355,63
467663,63
105206,63
236789,63
219707,63
101980,63
392362,63
517244,63
374703,63
13490,63
278864,63
214180,63
649903,63
607963,63
176850,63
246240,63
282174,63
497235,63
4962,63
628388,63
682047,63
599435,63
3763,63
317781,63
667979,63
308837,63
85102,63
509113,63
616455,63
493314,63
221846,63
549124,63
306667,63
521994,63
646444,63
40583,63
40020,63
678376,63
5918,63
84306,63
675168,63
105341,63
65451,63
68568,63
476783,63
29430,63
636641,63
370437,63
305591,63
78084,63
121044,63
370072,63
89526,63
88539,63
410861,63
185713,63
252149,63
489925,63
329155,63
246951,63
162785,63
387488,63
219747,63
56233,63
89472,63
439411,63
581341,63
222363,63
685220,63
337927,63
275812,63
446160,63
366227,63
619563,63
137183,63
389419,63
152041,63
294566,63
219689,63
241939,63
456620,63
34133,63
654849,63
19549,63
262606,63
579985,63
101183,63
447410,63
442112,63
303965,63
337700,63
23968,63
316819,63
461880,63
156188,63
188699,63
319703,63
333744,63
275603,63
271645,63
368698,63
138866,63
189615,63
579555,63
430077,63
265903,63
202275,63
40369,63
555778,63
423405,63
346502,63
344314,63
460054,63
475917,63
99329,63
557296,63
676867,63
386045,63
579246,63
283576,63
538334,63
13495,63
293352,63
219427,63
630794,63
287627,63
213506,63
149378,63
475703,63
192651,63
162594,63
54827,63
1091,63
396608,63
371734,63
353810,63
329360,63
550261,63
318274,63
436631,63
666622,63
313523,63
391792,63
429313,63
687858,63
72482,63
162064,63
622496,63
208624,63
225864,63
549056,63
71068,63
28423,63
242184,63
34313,63
337790,63
638254,63
130709,63
283393,63
96126,63
406481,63
198779,63
684810,63
206276,63
515460,63
644028,63
408114,63
664530,63
570211,63
492165,63
329396,63
12131,63
599433,63
555556,63
189148,63
261191,63
164024,63
489633,63
632638,63
263554,63
159467,63
658106,63
176741,63
411532,63
97258,63
150268,63
66681,63
583446,63
506751,63
469570,63
530067,63
311150,63
370181,63
342945,63
467969,63
193663,63
386869,63
15460,63
470956,63
271175,63
563527,63
377978,63
115873,63
568170,63
294805,63
631586,63
423867,63
414106,63
128169,63
582129,63
285703,63
289508,63
296720,63
254136,63
212614,63
431040,63
251837,63
538467,63
648662,63
359661,63
61284,63
618130,63
357771,63
304163,63
386920,63
354480,63
87486,63
417148,63
333122,63
677522,63
666772,63
180360,63
636379,63
483108,63
85587,63
407769,63
304702,63
188598,63
179922,63
228234,63
138786,63
51377,63
349438,63
538917,63
491624,63
657189,63
398011,63
183112,63
481212,63
122638,63
188949,63
682759,63
107910,63
130365,63
35911,63
394428,63
667192,63
206170,63
325480,63
25954,63
623662,63
546926,63
551963,63
258166,63
120305,63
406422,63
45125,63
669890,63
622942,63
678461,63
23912,63
158682,63
463319,63
486,63
550507,63
12445,63
419682,63
469633,63
338924,63
203173,63
32316,63
98442,63
53707,63
683847,63
575210,63
517402,63
637643,63
510759,63
137256,63
618435,63
103079,63
564745,63
445490,63
513076,63
474451,63
15841,63
301249,63
168332,63
377756,63
497543,63
473563,63
244502,63
648629,63
115401,63
605729,63
557995,63
92661,63
17828,63
191449,63
246980,63
397698,63
417270,63
239842,63
453015,63
127124,63
301658,63
293472,63
40946,63
7245,63
95801,63
519311,63
270187,63
15689,63
287321,63
392998,63
554342,63
670755,63
72099,63
597656,63
451022,63
130388,63
638871,63
207595,63
149933,63
347170,63
505566,63
508635,63
182745,63
656612,63
586425,63
119277,63
99062,63
262235,63
333525,63
464031,63
328793,63
406280,63
641169,63
534148,63
576678,63
565648,63
400690,63
380295,63
684486,63
631307,63
274253,63
134829,63
134087,63
254039,63
534074,63
301308,63
496387,63
291598,63
31172,63
423760,63
325763,63
291938,63
378918,63
324041,63
402547,63
57299,63
190464,63
38593,63
311442,63
289591,63
108539,63
64429,63
433047,63
240334,63
399644,63
617377,63
234222,63
362766,63
148756,63
519952,63
392993,63
460979,63
666469,63
119798,63
141088,63
585088,63
153820,63
387342,63
611230,63
253428,63
686018,63
85163,63
77147,63
116364,63
486164,63
575350,63
525498,63
315447,63
535420,63
486134,63
306170,63
282165,63
425473,63
413743,63
295439,63
320642,63
252396,63
646239,63
525819,63
144385,63
69622,63
540818,63
393209,63
47553,63
614508,63
372426,63
658013,63
143313,63
464113,63
148322,63
592818,63
424174,63
425651,63
57323,63
439776,63
235141,63
36202,63
600572,63
122335,63
388443,63
112230,63
249966,63
580586,63
292224,63
389547,63
251684,63
79696,63
517797,63
469721,63
35196,63
339693,63
80064,63
368190,63
382265,63
499430,63
13216,63
480768,63
276612,63
506348,63
7035,63
129371,63
187340,63
391791,63
680534,63
670914,63
45093,63
267128,63
95088,63
433104,63
235708,63
132189,63
336126,63
155652,63
596570,63
387211,63
392089,63
245239,63
655726,63
308224,63
191983,63
349798,63
290161,63
49164,63
581955,63
249742,63
495453,63
165349,63
246793,63
495441,63
260818,63
82844,63
200281,63
40042,63
154261,63
269951,63
162186,63
227881,63
346086,63
517078,63
95680,63
373843,63
623791,63
106958,63
12703,63
554272,63
481063,63
283386,63
629078,63
34933,63
315001,63
393183,63
627807,63
53417,63
150323,63
404268,63
66096,63
270994,63
338184,63
428748,63
182922,63
127152,63
244560,63
345139,63
128764,63
54172,63
110822,63
385145,63
41718,63
40996,63
438900,63
480060,63
469565,63
87092,63
164651,63
665394,63
555497,63
77378,63
660127,63
580360,63
470355,63
211320,63
572047,63
573041,63
643094,63
551556,63
157929,63
323001,63
46305,63
121239,63
552240,63
285516,63
348616,63
613685,63
101363,63
6003,63
306356,63
179949,63
612504,63
501053,63
429835,63
470702,63
22955,63
387479,63
265460,63
611233,63
591176,63
200416,63
665947,63
494250,63
576912,63
267261,63
426996,63
92638,63
629325,63
353402,63
383609,63
668632,63
537865,63
10255,63
164306,63
573860,63
143850,63
333417,63
444958,63
83296,63
53689,63
538714,63
77553,63
533397,63
565488,63
26654,63
24373,63
373487,63
535339,63
584367,63
642704,63
110313,63
309212,63
314460,63
662129,63
653565,63
273113,63
305197,63
602062,63
435932,63
553253,63
389018,63
276691,63
188142,63
335748,63
293688,63
646835,63
363746,63
675824,63
410891,63
102073,63
397714,63
671627,63
353437,63
145574,63
240252,63
690093,63
377145,63
276585,63
97857,63
267291,63
578021,63
542848,63
311342,63
308354,63
386159,63
629125,63
26938,63
152125,63
536562,63
273181,63
123797,63
36181,63
23346,63
474194,63
323756,63
278899,63
600137,63
150432,63
320530,63
196199,63
590274,63
15666,63
605206,63
581838,63
229093,63
651459,63
659041,63
429089,63
523196,63
587641,63
183371,63
5179,63
292485,63
560280,63
448118,63
666845,63
450617,63
388523,63
552132,63
453755,63
320910,63
50290,63
158427,63
641250,63
532875,63
136234,63
580004,63
294384,63
342172,63
343289,63
343625,63
145162,63
269209,63
32705,63
313844,63
475176,63
415376,63
648875,63
335503,63
105996,63
217357,63
384743,63
150518,63
131935,63
112167,63
398493,63
191580,63
129425,63
628462,63
627980,63
327287,63
686844,63
411832,63
347491,63
251651,63
251955,63
228632,63
275544,63
414691,63
558654,63
51972,63
375344,63
303017,63
1765,63
138406,63
193783,63
223028,63
436291,63
585370,63
633764,63
352676,63
641582,63
294491,63
686293,63
129450,63
383348,63
190660,63
513862,63
62039,63
411292,63
638957,63
319976,63
267874,63
580035,63
77954,63
444695,63
74142,63
27906,63
449543,63
336653,63
681086,63
125565,63
379895,63
25594,63
446543,63
95329,63
638819,63
650789,63
410506,63
388749,63
540488,63
262310,63
402221,63
222169,63
426583,63
317177,63
383409,63
411873,63
620113,63
127552,63
89902,63
168064,63
196196,63
632897,63
195251,63
660981,63
604359,63
488994,63
475924,63
227174,63
100283,63
250680,63
59478,63
268654,63
48938,63
506959,63
503409,63
267149,63
545606,63
332537,63
445885,63
192820,63
217792,63
331696,63
343507,63
11899,63
292412,63
99682,63
207093,63
133358,63
365505,63
258857,63
414593,63
256328,63
261267,63
638084,63
124521,63
331765,63
25917,63
320264,63
523425,63
676635,63
154329,63
600539,63
440200,63
390474,63
659350,63
671190,63
625157,63
29173,63
564052,63
59550,63
601752,63
587108,63
286390,63
674895,63
277447,63
437750,63
59756,63
696021,63
210425,63
351408,63
611093,63
534842,63
600461,63
89473,63
612951,63
375002,63
552785,63
601746,63
185469,63
692868,63
463613,63
477543,63
212974,63
237136,63
202383,63
416280,63
205635,63
413533,63
274311,63
38212,63
357953,63
654385,63
468575,63
371193,63
506008,63
258983,63
141320,63
359038,63
303021,63
61065,63
163264,63
397370,63
663806,63
624117,63
369983,63
595474,63
71471,63
69124,63
553590,63
194800,63
559239,63
112714,63
375066,63
595023,63
422892,63
611657,63
55714,63
354883,63
399062,63
435569,63
32305,63
195508,63
466928,63
610611,63
55373,63
596954,63
3721,63
190460,63
86564,63
47892,63
388147,63
519035,63
12840,63
521533,63
532186,63
178327,63
418800,63
366315,63
649462,63
262181,63
208219,63
490697,63
110872,63
131618,63
388961,63
286425,63
643683,63
31135,63
645019,63
678885,63
55668,63
304069,63
236264,63
136680,63
409622,63
40668,63
683354,63
213690,63
284242,63
171181,63
648453,63
162372,63
509440,63
319597,63
420205,63
312359,63
442288,63
607657,63
689959,63
379324,63
566920,63
695018,63
620405,63
343002,63
497767,63
47648,63
253667,63
431344,63
331102,63
131153,63
334134,63
279465,63
292342,63
483836,63
109945,63
590862,63
268718,63
117247,63
213381,63
208960,63
574541,63
153261,63
119011,63
100698,63
96726,63
436324,63
583197,63
415494,63
256581,63
103921,63
390801,63
622952,63
16458,63
566859,63
367557,63
238541,63
163366,63
336659,63
93546,63
635859,63
71525,63
230362,63
564137,63
315642,63
260710,63
659327,63
441394,63
446770,63
261326,63
409185,63
513686,63
214239,63
660882,63
280927,63
489992,63
464226,63
668016,63
161100,63
347945,63
358902,63
505240,63
499510,63
167222,63
566523,63
113116,63
31950,63
306526,63
686709,63
298909,63
434239,63
631317,63
166803,63
412952,63
67047,63
272792,63
46586,63
432282,63
99262,63
50362,63
573970,63
174145,63
274867,63
224606,63
255147,63
267633,63
676843,63
154340,63
580910,63
250467,63
15110,63
428569,63
351789,63
174931,63
79624,63
409014,63
440596,63
233031,63
652491,63
104061,63
243630,63
484977,63
202450,63
478579,63
664995,63
483694,63
204058,63
181484,63
465528,63
355090,63
596831,63
205340,63
100072,63
45693,63
672744,63
452531,63
116581,63
39248,63
683481,63
185972,63
646558,63
109090,63
209796,63
199361,63
604263,63
203531,63
320791,63
275660,63
698100,63
292548,63
229355,63
328642,63
515467,63
647272,63
1419,63
400082,63
569530,63
182091,63
608773,63
90138,63
362134,63
227083,63
272002,63
605466,63
167622,63
515627,63
4443,63
546225,63
307986,63
254466,63
52683,63
312188,63
606665,63
287735,63
143274,63
133417,63
328766,63
128299,63
159520,63
264712,63
424939,63
7074,63
240111,63
595835,63
185332,63
115623,63
320392,63
369064,63
399555,63
504160,63
128788,63
646578,63
684413,63
443431,63
323365,63
398925,63
537910,63
263946,63
246585,63
104183,63
205003,63
465832,63
378242,63
48084,63
558084,63
144590,63
359525,63
379686,63
527051,63
172131,63
333533,63
664190,63
434517,63
687451,63
161473,63
277130,63
544543,63
88081,63
408441,63
413064,63
614917,63
333147,63
36241,63
615157,63
415797,63
690246,63
531088,63
302704,63
615636,63
40540,63
514969,63
222342,63
361606,63
512329,63
634006,63
356775,63
314373,63
293205,63
108640,63
580231,63
517298,63
538842,63
193700,63
366224,63
632048,63
359836,63
622368,63
202803,63
661437,63
155,63
125658,63
307567,63
695302,63
605167,63
207759,63
280214,63
567611,63
223607,63
661013,63
610252,63
611210,63
554598,63
103207,63
274026,63
313702,63
562770,63
343233,63
451698,63
317737,63
536841,63
101281,63
438453,63
174114,63
299531,63
231557,63
433849,63
45793,63
79820,63
431235,63
81238,63
649565,63
406591,63
479000,63
357206,63
361727,63
389431,63
620990,63
19389,63
636639,63
85730,63
361689,63
93519,63
642578,63
610841,63
464510,63
153620,63
165463,63
559279,63
64570,63
584851,63
355474,63
358940,63
385083,63
606497,63
530369,63
63742,63
531312,63
15137,63
566452,63
209371,63
328817,63
417100,63
115911,63
522669,63
136685,63
666451,63
394189,63
86031,63
510967,63
328989,63
186633,63
384114,63
236372,63
366730,63
656311,63
77659,63
5137,63
339180,63
447698,63
442137,63
146356,63
250602,63
461105,63
563080,63
515692,63
5815,63
457959,63
388331,63
584023,63
305676,63
633379,63
168432,63
351431,63
659165,63
666208,63
72580,63
184674,63
207190,63
362920,63
373014,63
230086,63
284718,63
363987,63
393934,63
213939,63
698269,63
256238,63
136722,63
218143,63
379885,63
300617,63
429741,63
495200,63
104199,63
380147,63
171376,63
299690,63
115212,63
625230,63
437971,63
211247,63
530549,63
612183,63
554616,63
669571,63
66061,63
436973,63
231505,63
629664,63
412379,63
377372,63
246921,63
649852,63
311725,63
286518,63
414411,63
215979,63
344243,63
347165,63
382353,63
691297,63
68273,63
608965,63
543417,63
664547,63
424973,63
12491,63
567608,63
210955,63
493700,63
397274,63
155683,63
621428,63
135292,63
153716,63
270432,63
543218,63
246412,63
262729,63
141597,63
156058,63
661018,63
434982,63
659050,63
165487,63
677381,63
509116,63
148071,63
535296,63
37323,63
293923,63
284475,63
694059,63
28690,63
164858,63
451048,63
257510,63
151237,63
641055,63
604237,63
517271,63
277115,63
352315,63
492840,63
496877,63
156134,63
541475,63
388793,63
250658,63
86023,63
660702,63
35960,63
138860,63
474602,63
512421,63
86716,63
153155,63
568720,63
534859,63
256179,63
450355,63
8961,63
448155,63
479494,63
328579,63
691036,63
335286,63
139458,63
622817,63
622550,63
667243,63
651431,63
357495,63
22028,63
615506,63
88122,63
529380,63
683302,63
456245,63
388103,63
580643,63
99002,63
289267,63
447388,63
665519,63
256289,63
185337,63
586966,63
320929,63
248317,63
489054,63
311851,63
616443,63
567040,63
317777,63
683325,63
582819,63
114076,63
182802,63
482808,63
198602,63
111279,63
210661,63
87236,63
110662,63
697467,63
328520,63
270997,63
127608,63
563982,63
451990,63
621788,63
197162,63
41523,63
411917,63
552753,63
219644,63
557975,63
565750,63
56510,63
595889,63
681556,63
383996,63
241483,63
691934,63
83057,63
691710,63
352048,63
178715,63
124257,63
102385,63
555739,63
258221,63
68336,63
441370,63
495710,63
336554,63
176370,63
168266,63
377846,63
322627,63
364912,63
105907,63
581385,63
26005,63
30031,63
178701,63
473230,63
519050,63
525106,63
270900,63
571274,63
593289,63
213875,63
331310,63
375276,63
586672,63
336800,63
524437,63
308602,63
192483,63
156558,63
525959,63
608768,63
402488,63
139594,63
336492,63
667810,63
301766,63
171384,63
604441,63
665512,63
627107,63
474771,63
232529,63
36681,63
159184,63
85872,63
674827,63
47081,63
220109,63
659715,63
524088,63
108180,63
5872,63
680979,63
342416,63
43090,63
347238,63
587149,63
90199,63
244681,63
294858,63
25791,63
475706,63
556928,63
9225,63
580806,63
646883,63
524211,63
223291,63
8463,63
53211,63
583716,63
285446,63
159552,63
70759,63
271845,63
639381,63
16587,63
30445,63
70644,63
29162,63
347160,63
167487,63
472271,63
158583,63
50723,63
95913,63
409103,63
152058,63
493235,63
609220,63
81119,63
526497,63
197836,63
541876,63
393656,63
531470,63
34150,63
290715,63
241681,63
569124,63
211788,63
686161,63
450828,63
25950,63
468714,63
130614,63
218682,63
562602,63
44234,63
180974,63
289432,63
205464,63
591907,63
565143,63
257422,63
587844,63
212132,63
348653,63
392049,63
370747,63
322223,63
494597,63
348593,63
42994,63
355847,63
545481,63
329390,63
651171,63
82911,63
196943,63
271530,63
543062,63
63259,63
350650,63
691714,63
692459,63
74914,63
263048,63
485259,63
552243,63
490175,63
676425,63
516240,63
460075,63
93502,63
124107,63
546396,63
89671,63
125680,63
82610,63
76853,63
203280,63
696986,63
233130,63
538812,63
166302,63
559238,63
610065,63
634417,63
42389,63
390984,63
380878,63
234458,63
300780,63
241576,63
411994,63
323665,63
495172,63
322728,63
72816,63
574535,63
689075,63
582897,63
117770,63
320895,63
354468,63
502251,63
635211,63
27308,63
22651,63
468097,63
323187,63
418988,63
275056,63
244995,63
185999,63
29278,63
479666,63
136365,63
385969,63
45483,63
152226,63
355324,63
193503,63
131147,63
38085,63
84418,63
674043,63
197628,63
192494,63
306322,63
436726,63
482265,63
489825,63
285994,63
668426,63
39490,63
594184,63
642277,63
367161,63
476575,63
179957,63
134743,63
629426,63
56792,63
538288,63
183261,63
420697,63
615383,63
181471,63
413122,63
75692,63
657320,63
382273,63
659142,63
85414,63
16669,63
87235,63
104114,63
274001,63
304024,63
13290,63
233330,63
398029,63
60127,63
501062,63
124383,63
481140,63
223228,63
359240,63
264475,63
554166,63
90590,63
602619,63
244535,63
207619,63
295218,63
520153,63
47792,63
133221,63
76840,63
176492,63
632329,63
105421,63
201059,63
42491,63
650293,63
71066,63
211672,63
269707,63
176052,63
683516,63
172417,63
519354,63
437545,63
636840,63
403887,63
83618,63
215803,63
314953,63
303875,63
44969,63
152634,63
644702,63
456695,63
526925,63
540774,63
152398,63
231141,63
528215,63
145359,63
239190,63
204244,63
531566,63
289000,63
519439,63
459256,63
209976,63
533777,63
420258,63
178352,63
444616,63
130413,63
211762,63
576846,63
219039,63
139113,63
401110,63
1213,63
48577,63
72683,63
58716,63
291940,63
570048,63
158344,63
695915,63
635554,63
29571,63
43940,63
120161,63
535093,63
280215,63
570748,63
507191,63
278252,63
304768,63
85052,63
204197,63
227143,63
521612,63
497380,63
263672,63
632523,63
499329,63
445094,63
578919,63
79184,63
428066,63
620895,63
212026,63
395181,63
604567,63
448814,63
340745,63
511681,63
211825,63
522154,63
407594,63
296611,63
115373,63
423451,63
127979,63
658661,63
555299,63
491590,63
144974,63
638597,63
463403,63
491099,63
231572,63
7890,63
520021,63
581376,63
110270,63
152359,63
186483,63
338294,63
369831,63
126757,63
501768,63
644286,63
185151,63
396158,63
282941,63
636618,63
387727,63
520168,63
451098,63
157656,63
168245,63
224695,63
664428,63
263233,63
474466,63
696425,63
307489,63
165086,63
658576,63
638338,63
134485,63
213925,63
226675,63
385613,63
478495,63
540735,63
401340,63
120813,63
685335,63
511801,63
376239,63
215990,63
234580,63
197257,63
265572,63
27903,63
664202,63
640528,63
400847,63
524598,63
580817,63
40395,63
205008,63
140269,63
382796,63
498269,63
583711,63
124180,63
300896,63
346045,63
686646,63
659539,63
503313,63
221678,63
276372,63
596164,63
331810,63
666443,63
490172,63
109105,63
44466,63
404010,63
627892,63
41248,63
250230,63
82406,63
304693,63
516944,63
76674,63
402556,63
333214,63
145308,63
26593,63
108865,63
332251,63
498158,63
260578,63
561534,63
388622,63
84364,63
510498,63
311445,63
142502,63
195837,63
361309,63
614931,63
383566,63
425022,63
615856,63
570334,63
486046,63
561018,63
576206,63
543019,63
565792,63
383629,63
242970,63
363951,63
576203,63
242698,63
655017,63
12727,63
558145,63
250182,63
524129,63
436939,63
672888,63
374999,63
469079,63
199768,63
92987,63
89306,63
644011,63
562567,63
496534,63
75929,63
613237,63
249855,63
436694,63
138027,63
455671,63
149092,63
492583,63
184710,63
401146,63
471422,63
102323,63
619258,63
435684,63
103399,63
205438,63
110919,63
130829,63
538758,63
123039,63
121463,63
96336,63
491940,63
107357,63
261058,63
488029,63
290815,63
515077,63
614967,63
613276,63
417047,63
476662,63
466643,63
487076,63
539403,63
23659,63
529691,63
506129,63
514252,63
195593,63
661050,63
172749,63
173484,63
306727,63
314632,63
65075,63
340588,63
207183,63
406482,63
472881,63
324137,63
200623,63
22287,63
217534,63
660573,63
204155,63
133782,63
514909,63
50160,63
562265,63
698883,63
613626,63
428876,63
399817,63
372970,63
345988,63
136844,63
411418,63
239173,63
82960,63
95496,63
348509,63
442249,63
309062,63
51053,63
303268,63
101490,63
291417,63
692059,63
559339,63
256941,63
85797,63
163803,63
121705,63
470132,63
430791,63
526440,63
343951,63
468328,63
515625,63
144451,63
86446,63
551784,63
206563,63
178095,63
408764,63
248013,63
612031,63
255275,63
270273,63
19566,63
468098,63
690390,63
389086,63
598426,63
157252,63
318525,63
564599,63
531711,63
222237,63
284552,63
571030,63
376739,63
450027,63
43253,63
359249,63
513348,63
203732,63
492525,63
656692,63
477779,63
506501,63
202038,63
252883,63
690864,63
24093,63
530854,63
254004,63
320763,63
580234,63
257659,63
360131,63
187209,63
412051,63
541046,63
139415,63
108290,63
610424,63
82804,63
49231,63
411072,63
386362,63
218986,63
187836,63
100463,63
201652,63
227290,63
156283,63
689464,63
588152,63
523975,63
514564,63
555106,63
518347,63
636092,63
13234,63
14358,63
29964,63
419837,63
276392,63
338705,63
638005,63
346311,63
519833,63
676527,63
468875,63
109989,63
534174,63
247790,63
458461,63
698542,63
299519,63
391040,63
423730,63
169412,63
412796,63
676167,63
462658,63
683773,63
501380,63
143522,63
298168,63
613941,63
332946,63
385267,63
515761,63
452739,63
24752,63
453833,63
239335,63
292260,63
302936,63
589164,63
423752,63
468863,63
309856,63
509672,63
134895,63
525493,63
430800,63
399104,63
387790,63
482902,63
63609,63
389887,63
34494,63
250970,63
373457,63
124206,63
279318,63
13007,63
451302,63
29239,63
635303,63
477080,63
572516,63
77341,63
656117,63
180826,63
609504,63
23528,63
467151,63
259461,63
251351,63
299725,63
379515,63
472994,63
362919,63
244790,63
264805,63
643946,63
516421,63
628716,63
411455,63
607321,63
407485,63
69851,63
642767,63
568147,63
534636,63
356451,63
352731,63
502920,63
90159,63
388117,63
115541,63
654139,63
610985,63
47362,63
555605,63
514875,63
286583,63
321836,63
124104,63
49923,63
371042,63
508496,63
184216,63
583471,63
468230,63
412740,63
402563,63
9391,63
537550,63
376353,63
575689,63
405156,63
355445,63
177522,63
483220,63
164193,63
357980,63
500768,63
66331,63
641773,63
14887,63
406334,63
326009,63
342195,63
657230,63
444200,63
498092,63
681576,63
593603,63
5417,63
564351,63
682788,63
647239,63
642798,63
662510,63
450694,63
69453,63
354451,63
6287,63
485691,63
78525,63
292159,63
676444,63
409709,63
403100,63
345759,63
185038,63
124832,63
427622,63
326395,63
385462,63
641980,63
499164,63
96686,63
238488,63
578894,63
494963,63
244369,63
393545,63
218366,63
40184,63
186072,63
194471,63
582264,63
350581,63
195034,63
575129,63
422979,63
463866,63
501864,63
45110,63
533022,63
357474,63
360650,63
283865,63
45668,63
643221,63
681381,63
699181,63
185318,63
339101,63
447760,63
470847,63
345836,63
443783,63
592556,63
332163,63
279013,63
603681,63
28494,63
456856,63
193101,63
148640,63
669542,63
248752,63
302612,63
78349,63
118291,63
659703,63
87456,63
288781,63
308862,63
335335,63
508037,63
144824,63
529529,63
44812,63
695022,63
544975,63
131845,63
485267,63
189195,63
156219,63
615525,63
611742,63
14793,63
563246,63
73714,63
249865,63
477569,63
641783,63
383812,63
588888,63
166203,63
547737,63
43363,63
249009,63
431078,63
407344,63
644422,63
17094,63
300948,63
291334,63
558323,63
541055,63
315934,63
276854,63
330181,63
419134,63
537632,63
466502,63
533724,63
696543,63
698959,63
18118,63
132052,63
98992,63
191655,63
515361,63
484269,63
6650,63
430419,63
646663,63
632437,63
194105,63
98253,63
452927,63
519066,63
141649,63
139354,63
438905,63
189093,63
198997,63
568369,63
649104,63
533601,63
631765,63
161301,63
186734,63
614468,63
615167,63
547445,63
195842,63
319919,63
342556,63
611082,63
382839,63
217545,63
215559,63
652805,63
381732,63
368710,63
314882,63
653704,63
374414,63
508223,63
645339,63
213529,63
558636,63
418194,63
486409,63
538090,63
182134,63
74999,63
128301,63
264190,63
73722,63
387304,63
103317,63
11167,63
35469,63
44239,63
242697,63
443571,63
456660,63
117044,63
463144,63
637589,63
194693,63
438489,63
342919,63
162442,63
452614,63
547319,63
629441,63
440618,63
217600,63
213859,63
498104,63
514141,63
671002,63
105220,63
322119,63
67142,63
380407,63
545181,63
116033,63
326930,63
58697,63
348424,63
582807,63
396929,63
563486,63
591028,63
146851,63
322917,63
639382,63
602509,63
565108,63
35303,63
513749,63
555627,63
76189,63
613117,63
618182,63
300029,63
352051,63
353708,63
654224,63
471838,63
444308,63
350442,63
571647,63
255061,63
149736,63
280035,63
313968,63
292448,63
241085,63
523430,63
576162,63
3181,63
503578,63
463967,63
215746,63
212660,63
352725,63
197482,63
126663,63
225889,63
624256,63
150904,63
62156,63
468491,63
386960,63
477774,63
117018,63
284,63
187594,63
305204,63
137663,63
117187,63
689385,63
448312,63
294961,63
218363,63
227871,63
152640,63
419138,63
631637,63
51979,63
359579,63
141518,63
468161,63
152399,63
130434,63
571275,63
491775,63
584922,63
650585,63
477111,63
394555,63
51052,63
185353,63
230469,63
645740,63
79112,63
58766,63
615102,63
500588,63
655402,63
295521,63
561068,63
65536,63
129892,63
617507,63
481279,63
25117,63
57156,63
212171,63
285840,63
211294,63
214831,63
676676,63
354997,63
635444,63
503138,63
340285,63
183084,63
452002,63
242692,63
451390,63
130065,63
317658,63
170643,63
109010,63
493871,63
354809,63
526133,63
433141,63
395762,63
101101,63
173528,63
112109,63
233326,63
658002,63
157860,63
148694,63
253184,63
133283,63
29692,63
166901,63
241,63
23441,63
679317,63
486590,63
167477,63
463346,63
43826,63
109759,63
603325,63
29630,63
350931,63
288540,63
100550,63
476600,63
24933,63
282747,63
79029,63
41483,63
508252,63
476545,63
65696,63
277431,63
344556,63
160973,63
85150,63
217949,63
418389,63
221851,63
365472,63
293666,63
300744,63
96628,63
340467,63
597361,63
53930,63
557136,63
565904,63
646315,63
445019,63
375911,63
173465,63
644845,63
106097,63
421486,63
27370,63
639667,63
422172,63
324542,63
266102,63
77385,63
3146,63
364003,63
324140,63
660521,63
652475,63
377156,63
245114,63
413553,63
245782,63
332424,63
24273,63
546477,63
138834,63
481435,63
133334,63
114370,63
657640,63
51096,63
207746,63
385552,63
17445,63
566075,63
58542,63
663725,63
521477,63
419851,63
609634,63
268879,63
110009,63
60240,63
326717,63
63671,63
77009,63
363031,63
571259,63
38971,63
567084,63
166253,63
628438,63
70501,63
355702,63
480598,63
132640,63
422663,63
13829,63
430242,63
437806,63
645209,63
20602,63
459439,63
560142,63
602639,63
342150,63
633145,63
484828,63
565836,63
492828,63
84678,63
330666,63
627563,63
444660,63
62149,63
427794,63
50220,63
81769,63
476127,63
414930,63
149590,63
506902,63
188679,63
358968,63
26793,63
683101,63
277072,63
423360,63
436849,63
239008,63
629692,63
416951,63
573732,63
362942,63
539840,63
317023,63
242244,63
79986,63
381352,63
162622,63
638504,63
500094,63
414226,63
552301,63
627238,63
263289,63
238020,63
658815,63
123211,63
624388,63
367428,63
665395,63
8757,63
61048,63
673200,63
12329,63
213897,63
94355,63
502034,63
42202,63
687552,63
71869,63
124310,63
553205,63
24827,63
231971,63
416541,63
104238,63
356049,63
51499,63
362684,63
190144,63
181563,63
418383,63
42438,63
369707,63
622291,63
285175,63
480395,63
430608,63
17222,63
370674,63
292324,63
560789,63
530727,63
191765,63
448950,63
67673,63
519862,63
264944,63
309824,63
476096,63
197993,63
219450,63
555034,63
586755,63
370357,63
221059,63
159316,63
315531,63
569208,63
647363,63
207342,63
429896,63
8215,63
440541,63
16369,63
678864,63
30354,63
661305,63
101108,63
321144,63
458842,63
150975,63
572759,63
300276,63
469984,63
273765,63
514336,63
653541,63
252834,63
100296,63
603114,63
261449,63
269868,63
314620,63
26144,63
635244,63
552968,63
261331,63
434365,63
424588,63
22115,63
609951,63
81794,63
277243,63
664414,63
408837,63
512355,63
299516,63
684207,63
450881,63
553895,63
652080,63
88461,63
340601,63
452001,63
504504,63
460626,63
91686,63
362857,63
290150,63
451974,63
116631,63
481804,63
4593,63
596004,63
570755,63
188837,63
15804,63
186612,63
539150,63
692050,63
176705,63
8884,63
458267,63
470045,63
106634,63
343550,63
476335,63
278337,63
568675,63
565968,63
266858,63
459338,63
259146,63
156649,63
537152,63
41251,63
253007,63
213471,63
495711,63
543810,63
25684,63
8975,63
282450,63
572970,63
396455,63
380856,63
93293,63
485971,63
253798,63
270090,63
689051,63
36543,63
528225,63
68384,63
405655,63
472130,63
125099,63
522620,63
501895,63
699192,63
164361,63
580216,63
86253,63
620061,63
430953,63
168606,63
345532,63
132953,63
413776,63
588788,63
386866,63
158316,63
425033,63
585664,63
552545,63
584301,63
551149,63
661668,63
88455,63
536832,63
529546,63
410460,63
336316,63
655306,63
599747,63
495813,63
95525,63
38918,63
294888,63
561966,63
656277,63
641667,63
597967,63
203893,63
508060,63
279620,63
506289,63
627989,63
421459,63
468608,63
455878,63
106759,63
653686,63
246103,63
211364,63
272542,63
268845,63
627420,63
110574,63
400427,63
200167,63
682889,63
556860,63
369475,63
567903,63
328962,63
65994,63
359899,63
636501,63
697083,63
415298,63
76424,63
692019,63
109930,63
402722,63
313389,63
491495,63
596364,63
681923,63
277907,63
695719,63
379585,63
220783,63
280798,63
195984,63
564136,63
150182,63
650270,63
693611,63
483239,63
40215,63
72176,63
340445,63
246283,63
446477,63
342921,63
224238,63
148158,63
385735,63
541612,63
439827,63
180396,63
667718,63
62129,63
165282,63
473083,63
399231,63
574985,63
239678,63
368852,63
100190,63
541857,63
201998,63
234865,63
535660,63
555435,63
352637,63
107355,63
694745,63
460141,63
471778,63
160617,63
116280,63
130664,63
175703,63
195,63
127445,63
583889,63
502829,63
151942,63
610967,63
646534,63
643408,63
300706,63
514046,63
684676,63
290157,63
68213,63
674446,63
594069,63
540069,63
405964,63
433030,63
386317,63
682443,63
129745,63
519597,63
639280,63
531692,63
698900,63
187304,63
483840,63
421815,63
263843,63
462027,63
292317,63
269976,63
648297,63
547279,63
362115,63
431276,63
177160,63
622709,63
406854,63
176986,63
22498,63
658565,63
259236,63
678306,63
286974,63
225557,63
384197,63
156697,63
455600,63
68619,63
546621,63
167492,63
226748,63
631256,63
375068,63
237581,63
598689,63
668124,63
406411,63
536235,63
613340,63
80693,63
550459,63
311397,63
566999,63
240166,63
546646,63
14209,63
54067,63
421632,63
473289,63
413389,63
610799,63
391371,63
388633,63
331069,63
355886,63
62930,63
475454,63
173115,63
29328,63
124222,63
314165,63
645861,63
467787,63
84635,63
438832,63
202393,63
172943,63
561432,63
124874,63
359068,63
158010,63
22044,63
13557,63
669618,63
204554,63
309976,63
698626,63
392509,63
321192,63
652484,63
220357,63
550720,63
620137,63
245325,63
397298,63
346250,63
411140,63
54293,63
545402,63
650811,63
608830,63
495597,63
533161,63
340768,63
318546,63
325700,63
499769,63
556893,63
242418,63
224927,63
4749,63
468626,63
141050,63
479729,63
202170,63
99969,63
508769,63
55663,63
397986,63
454182,63
71855,63
281369,63
400746,63
560034,63
643583,63
374170,63
243625,63
533852,63
471354,63
535640,63
104488,63
569622,63
607110,63
186576,63
576015,63
166172,63
200583,63
51248,63
531620,63
97148,63
314177,63
85019,63
251622,63
670738,63
610704,63
599654,63
415573,63
92472,63
653247,63
387408,63
190644,63
55796,63
548359,63
235878,63
615137,63
463133,63
184917,63
555280,63
301441,63
358885,63
55671,63
210849,63
659886,63
564607,63
673443,63
680012,63
625204,63
679885,63
471176,63
525782,63
310803,63
508190,63
11574,63
13753,63
251174,63
654532,63
16994,63
290898,63
498694,63
267900,63
384608,63
231864,63
344956,63
67941,63
424977,63
496163,63
239614,63
53327,63
143095,63
321525,63
231341,63
183241,63
413802,63
71403,63
322652,63
341373,63
633512,63
570602,63
68201,63
301391,63
137166,63
686128,63
592254,63
675520,63
214998,63
626183,63
440763,63
513782,63
350328,63
92737,63
387007,63
602884,63
243642,63
108178,63
106683,63
542544,63
573388,63
62983,63
274476,63
21854,63
681531,63
371931,63
609746,63
27378,63
9653,63
114504,63
525486,63
558519,63
565290,63
212067,63
22959,63
407191,63
296266,63
421546,63
243887,63
103073,63
69982,63
409732,63
103750,63
111881,63
146359,63
353774,63
256062,63
40797,63
509012,63
81979,63
656193,63
199928,63
120313,63
221895,63
355216,63
491597,63
648025,63
274152,63
680506,63
297545,63
227848,63
133577,63
673885,63
605704,63
18643,63
170855,63
384771,63
48877,63
281636,63
500058,63
94910,63
50547,63
623063,63
544720,63
697680,63
97821,63
538556,63
389090,63
653987,63
75752,63
27919,63
47700,63
152022,63
387037,63
22588,63
80619,63
361448,63
386792,63
690658,63
496778,63
493071,63
118969,63
421182,63
649890,63
455208,63
283958,63
136986,63
351401,63
386936,63
348434,63
255882,63
350178,63
660557,63
607611,63
155916,63
290299,63
323272,63
405046,63
421620,63
372729,63
550893,63
352168,63
165563,63
635301,63
543172,63
36769,63
466109,63
399218,63
14945,63
237872,63
550393,63
115912,63
298782,63
621929,63
279337,63
389617,63
236331,63
680778,63
686835,63
594693,63
430566,63
647858,63
490214,63
452980,63
638700,63
77503,63
353354,63
88127,63
633471,63
6741,63
380650,63
217712,63
587177,63
522108,63
463244,63
508335,63
295975,63
653722,63
511856,63
659710,63
215283,63
344948,63
169939,63
267055,63
213672,63
537458,63
44751,63
585181,63
290109,63
123629,63
91516,63
122316,63
495759,63
183810,63
238370,63
298607,63
311318,63
525040,63
378572,63
439588,63
279419,63
564991,63
196733,63
681554,63
284480,63
210971,63
294153,63
580167,63
68773,63
391742,63
448083,63
37496,63
670069,63
127576,63
694581,63
472771,63
7591,63
66658,63
636554,63
489182,63
699288,63
303654,63
57593,63
454480,63
24268,63
85489,63
267636,63
490743,63
270328,63
320429,63
277856,63
85323,63
339315,63
444036,63
210115,63
229111,63
632971,63
430155,63
269436,63
512242,63
595284,63
666701,63
35200,63
662619,63
223321,63
161225,63
682088,63
47902,63
403031,63
318204,63
250706,63
439674,63
532081,63
561546,63
389871,63
575706,63
461008,63
534387,63
91760,63
689003,63
217588,63
313962,63
242141,63
157359,63
387045,63
400958,63
160800,63
7541,63
192027,63
685852,63
169249,63
516818,63
420136,63
12866,63
346654,63
28429,63
188990,63
339137,63
132474,63
586147,63
352204,63
196538,63
382376,63
474559,63
472877,63
168267,63
597212,63
77118,63
543297,63
415880,63
382278,63
48008,63
258193,63
401222,63
170228,63
191509,63
293977,63
169897,63
442541,63
362477,63
98466,63
253750,63
374286,63
526674,63
662745,63
64675,63
219697,63
239914,63
593331,63
127742,63
432495,63
689483,63
661173,63
368137,63
676233,63
698361,63
68508,63
694490,63
190878,63
494540,63
130595,63
673242,63
23250,63
104525,63
661175,63
75076,63
690876,63
222105,63
684953,63
200249,63
372850,63
248520,63
565285,63
574346,63
353942,63
120660,63
30202,63
204219,63
411488,63
464746,63
514895,63
310402,63
9161,63
554846,63
18463,63
179508,63
581200,63
419087,63
423972,63
434621,63
199863,63
327339,63
14261,63
168383,63
579380,63
213374,63
286170,63
31521,63
246201,63
44315,63
444450,63
394937,63
521289,63
233321,63
515389,63
458936,63
680351,63
317715,63
538313,63
319533,63
677823,63
411607,63
467970,63
545583,63
10926,63
642683,63
240955,63
60559,63
51620,63
583886,63
305664,63
574648,63
175606,63
486054,63
376107,63
624647,63
523282,63
159100,63
639022,63
550862,63
211862,63
433725,63
361251,63
647297,63
602071,63
288029,63
61140,63
208512,63
686929,63
550936,63
611700,63
454120,63
432003,63
75636,63
104013,63
11150,63
661753,63
438741,63
673523,63
623374,63
397036,63
554515,63
255272,63
666307,63
443343,63
247748,63
263870,63
431346,63
536894,63
676827,63
248878,63
70835,63
501502,63
328015,63
527484,63
554938,63
210316,63
237360,63
337106,63
339081,63
645835,63
172736,63
409809,63
56287,63
39873,63
15955,63
665501,63
274705,63
524970,63
71615,63
202818,63
106445,63
594283,63
311660,63
363554,63
384513,63
158901,63
378967,63
172765,63
262990,63
396852,63
427688,63
132840,63
608259,63
274912,63
431741,63
493008,63
219424,63
265636,63
279019,63
44241,63
512322,63
671510,63
585106,63
655537,63
63868,63
31112,63
1307,63
598874,63
185066,63
534488,63
641018,63
542429,63
396845,63
161387,63
300039,63
376258,63
477288,63
20223,63
210261,63
506022,63
424965,63
88668,63
183098,63
504219,63
114379,63
57446,63
641192,63
300745,63
612718,63
407261,63
174162,63
154205,63
232189,63
265765,63
139445,63
261733,63
174929,63
330517,63
247593,63
468300,63
344051,63
684880,63
481778,63
262821,63
195463,63
374602,63
606257,63
28338,63
201447,63
125153,63
102757,63
316435,63
119602,63
219047,63
58259,63
357375,63
249595,63
500198,63
179046,63
629198,63
169058,63
347474,63
202996,63
335483,63
236756,63
640469,63
691004,63
607669,63
230778,63
375820,63
518721,63
681147,63
537092,63
49144,63
362773,63
657198,63
87837,63
8634,63
207594,63
318211,63
200915,63
643107,63
635388,63
399603,63
132455,63
697643,63
274799,63
411627,63
378671,63
485093,63
480867,63
183645,63
661991,63
422180,63
531041,63
434040,63
92048,63
427336,63
617698,63
198372,63
3286,63
547680,63
334525,63
177610,63
40716,63
480849,63
59711,63
64991,63
135776,63
251625,63
306286,63
185704,63
351103,63
405476,63
152023,63
434022,63
592493,63
464718,63
267926,63
612345,63
496097,63
107929,63
407169,63
653380,63
583215,63
53324,63
186459,63
357256,63
255487,63
281946,63
275616,63
47172,63
170166,63
199953,63
686415,63
115071,63
532065,63
615769,63
570270,63
301115,63
505574,63
508449,63
600992,63
189533,63
267753,63
307152,63
166603,63
257705,63
615207,63
90346,63
320081,63
68253,63
379294,63
634048,63
78710,63
579778,63
648409,63
515375,63
675944,63
449205,63
92898,63
253451,63
695292,63
653641,63
652340,63
613665,63
45684,63
202693,63
281304,63
109120,63
562744,63
619078,63
661009,63
500361,63
21509,63
511484,63
435148,63
31779,63
167288,63
96267,63
692386,63
568421,63
590947,63
399321,63
294690,63
308076,63
314886,63
115205,63
485733,63
84822,63
294725,63
596696,63
694054,63
348672,63
109137,63
295608,63
517529,63
366663,63
539959,63
330759,63
204730,63
470837,63
72296,63
349079,63
534055,63
508604,63
515602,63
351534,63
63886,63
131436,63
477465,63
333539,63
646192,63
7031,63
241958,63
417233,63
580940,63
5974,63
597131,63
573329,63
461816,63
614135,63
628616,63
517274,63
321843,63
512330,63
247044,63
143392,63
67213,63
94447,63
222658,63
428908,63
573942,63
530330,63
339906,63
487506,63
476757,63
656093,63
197957,63
352457,63
513239,63
81962,63
551128,63
582382,63
132150,63
167417,63
41486,63
461060,63
52025,63
565556,63
51106,63
234120,63
558435,63
119420,63
391712,63
509588,63
644387,63
404595,63
283646,63
185341,63
200966,63
163575,63
523417,63
60760,63
587158,63
697870,63
462035,63
595738,63
203966,63
263855,63
396658,63
8699,63
400948,63
682716,63
315533,63
65315,63
88658,63
218497,63
551310,63
569091,63
377127,63
206976,63
644397,63
280781,63
439045,63
22615,63
666615,63
141032,63
561195,63
643949,63
556858,63
194863,63
205310,63
475456,63
210016,63
694358,63
237363,63
15132,63
649559,63
58250,63
521850,63
315783,63
41289,63
237084,63
80516,63
289084,63
7205,63
27454,63
633396,63
89337,63
719,63
259717,63
189599,63
650121,63
404238,63
527181,63
252244,63
418329,63
405399,63
689212,63
23477,63
20975,63
569007,63
459292,63
556013,63
203193,63
397255,63
23084,63
387138,63
358070,63
5779,63
154952,63
397455,63
230806,63
625005,63
573144,63
42695,63
534603,63
646293,63
516867,63
386506,63
569979,63
61482,63
403810,63
397759,63
18312,63
687325,63
115619,63
317871,63
107326,63
187038,63
15917,63
205333,63
212096,63
512296,63
680752,63
597277,63
30264,63
593462,63
280988,63
18747,63
286396,63
590160,63
186677,63
388333,63
574938,63
230699,63
337860,63
503871,63
151845,63
559980,63
465733,63
392062,63
680633,63
246952,63
160621,63
130136,63
588238,63
327443,63
549510,63
595577,63
21031,63
146929,63
105494,63
272049,63
278466,63
296240,63
647366,63
595777,63
461460,63
692329,63
369013,63
122704,63
478435,63
483530,63
451888,63
234716,63
389263,63
377229,63
524332,63
227441,63
509764,63
21932,63
556773,63
328173,63
287290,63
93555,63
310159,63
669929,63
70094,63
667708,63
217593,63
153451,63
536568,63
698735,63
544556,63
181541,63
24144,63
316738,63
50913,63
427626,63
639350,63
161771,63
414548,63
488170,63
178777,63
432459,63
509649,63
172786,63
256266,63
73377,63
451090,63
479463,63
390858,63
291077,63
254693,63
420375,63
410875,63
689435,63
203402,63
148858,63
326877,63
508231,63
323752,63
588797,63
549484,63
288104,63
352495,63
306645,63
24217,63
137127,63
301225,63
171640,63
349379,63
679405,63
631675,63
649319,63
46074,63
510717,63
651991,63
207108,63
358071,63
612807,63
287603,63
201462,63
505766,63
635512,63
104513,63
166665,63
310584,63
325993,63
262405,63
169089,63
59351,63
327061,63
591060,63
468970,63
341243,63
85782,63
138387,63
552459,63
34843,63
297295,63
260529,63
367273,63
203488,63
562107,63
90415,63
55979,63
541601,63
479718,63
138061,63
432223,63
60001,63
486098,63
315664,63
274662,63
567626,63
693327,63
465423,63
283967,63
112057,63
416846,63
403390,63
377453,63
360814,63
486288,63
259000,63
371587,63
205268,63
293903,63
497190,63
608429,63
488813,63
681514,63
62137,63
140742,63
275550,63
285224,63
977,63
90643,63
353302,63
350888,63
512804,63
19464,63
151703,63
402935,63
581766,63
269553,63
503564,63
481040,63
303813,63
206122,63
416993,63
461681,63
230812,63
168977,63
238660,63
601381,63
232167,63
373450,63
286778,63
317465,63
654493,63
454960,63
79819,63
178569,63
361181,63
237679,63
284643,63
64249,63
572108,63
222652,63
167635,63
12394,63
175610,63
484994,63
15034,63
223349,63
258194,63
257548,63
91420,63
201072,63
365639,63
262278,63
436992,63
658799,63
346439,63
368732,63
109628,63
479487,63
170791,63
40989,63
308511,63
412563,63
504657,63
578689,63
249371,63
500635,63
695282,63
446991,63
181593,63
81309,63
134347,63
3608,63
548030,63
658972,63
272883,63
567132,63
90509,63
151544,63
695752,63
213843,63
462021,63
521387,63
629970,63
419990,63
574735,63
415965,63
447484,63
488295,63
585541,63
672789,63
542114,63
113104,63
25884,63
695845,63
142855,63
255645,63
186882,63
253255,63
231102,63
597795,63
36865,63
230045,63
591428,63
691353,63
468584,63
64232,63
633850,63
361073,63
98282,63
358545,63
159723,63
129482,63
321331,63
547818,63
280309,63
464815,63
584305,63
682023,63
281537,63
130527,63
4281,63
479652,63
382211,63
350332,63
325913,63
275902,63
389205,63
581997,63
23147,63
205960,63
467102,63
213655,63
554405,63
526175,63
446531,63
652539,63
546529,63
607245,63
348119,63
670732,63
119693,63
31510,63
623264,63
682216,63
616829,63
317776,63
379522,63
46582,63
244585,63
271655,63
663628,63
111408,63
422278,63
117129,63
1078,63
456729,63
307882,63
636086,63
157325,63
526930,63
209672,63
8353,63
288721,63
507284,63
77812,63
481083,63
566146,63
143998,63
237695,63
332107,63
532796,63
523503,63
685950,63
287942,63
490900,63
341447,63
577826,63
662803,63
342371,63
116611,63
645879,63
597442,63
239069,63
133851,63
338590,63
684842,63
598693,63
19100,63
152420,63
531353,63
221602,63
357550,63
520025,63
647877,63
597133,63
161456,63
436672,63
401438,63
261052,63
90529,63
324505,63
268599,63
292692,63
482033,63
654171,63
60671,63
435238,63
454884,63
115060,63
646062,63
568606,63
335557,63
186972,63
307652,63
371456,63
556452,63
548104,63
238713,63
367966,63
535945,63
170141,63
116682,63
388639,63
238093,63
527860,63
205947,63
23265,63
165399,63
669753,63
232887,63
659015,63
397946,63
280067,63
309921,63
31921,63
485516,63
352256,63
63993,63
73127,63
41000,63
332132,63
628238,63
143345,63
513732,63
169670,63
211585,63
242703,63
534104,63
152812,63
298107,63
212684,63
627018,63
102080,63
579057,63
576149,63
130003,63
343838,63
630838,63
553916,63
317418,63
479158,63
392314,63
59013,63
151410,63
403445,63
141472,63
304879,63
527624,63
312686,63
553664,63
202150,63
289347,63
106855,63
335242,63
618405,63
386672,63
548591,63
408178,63
304799,63
185584,63
435817,63
355336,63
322996,63
379558,63
557208,63
41160,63
387836,63
17537,63
273330,63
564389,63
33305,63
357845,63
342867,63
328690,63
175861,63
567650,63
215637,63
523768,63
35505,63
382000,63
438144,63
543052,63
379013,63
519000,63
447984,63
562921,63
406567,63
116449,63
351340,63
174302,63
153293,63
516505,63
420433,63
249473,63
477498,63
308746,63
298998,63
647185,63
136729,63
333575,63
371805,63
370303,63
166242,63
145973,63
643846,63
142314,63
174523,63
382784,63
614268,63
243355,63
698130,63
273670,63
125728,63
41966,63
104323,63
44200,63
450281,63
70426,63
690146,63
567315,63
613914,63
633369,63
169669,63
405041,63
482953,63
575374,63
515621,63
150974,63
340868,63
631193,63
527462,63
545744,63
309215,63
31444,63
495461,63
98250,63
385327,63
461541,63
239303,63
329959,63
366134,63
214456,63
574283,63
50111,63
572179,63
671040,63
531788,63
538598,63
100767,63
697975,63
363664,63
422467,63
268357,63
460760,63
634008,63
435631,63
11205,63
491299,63
348592,63
518566,63
272640,63
505878,63
563668,63
140953,63
377493,63
440336,63
175931,63
436056,63
241750,63
523660,63
485220,63
387137,63
73729,63
546016,63
301247,63
449346,63
85266,63
510409,63
576624,63
489335,63
100295,63
317704,63
427505,63
390570,63
671587,63
673325,63
676677,63
499784,63
507712,63
241255,63
71961,63
351418,63
370003,63
11299,63
663808,63
664084,63
194780,63
497892,63
27067,63
236442,63
604863,63
672507,63
604217,63
563549,63
105529,63
4105,63
68022,63
276898,63
344293,63
655471,63
371470,63
679235,63
160595,63
116550,63
346232,63
543760,63
182121,63
690313,63
37162,63
472382,63
672267,63
25782,63
176172,63
276215,63
597957,63
570247,63
109606,63
605159,63
483302,63
423178,63
684260,63
280949,63
141574,63
495459,63
473620,63
234066,63
477272,63
279971,63
374330,63
292010,63
108495,63
174140,63
143596,63
26323,63
108099,63
321241,63
177704,63
364202,63
614791,63
544374,63
225189,63
525188,63
120072,63
38996,63
430744,63
72581,63
291095,63
212202,63
274599,63
685315,63
581920,63
321059,63
183600,63
107711,63
504226,63
199917,63
541939,63
467135,63
209612,63
617495,63
659321,63
625827,63
516743,63
566815,63
695730,63
477256,63
626397,63
447231,63
216005,63
644299,63
402719,63
52802,63
58282,63
670010,63
375529,63
297461,63
344771,63
665017,63
358999,63
118810,63
299431,63
427534,63
486993,63
94881,63
582432,63
349381,63
549855,63
122650,63
454839,63
506474,63
123937,63
647019,63
476026,63
387438,63
549278,63
59962,63
219233,63
650645,63
577463,63
168992,63
456785,63
276218,63
342832,63
540902,63
132672,63
292049,63
610204,63
40812,63
592744,63
392526,63
148974,63
361634,63
264533,63
299107,63
373180,63
253056,63
569545,63
226812,63
80140,63
630284,63
407390,63
91694,63
163969,63
518069,63
299347,63
88640,63
28094,63
626003,63
306775,63
363411,63
668572,63
559870,63
333980,63
299751,63
555678,63
432768,63
663457,63
105785,63
32308,63
228574,63
633780,63
570024,63
104396,63
553107,63
424607,63
214546,63
244991,63
19411,63
617286,63
326428,63
168155,63
158211,63
232764,63
677303,63
228674,63
26157,63
627235,63
406841,63
279169,63
51778,63
82184,63
19028,63
465232,63
93033,63
135443,63
337715,63
103567,63
99716,63
580321,63
213805,63
639771,63
615520,63
27726,63
66712,63
132619,63
664736,63
51497,63
550958,63
206113,63
610554,63
501989,63
304244,63
353994,63
527124,63
559468,63
99870,63
185243,63
481322,63
650168,63
107941,63
480703,63
19925,63
457146,63
376982,63
21470,63
273623,63
7580,63
473022,63
547932,63
140109,63
432119,63
286859,63
688311,63
219501,63
24417,63
256982,63
659061,63
607529,63
524470,63
176694,63
24605,63
459558,63
317662,63
233206,63
555968,63
611422,63
451049,63
52082,63
169109,63
696649,63
355590,63
513105,63
303921,63
158538,63
526221,63
502242,63
629214,63
467740,63
179181,63
539943,63
696510,63
206712,63
643082,63
202696,63
265901,63
23869,63
360003,63
99876,63
689884,63
39406,63
681141,63
91464,63
112072,63
393838,63
537363,63
542366,63
2883,63
500472,63
112368,63
14701,63
487229,63
454847,63
268282,63
31718,63
674793,63
42231,63
11668,63
252558,63
646590,63
284937,63
566645,63
476534,63
90272,63
359770,63
244412,63
380570,63
372438,63
173340,63
401364,63
450216,63
224751,63
478866,63
444767,63
75559,63
424157,63
526720,63
464320,63
205957,63
393208,63
495025,63
662180,63
156234,63
663900,63
254454,63
543792,63
655286,63
655395,63
70988,63
480817,63
190645,63
601871,63
282197,63
157877,63
268559,63
550151,63
22380,63
352742,63
303071,63
135651,63
552398,63
359829,63
102179,63
196923,63
106605,63
115724,63
538359,63
259281,63
344366,63
448656,63
166066,63
694191,63
564972,63
648057,63
454487,63
663280,63
292424,63
522736,63
222558,63
322427,63
252043,63
389976,63
184731,63
377124,63
191073,63
578376,63
469391,63
29255,63
482163,63
43588,63
234285,63
403049,63
290545,63
21380,63
684248,63
545348,63
659004,63
112998,63
432483,63
524671,63
518065,63
360345,63
47461,63
508707,63
241378,63
166972,63
518076,63
195428,63
372325,63
351373,63
147961,63
172906,63
92055,63
427557,63
478540,63
230688,63
76899,63
96242,63
590869,63
247460,63
416034,63
107850,63
487397,63
351948,63
628700,63
27547,63
256461,63
218746,63
283716,63
303174,63
398311,63
276288,63
684256,63
377993,63
102908,63
573521,63
370026,63
225151,63
519839,63
366910,63
353027,63
379480,63
484250,63
110359,63
545196,63
397802,63
447229,63
82242,63
468286,63
500550,63
189201,63
68241,63
437866,63
566938,63
176888,63
238936,63
437044,63
151413,63
460723,63
13304,63
473499,63
511299,63
28057,63
8511,63
352896,63
496563,63
126567,63
396205,63
342370,63
350520,63
378981,63
59659,63
641298,63
285379,63
556042,63
593645,63
19970,63
543254,63
338042,63
178799,63
317269,63
431270,63
406213,63
537807,63
592911,63
245053,63
435420,63
129578,63
170825,63
168644,63
653027,63
407186,63
573436,63
96289,63
500828,63
137093,63
694930,63
511712,63
674207,63
268264,63
291450,63
83936,63
358048,63
44901,63
250582,63
254910,63
680715,63
267408,63
393108,63
307499,63
33060,63
338246,63
368980,63
377477,63
583168,63
597423,63
589745,63
568787,63
631565,63
226264,63
69240,63
302457,63
583399,63
385479,63
208341,63
468609,63
63523,63
631557,63
212549,63
185561,63
39602,63
361622,63
544577,63
637871,63
226266,63
154712,63
99830,63
218720,63
358834,63
678011,63
631063,63
448886,63
620977,63
40434,63
439964,63
158955,63
498807,63
538003,63
460460,63
112275,63
351742,63
451936,63
138319,63
68004,63
475852,63
281426,63
444555,63
631702,63
132698,63
13637,63
128734,63
456670,63
363609,63
267140,63
259431,63
182513,63
234381,63
299935,63
419629,63
400178,63
428242,63
435835,63
610135,63
32421,63
141970,63
345899,63
401933,63
11764,63
611238,63
594098,63
550163,63
71921,63
222816,63
229662,63
610634,63
539118,63
81410,63
177390,63
523346,63
375410,63
414345,63
611157,63
639908,63
290977,63
615828,63
661359,63
156661,63
214784,63
411314,63
293998,63
604539,63
615295,63
369060,63
496683,63
609328,63
443357,63
223387,63
55248,63
570088,63
532038,63
250243,63
393775,63
645425,63
90514,63
284909,63
388180,63
134529,63
223641,63
315797,63
590825,63
216191,63
560713,63
485746,63
166149,63
598869,63
550635,63
22163,63
322826,63
313992,63
289995,63
409769,63
488209,63
634296,63
485674,63
178561,63
278540,63
129619,63
434351,63
671689,63
466150,63
524709,63
567449,63
38142,63
686318,63
112665,63
49569,63
367177,63
563404,63
210795,63
678005,63
239094,63
84034,63
445800,63
598997,63
238547,63
558937,63
392834,63
545357,63
538766,63
88223,63
8263,63
202387,63
652418,63
214333,63
372690,63
214314,63
11383,63
445609,63
680799,63
679208,63
59469,63
103826,63
382110,63
579561,63
475153,63
164298,63
63072,63
551134,63
632198,63
472915,63
501453,63
494507,63
620980,63
140062,63
227875,63
229487,63
521707,63
459222,63
553588,63
303011,63
653147,63
394778,63
678535,63
282710,63
147934,63
448409,63
165666,63
403157,63
428880,63
490387,63
40471,63
23902,63
78992,63
134058,63
388398,63
64372,63
57971,63
305985,63
469952,63
544779,63
603645,63
26715,63
94,63
222669,63
204927,63
403348,63
352487,63
316128,63
15228,63
193388,63
498904,63
301844,63
307673,63
165444,63
602686,63
83640,63
119568,63
79212,63
9138,63
233768,63
98062,63
82658,63
685442,63
88114,63
120219,63
202730,63
171241,63
325065,63
387273,63
424074,63
84514,63
138532,63
99376,63
222392,63
564828,63
266995,63
296024,63
611879,63
35950,63
99634,63
697344,63
526028,63
416925,63
79781,63
671327,63
555243,63
168010,63
584207,63
164857,63
402215,63
395705,63
179199,63
662385,63
266744,63
393597,63
378596,63
484651,63
232142,63
536641,63
612846,63
270558,63
198769,63
89973,63
553931,63
282050,63
210602,63
88641,63
251373,63
594904,63
570109,63
423875,63
695865,63
306308,63
36509,63
574082,63
148119,63
406562,63
314527,63
36585,63
587665,63
22527,63
64102,63
481938,63
646495,63
26057,63
65521,63
554793,63
76415,63
404075,63
411660,63
190535,63
164293,63
282104,63
290914,63
359397,63
425349,63
619471,63
284070,63
419396,63
543660,63
405364,63
237430,63
232234,63
461504,63
405720,63
605857,63
656727,63
51294,63
578774,63
259480,63
88370,63
399248,63
471973,63
398139,63
72211,63
464128,63
419895,63
660727,63
225682,63
87545,63
611172,63
91762,63
389721,63
77906,63
450844,63
560746,63
548433,63
26131,63
569297,63
639478,63
392981,63
286147,63
196770,63
482219,63
245230,63
655404,63
105269,63
602965,63
645223,63
214746,63
363383,63
358382,63
334015,63
370772,63
536565,63
246185,63
352817,63
210761,63
638144,63
176309,63
680106,63
139827,63
104623,63
596880,63
393373,63
87515,63
33600,63
64084,63
173693,63
478958,63
174063,63
99698,63
98487,63
482612,63
581038,63
610560,63
97364,63
165693,63
447494,63
221490,63
21238,63
466405,63
324866,63
625605,63
594291,63
617767,63
126064,63
146836,63
632599,63
596035,63
524079,63
74536,63
350364,63
666036,63
56231,63
300325,63
536259,63
531573,63
603881,63
364925,63
92533,63
575978,63
84015,63
145939,63
318269,63
198305,63
203961,63
317238,63
563558,63
507961,63
165277,63
482083,63
74948,63
331672,63
292495,63
472934,63
698303,63
688510,63
460882,63
379792,63
645095,63
351700,63
90268,63
484272,63
184937,63
515539,63
484447,63
255950,63
27568,63
374242,63
207473,63
93732,63
126322,63
471584,63
695031,63
277394,63
78979,63
434027,63
604163,63
653239,63
224586,63
365474,63
620597,63
10762,63
491400,63
619089,63
577377,63
429528,63
129278,63
101366,63
543057,63
79883,63
108922,63
399416,63
605868,63
43030,63
692732,63
206751,63
595332,63
36547,63
469690,63
487345,63
232241,63
156938,63
474264,63
530959,63
82109,63
148209,63
401540,63
452608,63
228524,63
468352,63
450963,63
328990,63
626729,63
533683,63
426757,63
90813,63
263972,63
464562,63
49416,63
517658,63
562667,63
540790,63
517897,63
70658,63
615763,63
24474,63
316918,63
314729,63
23513,63
469195,63
143697,63
516010,63
496572,63
525701,63
367674,63
663064,63
346401,63
177663,63
175112,63
685010,63
33894,63
180359,63
490678,63
664277,63
511068,63
434230,63
159760,63
362514,63
131568,63
158022,63
69193,63
90288,63
110685,63
178732,63
175704,63
277462,63
634391,63
331795,63
248153,63
316337,63
661065,63
363097,63
210496,63
196187,63
209324,63
324748,63
480477,63
436242,63
659412,63
483907,63
426183,63
120473,63
157348,63
675822,63
632873,63
602303,63
275540,63
405171,63
542187,63
256626,63
307777,63
108901,63
480468,63
320029,63
247303,63
329687,63
339956,63
474631,63
197049,63
234342,63
232081,63
379064,63
602549,63
232042,63
535122,63
245749,63
71797,63
386109,63
528288,63
645245,63
392880,63
250224,63
314440,63
225147,63
614744,63
526052,63
343651,63
475558,63
509314,63
630078,63
256335,63
535571,63
405247,63
241832,63
697242,63
258732,63
322412,63
424814,63
41012,63
2599,63
49854,63
350485,63
33132,63
640052,63
334014,63
18631,63
190286,63
696725,63
493944,63
225752,63
658629,63
5099,63
288843,63
652784,63
81295,63
240539,63
552292,63
136061,63
542905,63
541316,63
267543,63
296955,63
235780,63
15946,63
581668,63
230478,63
572149,63
133037,63
504514,63
85022,63
429355,63
338438,63
263915,63
455230,63
517206,63
237678,63
419404,63
597130,63
591896,63
217081,63
363770,63
387961,63
599840,63
373680,63
670178,63
42306,63
691719,63
55998,63
569201,63
528141,63
325605,63
513040,63
456616,63
450900,63
21507,63
113405,63
615193,63
521596,63
58635,63
221549,63
121890,63
647785,63
353265,63
435638,63
19729,63
83519,63
468866,63
90038,63
644134,63
118184,63
424916,63
647868,63
585655,63
573700,63
455574,63
298693,63
424472,63
60338,63
340410,63
514200,63
433765,63
33149,63
618689,63
147368,63
332338,63
532291,63
193081,63
278365,63
698784,63
563165,63
135989,63
353490,63
112708,63
51561,63
376660,63
404965,63
543191,63
39472,63
178039,63
100443,63
414958,63
688309,63
522940,63
439933,63
533329,63
123109,63
360383,63
220309,63
293108,63
324342,63
487727,63
249657,63
492358,63
115877,63
38603,63
681161,63
360541,63
143073,63
293778,63
638312,63
604755,63
447891,63
615540,63
512884,63
242237,63
202771,63
485330,63
179897,63
414923,63
606193,63
662961,63
36791,63
9352,63
421613,63
459066,63
24828,63
293539,63
243603,63
257989,63
664672,63
173261,63
68307,63
481092,63
477317,63
531445,63
264910,63
680049,63
697396,63
688176,63
276793,63
4003,63
428179,63
551557,63
644866,63
604172,63
3383,63
29131,63
317753,63
580794,63
614108,63
378753,63
225041,63
556826,63
695114,63
279761,63
664175,63
413772,63
140602,63
542908,63
364469,63
303348,63
100746,63
44157,63
103857,63
560665,63
644662,63
248614,63
123967,63
268882,63
197757,63
617559,63
424011,63
304427,63
311545,63
315435,63
208815,63
302368,63
422232,63
649773,63
555090,63
399917,63
490775,63
72139,63
633864,63
436534,63
342933,63
407355,63
222695,63
376676,63
637563,63
401381,63
94385,63
693146,63
338934,63
522858,63
675663,63
394435,63
270693,63
595381,63
297095,63
500611,63
352417,63
73537,63
177589,63
425701,63
284271,63
525349,63
46437,63
243946,63
258694,63
328208,63
372201,63
698087,63
64620,63
680204,63
171437,63
300850,63
594341,63
537485,63
123010,63
83809,63
548853,63
219364,63
338018,63
571405,63
337305,63
590426,63
392305,63
608338,63
209261,63
127356,63
321551,63
105926,63
173381,63
195180,63
189829,63
100530,63
510499,63
516265,63
291953,63
76250,63
348704,63
50392,63
237203,63
382459,63
295319,63
507523,63
103645,63
220389,63
20391,63
582430,63
177113,63
246032,63
676487,63
528105,63
337623,63
512622,63
333193,63
265339,63
119957,63
696268,63
155364,63
361869,63
98399,63
665251,63
108625,63
470251,63
692878,63
9436,63
102762,63
391202,63
632449,63
92628,63
6559,63
406563,63
661633,63
485394,63
283758,63
10759,63
499921,63
543867,63
522318,63
649497,63
636047,63
560891,63
453249,63
399722,63
174427,63
326098,63
289493,63
79669,63
192540,63
70670,63
454776,63
13240,63
384307,63
515737,63
49165,63
635025,63
38812,63
504371,63
20863,63
486529,63
62192,63
156807,63
248531,63
388370,63
460732,63
454687,63
518119,63
177860,63
103428,63
217903,63
373890,63
230756,63
301281,63
5128,63
151759,63
180258,63
317181,63
237992,63
634508,63
650152,63
394091,63
269944,63
423633,63
274639,63
158580,63
58463,63
580,63
242502,63
110984,63
344535,63
648946,63
131405,63
148252,63
609132,63
441220,63
489540,63
305815,63
127072,63
663576,63
333562,63
15580,63
294419,63
111447,63
635716,63
202598,63
548724,63
131454,63
634068,63
337837,63
534155,63
439744,63
561709,63
650454,63
187477,63
680479,63
60298,63
281365,63
293893,63
59503,63
697527,63
264614,63
323807,63
209700,63
34580,63
163748,63
100600,63
347363,63
503372,63
51370,63
234115,63
7816,63
609123,63
28592,63
589868,63
86260,63
432393,63
564943,63
588110,63
254336,63
152768,63
320044,63
82444,63
190879,63
306245,63
34883,63
21297,63
166486,63
327561,63
102377,63
266149,63
514370,63
6332,63
385022,63
310996,63
342698,63
248289,63
82852,63
536633,63
475396,63
25933,63
499615,63
325120,63
202647,63
384448,63
227368,63
35064,63
543083,63
482760,63
167117,63
419931,63
445076,63
18852,63
222003,63
658210,63
612541,63
34895,63
650930,63
460003,63
548129,63
453074,63
456314,63
192043,63
214419,63
179960,63
559229,63
56930,63
21145,63
522182,63
183697,63
451009,63
165290,63
674096,63
447115,63
449804,63
114900,63
682269,63
124637,63
276349,63
452043,63
492490,63
380822,63
285098,63
684006,63
607178,63
225932,63
266460,63
593434,63
198958,63
205405,63
593330,63
342488,63
536595,63
457399,63
453343,63
190930,63
231744,63
356209,63
197355,63
96539,63
604264,63
70517,63
29738,63
432266,63
456645,63
575860,63
411555,63
528213,63
518750,63
295069,63
422348,63
351394,63
157037,63
590634,63
686947,63
619005,63
239801,63
80218,63
651257,63
127692,63
594559,63
277396,63
608310,63
397634,63
44419,63
215021,63
236148,63
47180,63
378637,63
108873,63
665965,63
522787,63
625317,63
311876,63
22956,63
495668,63
25451,63
452488,63
636758,63
39074,63
343876,63
56359,63
320778,63
322233,63
166937,63
458205,63
50267,63
674058,63
170594,63
628363,63
84352,63
449998,63
179410,63
395563,63
291797,63
420090,63
357737,63
401611,63
387169,63
220993,63
534150,63
652524,63
622413,63
532031,63
680450,63
124374,63
493244,63
9164,63
188785,63
12048,63
518158,63
340226,63
527439,63
318243,63
458622,63
295589,63
544324,63
471884,63
512646,63
681415,63
291147,63
623409,63
472990,63
33235,63
206067,63
680765,63
270448,63
111153,63
39097,63
655150,63
538460,63
224283,63
376610,63
636275,63
623317,63
241626,63
136309,63
216845,63
595333,63
72290,63
601980,63
636099,63
267172,63
505311,63
366123,63
615975,63
572027,63
265925,63
52656,63
500418,63
615880,63
400052,63
259305,63
636687,63
290800,63
277507,63
569678,63
629676,63
648693,63
580535,63
131348,63
121629,63
436880,63
456249,63
633760,63
571921,63
681545,63
32466,63
219605,63
548305,63
95389,63
458133,63
154163,63
264890,63
60750,63
631329,63
26972,63
656516,63
343763,63
398928,63
264535,63
92361,63
416410,63
8918,63
428653,63
548564,63
614005,63
58367,63
626057,63
67121,63
492255,63
669465,63
63899,63
539869,63
567297,63
337797,63
71438,63
79454,63
487462,63
506257,63
408319,63
503698,63
234907,63
147589,63
670507,63
281007,63
414611,63
691762,63
651949,63
144667,63
656161,63
522039,63
28013,63
685028,63
612451,63
348381,63
268721,63
399176,63
112628,63
287409,63
86796,63
599048,63
225409,63
240559,63
394488,63
155698,63
430456,63
665720,63
596620,63
219617,63
71922,63
641549,63
219079,63
403093,63
390007,63
95766,63
680092,63
281525,63
238630,63
32942,63
340737,63
574158,63
231801,63
548204,63
87437,63
617333,63
256392,63
27955,63
433775,63
28986,63
123058,63
223699,63
303152,63
328495,63
191789,63
332672,63
646671,63
381977,63
48287,63
38702,63
184436,63
215975,63
426178,63
236960,63
139503,63
608317,63
123321,63
8819,63
353641,63
50173,63
603199,63
691313,63
121921,63
649781,63
331755,63
589155,63
68504,63
17726,63
635286,63
359410,63
500986,63
455425,63
514470,63
102195,63
596561,63
552104,63
517437,63
373879,63
161522,63
201005,63
44999,63
131357,63
470267,63
39046,63
419401,63
508294,63
667553,63
447864,63
209603,63
641069,63
235102,63
597762,63
467470,63
332347,63
123391,63
458974,63
135746,63
358919,63
260180,63
692704,63
52133,63
625219,63
347722,63
658202,63
580032,63
388399,63
74005,63
146761,63
599334,63
637364,63
170119,63
376431,63
563763,63
329217,63
129810,63
242950,63
432055,63
14619,63
448392,63
332285,63
31318,63
427136,63
359679,63
37222,63
148724,63
541009,63
655782,63
234509,63
266492,63
94863,63
572483,63
449831,63
543872,63
465675,63
372683,63
437404,63
31721,63
268705,63
241904,63
4559,63
241809,63
412343,63
482491,63
417421,63
298764,63
290380,63
205484,63
106087,63
352769,63
654354,63
571020,63
623247,63
396529,63
199752,63
114113,63
503204,63
393980,63
313504,63
227970,63
53126,63
176425,63
102929,63
518936,63
512540,63
1640,63
132082,63
166101,63
535941,63
430063,63
74947,63
574177,63
166777,63
97077,63
636332,63
544039,63
149159,63
470237,63
345560,63
261439,63
564155,63
317387,63
570005,63
648112,63
247796,63
396157,63
379633,63
308891,63
618491,63
436742,63
295190,63
390253,63
91499,63
7916,63
443768,63
395665,63
222408,63
411751,63
427406,63
669655,63
219879,63
234103,63
483872,63
495050,63
38563,63
183379,63
126532,63
675600,63
676205,63
592053,63
500734,63
428494,63
241070,63
411745,63
69225,63
306246,63
111962,63
23874,63
630402,63
538709,63
536396,63
689946,63
538658,63
375252,63
390863,63
333339,63
572795,63
583603,63
312565,63
664522,63
677554,63
590882,63
106919,63
582560,63
218378,63
630013,63
529669,63
210625,63
549347,63
186888,63
134186,63
524849,63
110037,63
263688,63
536797,63
52483,63
323598,63
142353,63
235726,63
235238,63
358002,63
682176,63
484689,63
293002,63
585718,63
70227,63
522112,63
133114,63
362052,63
211380,63
446464,63
550745,63
274235,63
206965,63
284674,63
164696,63
619368,63
578530,63
440192,63
439881,63
445659,63
546501,63
462566,63
169028,63
512677,63
151351,63
313270,63
225994,63
679202,63
693501,63
63825,63
335052,63
587172,63
147391,63
362186,63
350537,63
140208,63
626701,63
507217,63
426592,63
319116,63
616728,63
493619,63
490062,63
184345,63
37875,63
646082,63
30935,63
568152,63
322982,63
64073,63
383591,63
214987,63
673281,63
682685,63
369821,63
303498,63
658461,63
227555,63
289189,63
343599,63
184472,63
101967,63
496990,63
339725,63
257433,63
217839,63
2994,63
539348,63
326561,63
344725,63
234287,63
12877,63
233198,63
668706,63
148049,63
75918,63
613602,63
696109,63
435762,63
655346,63
664039,63
686136,63
514747,63
441330,63
527409,63
414056,63
548213,63
255475,63
195279,63
501979,63
10649,63
384479,63
418513,63
615940,63
320282,63
282730,63
554222,63
598507,63
363556,63
464035,63
291695,63
337259,63
664370,63
84464,63
64689,63
103800,63
568449,63
365004,63
479338,63
37333,63
512731,63
518968,63
477098,63
62053,63
350699,63
296297,63
217700,63
394397,63
6046,63
493661,63
495919,63
386443,63
534140,63
639421,63
352656,63
161670,63
588689,63
49581,63
604385,63
629907,63
122523,63
292349,63
117222,63
539813,63
418060,63
395917,63
180763,63
205314,63
188885,63
663641,63
567072,63
456321,63
217594,63
506655,63
505411,63
503309,63
159308,63
18614,63
452443,63
569395,63
439779,63
105376,63
574640,63
421891,63
218970,63
143202,63
449342,63
191480,63
419331,63
639574,63
287867,63
514207,63
609814,63
407756,63
547260,63
105538,63
53639,63
4300,63
536397,63
280086,63
308000,63
78824,63
678089,63
167170,63
601276,63
275839,63
86382,63
395083,63
285512,63
481114,63
348574,63
298497,63
291977,63
600890,63
39801,63
618267,63
532207,63
326534,63
256670,63
185624,63
116385,63
324096,63
222980,63
588643,63
577264,63
528260,63
444024,63
113170,63
18869,63
574554,63
433713,63
580222,63
282106,63
339176,63
574309,63
449631,63
256524,63
144809,63
122339,63
570459,63
241745,63
158500,63
500399,63
273551,63
538287,63
47528,63
439149,63
284488,63
414465,63
496592,63
189337,63
371988,63
433399,63
39565,63
408058,63
637162,63
459883,63
377144,63
206613,63
14067,63
205660,63
38559,63
577022,63
44663,63
631508,63
491326,63
178475,63
191070,63
342447,63
611821,63
526686,63
465339,63
324543,63
656029,63
26433,63
155016,63
354169,63
200631,63
12836,63
594665,63
8509,63
137649,63
160298,63
266512,63
569791,63
693591,63
452513,63
695925,63
568203,63
598671,63
671784,63
29770,63
608546,63
130601,63
269731,63
329166,63
138626,63
592441,63
430274,63
272393,63
478348,63
195894,63
387411,63
322985,63
302695,63
289962,63
631022,63
21294,63
454038,63
368316,63
253062,63
159211,63
117747,63
271404,63
457826,63
299849,63
588701,63
170718,63
347761,63
553727,63
505239,63
150394,63
154562,63
79511,63
96062,63
597097,63
599058,63
235242,63
469908,63
405757,63
323699,63
201908,63
654203,63
338948,63
656981,63
78127,63
173425,63
522212,63
374020,63
601087,63
26145,63
322007,63
47850,63
407369,63
489052,63
188722,63
274205,63
172594,63
324582,63
108417,63
597605,63
475804,63
296834,63
245052,63
339291,63
537213,63
185474,63
105872,63
235274,63
380375,63
587098,63
570240,63
524803,63
656985,63
453770,63
693006,63
632606,63
526898,63
182930,63
528311,63
26771,63
105801,63
413770,63
75957,63
143257,63
498925,63
396345,63
69267,63
411260,63
331192,63
134074,63
531481,63
597230,63
250962,63
657934,63
616712,63
6925,63
234460,63
658890,63
444629,63
605623,63
314802,63
338690,63
648397,63
207049,63
552235,63
653998,63
109238,63
342235,63
185144,63
402658,63
232327,63
284630,63
127231,63
648315,63
298295,63
578962,63
270500,63
542564,63
452393,63
142946,63
555578,63
435412,63
692612,63
626920,63
651810,63
214489,63
648592,63
617667,63
576628,63
456046,63
476726,63
371879,63
56460,63
130832,63
461786,63
680271,63
218518,63
77762,63
23585,63
600670,63
227915,63
148586,63
508924,63
105924,63
436888,63
545799,63
554378,63
587426,63
404852,63
146675,63
275554,63
641839,63
171148,63
7914,63
136377,63
93858,63
303009,63
345337,63
409120,63
504554,63
187880,63
478603,63
311664,63
86232,63
365234,63
689968,63
297790,63
172640,63
342882,63
649370,63
198587,63
132499,63
133556,63
404228,63
285683,63
421295,63
524283,63
528469,63
526359,63
58858,63
225248,63
199477,63
413649,63
294843,63
220404,63
316232,63
673136,63
674062,63
625602,63
226177,63
252469,63
511103,63
107077,63
284125,63
193961,63
392177,63
78357,63
56622,63
297208,63
412234,63
639732,63
346567,63
131958,63
340326,63
663682,63
228410,63
354702,63
381703,63
484640,63
437455,63
518891,63
189184,63
574380,63
486677,63
338055,63
386147,63
426382,63
193065,63
434509,63
581921,63
413895,63
16284,63
563400,63
166375,63
39192,63
99600,63
101700,63
20006,63
328563,63
270649,63
352713,63
76806,63
82427,63
366830,63
372442,63
256708,63
142008,63
615184,63
265609,63
453678,63
558483,63
607641,63
299948,63
69315,63
680263,63
100136,63
382747,63
225460,63
107063,63
599146,63
614337,63
333203,63
311717,63
362628,63
395059,63
189478,63
91049,63
10364,63
374339,63
502831,63
95493,63
326250,63
549684,63
338527,63
24245,63
197987,63
165598,63
662926,63
655978,63
404839,63
85576,63
663161,63
40345,63
264858,63
285266,63
177006,63
168750,63
327389,63
169239,63
471401,63
17015,63
371824,63
505976,63
602996,63
393331,63
424947,63
64149,63
536062,63
207263,63
228420,63
152874,63
387775,63
546213,63
105137,63
213944,63
641683,63
211078,63
204074,63
77705,63
646319,63
330705,63
15868,63
515936,63
102553,63
637456,63
291899,63
15572,63
502160,63
405976,63
48945,63
76846,63
100976,63
194759,63
372155,63
60215,63
225711,63
99420,63
405460,63
581820,63
408005,63
550990,63
269349,63
60565,63
263218,63
43798,63
529933,63
147576,63
178555,63
279180,63
623088,63
421243,63
375819,63
410580,63
132351,63
227132,63
511653,63
253230,63
416387,63
329657,63
352272,63
230329,63
511874,63
612724,63
264941,63
659691,63
244170,63
237759,63
356467,63
456191,63
590375,63
509105,63
474606,63
11433,63
487039,63
636246,63
529539,63
312644,63
503890,63
678463,63
63138,63
252022,63
636434,63
252889,63
105321,63
492472,63
417616,63
376784,63
224352,63
215221,63
391624,63
444955,63
698446,63
278962,63
65422,63
123923,63
464087,63
468418,63
238782,63
265941,63
486131,63
159050,63
666822,63
566679,63
10778,63
499082,63
199664,63
689455,63
119472,63
333680,63
252015,63
609605,63
231207,63
259932,63
113483,63
174736,63
303382,63
123067,63
649018,63
48927,63
28982,63
547662,63
263563,63
663021,63
551909,63
470599,63
310435,63
591897,63
394496,63
504641,63
161,63
45234,63
680183,63
678275,63
683040,63
87924,63
210740,63
574244,63
275041,63
64829,63
109536,63
419465,63
218876,63
269718,63
218061,63
29090,63
441848,63
141382,63
646807,63
30724,63
547257,63
618731,63
1998,63
157902,63
271978,63
139774,63
426010,63
71557,63
692649,63
312352,63
663986,63
268371,63
134336,63
601794,63
157002,63
184559,63
644637,63
359864,63
330559,63
307538,63
370929,63
202778,63
299561,63
14117,63
562038,63
338978,63
242963,63
24288,63
581334,63
588423,63
120496,63
435678,63
241472,63
258921,63
467187,63
73905,63
319404,63
16893,63
677206,63
452975,63
295979,63
193901,63
594353,63
44123,63
694069,63
39381,63
533112,63
191984,63
482192,63
682649,63
358222,63
357673,63
632633,63
93570,63
660716,63
404542,63
243850,63
234968,63
521921,63
522666,63
304360,63
345035,63
45058,63
79527,63
342896,63
579954,63
74922,63
511695,63
326451,63
202556,63
597869,63
408331,63
389434,63
607195,63
609976,63
137738,63
168884,63
478078,63
611957,63
56479,63
659514,63
308057,63
511176,63
83538,63
87969,63
245003,63
684026,63
517363,63
686303,63
76592,63
681103,63
497419,63
85372,63
487468,63
636805,63
311266,63
554298,63
320748,63
554424,63
462744,63
254239,63
365832,63
67831,63
546837,63
374586,63
538909,63
565059,63
27940,63
523925,63
596775,63
130797,63
233152,63
170188,63
353724,63
348114,63
311856,63
514725,63
12813,63
607595,63
193990,63
608750,63
511457,63
267026,63
454924,63
524451,63
639491,63
530686,63
329411,63
644400,63
576166,63
347640,63
275305,63
634807,63
500318,63
84025,63
11759,63
253772,63
491285,63
419378,63
609466,63
421602,63
629006,63
429097,63
576138,63
306742,63
237525,63
306249,63
616496,63
89913,63
239774,63
676445,63
574197,63
275713,63
425584,63
536503,63
422066,63
304636,63
255780,63
125749,63
333075,63
326073,63
588077,63
570901,63
642462,63
309701,63
422673,63
87541,63
131923,63
611505,63
378174,63
473591,63
475373,63
550280,63
654543,63
559489,63
324934,63
256472,63
521719,63
680569,63
235473,63
600733,63
7698,63
668250,63
470565,63
356197,63
212687,63
273253,63
376291,63
154492,63
609816,63
53321,63
570204,63
500771,63
477748,63
199908,63
311706,63
173399,63
147432,63
524772,63
260073,63
172353,63
4560,63
592400,63
647507,63
697618,63
50831,63
17913,63
370530,63
672338,63
16865,63
47752,63
616375,63
290126,63
630523,63
560686,63
521333,63
542304,63
381476,63
496212,63
134393,63
104193,63
66687,63
490380,63
353435,63
347193,63
70597,63
496984,63
558380,63
629779,63
188480,63
291409,63
661180,63
181447,63
22699,63
74973,63
579699,63
535360,63
74704,63
172617,63
320728,63
513466,63
157505,63
496898,63
383910,63
511072,63
168808,63
375031,63
290588,63
246065,63
357220,63
151027,63
286267,63
523407,63
361436,63
113981,63
380736,63
133152,63
399997,63
326806,63
595188,63
223765,63
174384,63
576960,63
339545,63
105247,63
373562,63
581980,63
226250,63
286533,63
643604,63
174678,63
140316,63
400064,63
452147,63
26171,63
427058,63
631042,63
170992,63
77316,63
614907,63
65538,63
263835,63
390122,63
178202,63
420492,63
660553,63
376173,63
160738,63
309630,63
568134,63
319961,63
653603,63
570355,63
145646,63
243085,63
678441,63
20765,63
389116,63
448215,63
365100,63
696232,63
667911,63
167517,63
637511,63
634255,63
76042,63
676994,63
303035,63
592293,63
272659,63
44203,63
287769,63
418668,63
202319,63
341264,63
136017,63
613666,63
673003,63
258089,63
272273,63
479593,63
473097,63
635984,63
136269,63
685351,63
334373,63
417632,63
95481,63
434244,63
99905,63
695301,63
376484,63
697499,63
289435,63
333219,63
280819,63
386740,63
532324,63
524200,63
230833,63
240793,63
268735,63
333412,63
438977,63
603175,63
62179,63
342966,63
507,63
645916,63
461483,63
54872,63
649551,63
388906,63
299845,63
680249,63
148903,63
669233,63
627313,63
525091,63
218498,63
535390,63
288415,63
221131,63
70023,63
402245,63
414797,63
411778,63
176637,63
20605,63
557367,63
437125,63
532164,63
420938,63
98290,63
687484,63
435269,63
41377,63
324741,63
481407,63
361112,63
697359,63
649711,63
247012,63
369862,63
50588,63
334603,63
57655,63
82499,63
68148,63
193677,63
2195,63
228559,63
494808,63
141939,63
150200,63
571880,63
104192,63
314717,63
285999,63
558601,63
626500,63
602139,63
629261,63
346343,63
624238,63
259318,63
186186,63
128430,63
224020,63
500831,63
570739,63
322661,63
631012,63
46287,63
34404,63
393737,63
137754,63
374230,63
179911,63
279592,63
110790,63
306040,63
201760,63
387996,63
579352,63
302255,63
138192,63
45989,63
138247,63
74656,63
355648,63
486396,63
23529,63
490351,63
564433,63
645662,63
458438,63
133050,63
476948,63
301059,63
392498,63
627209,63
519978,63
445061,63
3435,63
267095,63
465334,63
334484,63
271805,63
569008,63
314472,63
99475,63
677908,63
603028,63
212179,63
257248,63
496760,63
74348,63
441486,63
417094,63
459254,63
2587,63
217251,63
632824,63
32273,63
697430,63
458272,63
55596,63
563333,63
163732,63
626367,63
457326,63
604411,63
157589,63
515211,63
90645,63
520368,63
281165,63
131489,63
540847,63
303153,63
196707,63
207060,63
277400,63
58727,63
68151,63
411063,63
92609,63
452158,63
654509,63
254827,63
539818,63
145069,63
505887,63
128066,63
507810,63
511156,63
207454,63
519480,63
403956,63
511264,63
330046,63
331477,63
133485,63
466708,63
414683,63
12814,63
512285,63
385418,63
187586,63
411858,63
308148,63
640466,63
285280,63
255010,63
652621,63
586980,63
626292,63
140150,63
546111,63
114224,63
311634,63
665073,63
413702,63
110515,63
84482,63
377351,63
70444,63
629901,63
208284,63
246029,63
615332,63
187293,63
174704,63
269345,63
195930,63
286998,63
54167,63
123512,63
341993,63
463394,63
233553,63
387117,63
62707,63
268465,63
526000,63
105659,63
9904,63
447571,63
230761,63
445518,63
558090,63
98858,63
494459,63
482775,63
444158,63
470181,63
594097,63
141004,63
393710,63
508722,63
482918,63
589871,63
195380,63
12320,63
304010,63
418916,63
697222,63
39809,63
160677,63
179025,63
225830,63
37844,63
68911,63
109653,63
405174,63
211384,63
10525,63
148416,63
192472,63
661661,63
347967,63
685143,63
42078,63
233555,63
119502,63
255984,63
528659,63
375516,63
211718,63
261812,63
55181,63
79533,63
486406,63
411250,63
486323,63
156046,63
133676,63
68395,63
575776,63
503735,63
21480,63
550659,63
392890,63
190825,63
4819,63
645511,63
136137,63
673820,63
364292,63
375241,63
173461,63
531653,63
122394,63
279593,63
262617,63
630313,63
409223,63
346131,63
571713,63
323122,63
699180,63
553001,63
131085,63
146002,63
422317,63
92184,63
607579,63
369516,63
345068,63
694739,63
10386,63
126136,63
343152,63
495101,63
447268,63
422798,63
377109,63
673048,63
39208,63
453871,63
51800,63
428018,63
365065,63
682611,63
178156,63
439617,63
129539,63
495933,63
527136,63
691062,63
306080,63
531634,63
564565,63
356473,63
621612,63
613893,63
89824,63
479552,63
51867,63
549627,63
313322,63
678951,63
97279,63
655263,63
141562,63
96788,63
673359,63
297412,63
619033,63
673637,63
195640,63
614239,63
682273,63
4114,63
144188,63
200226,63
435484,63
662587,63
374174,63
425629,63
215540,63
263104,63
561037,63
122196,63
382622,63
384447,63
516702,63
365477,63
273034,63
425831,63
100689,63
454134,63
554543,63
529204,63
600117,63
197262,63
687759,63
327534,63
393653,63
329024,63
645875,63
114655,63
370676,63
47582,63
508080,63
606246,63
241220,63
615150,63
19854,63
410563,63
579984,63
301333,63
362295,63
569287,63
480440,63
617639,63
117644,63
12520,63
167926,63
643572,63
659035,63
305419,63
7136,63
232722,63
340777,63
368665,63
282189,63
82249,63
336354,63
45192,63
594271,63
114771,63
437649,63
479838,63
550326,63
394968,63
564872,63
631864,63
635023,63
363219,63
501020,63
191067,63
192474,63
649823,63
509156,63
183727,63
471187,63
681575,63
237971,63
674399,63
304497,63
254477,63
657724,63
286989,63
672864,63
638787,63
182978,63
92883,63
217582,63
101210,63
453386,63
25466,63
22848,63
379024,63
689963,63
72143,63
400094,63
314995,63
518881,63
399377,63
453274,63
337194,63
289596,63
3461,63
342859,63
622250,63
176913,63
131768,63
573321,63
542345,63
553523,63
270882,63
195132,63
252189,63
288796,63
481716,63
271849,63
506676,63
104360,63
316374,63
637308,63
489727,63
327705,63
460844,63
343408,63
145419,63
569333,63
324464,63
24031,63
89187,63
156737,63
572060,63
268405,63
124205,63
635966,63
633598,63
522250,63
160661,63
499245,63
485447,63
248423,63
415263,63
415327,63
432714,63
692227,63
170177,63
171508,63
695775,63
696070,63
280413,63
634234,63
244436,63
141418,63
651513,63
60254,63
176232,63
247649,63
604245,63
87134,63
347017,63
12304,63
15640,63
4937,63
140760,63
447979,63
649787,63
561454,63
426373,63
331982,63
317298,63
37873,63
637409,63
443145,63
239562,63
387597,63
381576,63
191353,63
613837,63
649955,63
568497,63
597691,63
588601,63
483099,63
391272,63
573890,63
253739,63
463806,63
391208,63
118221,63
293590,63
158864,63
535954,63
182502,63
18984,63
657855,63
167220,63
295288,63
133107,63
50031,63
16534,63
539206,63
22878,63
12161,63
636336,63
433094,63
160571,63
221770,63
207114,63
49886,63
90428,63
83925,63
523606,63
70689,63
373520,63
190282,63
185003,63
119160,63
308344,63
547846,63
86571,63
211854,63
130817,63
27932,63
57879,63
347710,63
86876,63
527150,63
531722,63
573413,63
438176,63
672356,63
590435,63
263380,63
593799,63
150665,63
40312,63
341060,63
377923,63
413004,63
113227,63
460149,63
11029,63
99646,63
420343,63
87981,63
27803,63
16928,63
201922,63
179661,63
195848,63
211891,63
237129,63
318376,63
172432,63
177114,63
443018,63
129276,63
423483,63
301051,63
90882,63
415186,63
130299,63
433625,63
129464,63
379291,63
627907,63
24963,63
639699,63
512136,63
360962,63
346241,63
549867,63
57680,63
242313,63
341392,63
481863,63
237887,63
122366,63
170954,63
162887,63
554560,63
77074,63
188809,63
337899,63
314426,63
613856,63
387076,63
495906,63
180466,63
634774,63
575003,63
526647,63
505571,63
398387,63
664512,63
696023,63
278166,63
505398,63
364588,63
671673,63
196446,63
452805,63
323561,63
128797,63
45135,63
362852,63
380741,63
597224,63
534101,63
594222,63
152910,63
177311,63
186121,63
371228,63
613310,63
34905,63
109965,63
240674,63
5233,63
308869,63
206524,63
557531,63
280582,63
253338,63
304000,63
72133,63
303961,63
548437,63
462138,63
231808,63
336584,63
184676,63
40976,63
680746,63
114494,63
207107,63
381687,63
51101,63
426793,63
583440,63
281674,63
111783,63
461527,63
355097,63
255735,63
174630,63
43633,63
120372,63
630616,63
64364,63
686679,63
171402,63
428506,63
377428,63
400088,63
137873,63
310118,63
441290,63
231850,63
446176,63
645088,63
51976,63
556296,63
189675,63
23693,63
464096,63
478756,63
336700,63
648466,63
484442,63
255500,63
653269,63
231478,63
361493,63
312787,63
39186,63
221723,63
11021,63
674492,63
242485,63
177292,63
620776,63
217833,63
362116,63
356944,63
33200,63
137689,63
639171,63
691148,63
450671,63
627112,63
258064,63
289003,63
264185,63
56078,63
62864,63
121324,63
441246,63
424453,63
690791,63
663145,63
153505,63
283852,63
26990,63
679057,63
311596,63
405049,63
625556,63
319733,63
308291,63
493189,63
384130,63
83160,63
131816,63
430656,63
107004,63
507498,63
63654,63
684355,63
491575,63
162059,63
76450,63
404848,63
395033,63
373594,63
538426,63
208281,63
464426,63
235807,63
219695,63
389259,63
56994,63
79823,63
494401,63
242682,63
399867,63
98312,63
110450,63
276838,63
479307,63
245692,63
422439,63
208328,63
47234,63
90494,63
82593,63
236978,63
264752,63
473113,63
326515,63
90837,63
687524,63
601926,63
442114,63
91356,63
651368,63
363542,63
582605,63
417417,63
255228,63
494957,63
271043,63
633848,63
114803,63
290672,63
527570,63
203133,63
403334,63
466204,63
693245,63
222911,63
18741,63
650440,63
7431,63
214661,63
158951,63
648347,63
591269,63
682504,63
402005,63
369232,63
173661,63
247539,63
303647,63
573026,63
183915,63
353193,63
47708,63
25440,63
49991,63
653412,63
391270,63
328189,63
565372,63
157582,63
189745,63
67000,63
210593,63
506468,63
319395,63
270290,63
571684,63
363017,63
465335,63
96108,63
616265,63
172103,63
422431,63
106045,63
181003,63
605269,63
553363,63
52804,63
277211,63
588852,63
688420,63
233811,63
322449,63
660285,63
79423,63
428338,63
199822,63
295616,63
674138,63
83258,63
269962,63
451694,63
617389,63
362979,63
253494,63
646329,63
66345,63
649767,63
27510,63
402743,63
165787,63
612394,63
120415,63
448345,63
502603,63
205130,63
381530,63
171816,63
459139,63
376373,63
509250,63
300734,63
511559,63
116007,63
687072,63
547955,63
290425,63
409806,63
70454,63
73271,63
231461,63
502024,63
400634,63
174527,63
264045,63
45136,63
85868,63
681235,63
322708,63
482021,63
390224,63
30030,63
325170,63
680769,63
342251,63
510599,63
388597,63
289570,63
675063,63
150770,63
383597,63
262706,63
377655,63
625427,63
216429,63
550406,63
43408,63
550018,63
38908,63
58388,63
77414,63
657067,63
437729,63
565426,63
248123,63
672912,63
334399,63
548789,63
682430,63
219930,63
82928,63
694446,63
43894,63
473365,63
173368,63
35366,63
416214,63
98165,63
619643,63
543769,63
12785,63
198595,63
486581,63
197425,63
275404,63
402173,63
99441,63
232696,63
478397,63
319190,63
8067,63
662280,63
557068,63
44776,63
122212,63
201305,63
72974,63
551190,63
20157,63
378737,63
59854,63
467309,63
484786,63
508255,63
311904,63
80351,63
74630,63
373074,63
587181,63
375638,63
63866,63
428981,63
561074,63
402091,63
59332,63
339141,63
358073,63
308062,63
541747,63
74058,63
13608,63
631814,63
59384,63
84955,63
182576,63
417028,63
12436,63
595586,63
382224,63
495435,63
512490,63
265516,63
30661,63
11852,63
70093,63
266132,63
664078,63
416356,63
513830,63
144804,63
658147,63
657006,63
60050,63
444583,63
82949,63
321167,63
17451,63
185369,63
358733,63
171030,63
428511,63
586489,63
456522,63
616929,63
175972,63
297973,63
319261,63
368472,63
293917,63
543819,63
252523,63
10058,63
262613,63
615473,63
235750,63
684289,63
142908,63
663115,63
569825,63
181209,63
113741,63
666151,63
257309,63
606026,63
98718,63
442451,63
610151,63
664086,63
333454,63
204195,63
213658,63
696307,63
40767,63
246429,63
650976,63
498640,63
204875,63
556286,63
668253,63
191451,63
331016,63
314858,63
480346,63
318863,63
129991,63
469688,63
694878,63
181020,63
82733,63
487246,63
90337,63
275250,63
436107,63
73326,63
276453,63
578605,63
74055,63
170983,63
505281,63
281337,63
620287,63
38484,63
133522,63
384259,63
217000,63
562340,63
552823,63
540876,63
104277,63
657272,63
113276,63
329355,63
625921,63
60758,63
104352,63
270518,63
167643,63
138721,63
261068,63
497218,63
172420,63
552183,63
675293,63
474859,63
33686,63
320203,63
687380,63
694936,63
550107,63
673008,63
607763,63
94552,63
574456,63
445110,63
461826,63
265821,63
290233,63
566449,63
498863,63
316016,63
262956,63
52863,63
70964,63
153410,63
419534,63
454996,63
207334,63
578673,63
452238,63
470061,63
51718,63
99692,63
477823,63
12191,63
59922,63
16220,63
606540,63
532718,63
510046,63
581806,63
444296,63
3033,63
86701,63
632512,63
475331,63
203323,63
596902,63
318037,63
36118,63
424353,63
13320,63
334592,63
50924,63
537288,63
549799,63
39777,63
258150,63
20339,63
614916,63
557458,63
251479,63
661969,63
182921,63
416096,63
503358,63
689206,63
257255,63
37144,63
324857,63
550002,63
477479,63
380654,63
540490,63
342874,63
507903,63
366380,63
400919,63
377339,63
605728,63
411427,63
182225,63
336642,63
130521,63
249281,63
80482,63
319594,63
557905,63
445458,63
109658,63
306476,63
128060,63
353560,63
368225,63
666595,63
126072,63
415812,63
562817,63
283910,63
631274,63
220414,63
692786,63
268308,63
526576,63
596462,63
52901,63
470665,63
531646,63
296804,63
671029,63
631082,63
535165,63
695896,63
454858,63
380769,63
399395,63
626336,63
645178,63
128981,63
501568,63
416003,63
549571,63
332121,63
265065,63
460318,63
314483,63
571127,63
344393,63
240616,63
59766,63
204041,63
592546,63
433705,63
326967,63
489418,63
561646,63
35017,63
176980,63
247538,63
50215,63
182659,63
618845,63
440020,63
263701,63
535133,63
151270,63
140590,63
232889,63
137169,63
132066,63
462486,63
659068,63
13125,63
524120,63
121247,63
476532,63
545596,63
79832,63
157197,63
515431,63
308662,63
316555,63
616643,63
142706,63
39095,63
246906,63
122059,63
485628,63
418099,63
211971,63
385828,63
1758,63
297556,63
563346,63
642489,63
436837,63
688377,63
695745,63
619146,63
479388,63
242800,63
293961,63
365405,63
279808,63
176429,63
491149,63
402530,63
510159,63
3912,63
303198,63
74243,63
398003,63
467283,63
607009,63
206559,63
381854,63
190124,63
366037,63
233562,63
632562,63
96008,63
664544,63
449759,63
340312,63
305064,63
9278,63
539655,63
226610,63
444521,63
453481,63
331360,63
178486,63
492484,63
600413,63
463204,63
245646,63
275654,63
684556,63
98706,63
492871,63
510851,63
514706,63
338051,63
472490,63
360735,63
615110,63
261,63
444940,63
14247,63
412332,63
557847,63
185081,63
341835,63
396798,63
305303,63
315444,63
650397,63
590263,63
473495,63
215837,63
253488,63
583823,63
43378,63
354433,63
353721,63
90355,63
648316,63
150503,63
184371,63
508833,63
306554,63
568652,63
48326,63
314542,63
39651,63
556130,63
533871,63
97566,63
22123,63
544337,63
340838,63
402797,63
195917,63
251578,63
68491,63
331142,63
668290,63
451215,63
198270,63
55216,63
63321,63
668282,63
524096,63
429965,63
305553,63
124201,63
679921,63
542435,63
24738,63
234360,63
582378,63
389765,63
153352,63
83619,63
688499,63
175667,63
574823,63
276031,63
191803,63
260387,63
400408,63
145464,63
90524,63
268007,63
554188,63
253753,63
449215,63
653200,63
264448,63
421467,63
107043,63
290643,63
606454,63
596340,63
53781,63
672742,63
628232,63
521054,63
245964,63
276308,63
593414,63
522740,63
592834,63
641290,63
484161,63
53440,63
27964,63
674542,63
383351,63
445762,63
414902,63
679529,63
536367,63
152211,63
130151,63
82111,63
477118,63
195159,63
66441,63
353672,63
176779,63
194756,63
509959,63
102336,63
585342,63
309761,63
304218,63
391199,63
672847,63
669279,63
370373,63
36018,63
570674,63
336408,63
564556,63
398351,63
101848,63
90708,63
268408,63
541163,63
184006,63
283842,63
92662,63
456138,63
620020,63
250703,63
326745,63
356950,63
618420,63
633631,63
90242,63
100909,63
335492,63
31164,63
379571,63
402647,63
309159,63
380611,63
537179,63
140153,63
30991,63
656776,63
327710,63
292370,63
226245,63
5679,63
101739,63
458110,63
105591,63
22782,63
569591,63
124589,63
111346,63
568825,63
287132,63
545376,63
177109,63
152532,63
659789,63
621784,63
275292,63
265544,63
683806,63
316545,63
453220,63
515671,63
616444,63
583455,63
300299,63
610302,63
563965,63
356660,63
552916,63
373493,63
574038,63
557810,63
51159,63
522681,63
173662,63
465160,63
46851,63
632731,63
112847,63
371206,63
281280,63
220299,63
237180,63
531698,63
534035,63
641868,63
206130,63
358891,63
312191,63
303884,63
418046,63
629716,63
190966,63
217159,63
58923,63
109398,63
238537,63
244077,63
412868,63
393275,63
695504,63
566371,63
341639,63
99862,63
409424,63
262757,63
260055,63
366246,63
7423,63
445213,63
116190,63
655717,63
400007,63
615889,63
380190,63
299540,63
147272,63
599023,63
693677,63
252509,63
450985,63
320842,63
518047,63
135273,63
134072,63
331628,63
258989,63
511374,63
1558,63
433734,63
147541,63
518875,63
81468,63
241074,63
395626,63
558673,63
643204,63
677548,63
215032,63
5588,63
291975,63
36389,63
100834,63
589675,63
222447,63
654786,63
625702,63
633686,63
90875,63
389740,63
490463,63
372187,63
146578,63
416035,63
209469,63
222368,63
277591,63
599657,63
568919,63
84707,63
570922,63
29082,63
220182,63
658331,63
192226,63
161673,63
417363,63
573343,63
666947,63
215078,63
1170,63
41396,63
144366,63
691894,63
524464,63
114311,63
517940,63
414521,63
382136,63
171438,63
274005,63
532643,63
127099,63
218630,63
557842,63
131707,63
130111,63
366331,63
626264,63
694093,63
404674,63
630105,63
280457,63
303248,63
378901,63
368958,63
149868,63
495468,63
569914,63
303480,63
163173,63
466819,63
182016,63
165413,63
409544,63
186881,63
304658,63
67223,63
619650,63
459396,63
279010,63
77579,63
79460,63
519363,63
492699,63
79495,63
584112,63
496218,63
581268,63
96180,63
173288,63
602935,63
380198,63
606048,63
695472,63
96194,63
202810,63
400111,63
570948,63
380446,63
652815,63
508310,63
199902,63
484547,63
502380,63
41795,63
169346,63
72810,63
154336,63
231150,63
343112,63
373707,63
347289,63
220997,63
381436,63
392877,63
236243,63
11213,63
696370,63
221108,63
253276,63
341774,63
397824,63
397646,63
360257,63
380801,63
652653,63
239086,63
423925,63
561861,63
595922,63
393690,63
510375,63
665346,63
202717,63
182798,63
630025,63
253410,63
697945,63
577120,63
171998,63
231267,63
603075,63
303846,63
371743,63
513509,63
504430,63
578122,63
578007,63
32268,63
417773,63
518164,63
546594,63
107846,63
58135,63
668182,63
270819,63
43788,63
458201,63
360245,63
112912,63
573895,63
423244,63
563100,63
436493,63
622562,63
110091,63
201701,63
202951,63
334254,63
324637,63
588389,63
683372,63
238874,63
436352,63
392537,63
314919,63
693134,63
220318,63
413245,63
553878,63
656242,63
434996,63
468088,63
591995,63
337358,63
56239,63
220295,63
234752,63
209615,63
581144,63
585461,63
564299,63
681475,63
631341,63
83284,63
455563,63
405712,63
367171,63
621222,63
2565,63
190165,63
85125,63
541985,63
400060,63
690499,63
588578,63
191777,63
110972,63
552945,63
303615,63
393521,63
145355,63
428365,63
366789,63
272209,63
463608,63
143550,63
365288,63
493390,63
641581,63
237837,63
593475,63
140244,63
56898,63
97430,63
660568,63
88000,63
280962,63
384594,63
684879,63
201301,63
34538,63
39525,63
168417,63
569694,63
366513,63
117647,63
482293,63
258392,63
666965,63
681465,63
459764,63
191238,63
134200,63
309396,63
388565,63
591596,63
261166,63
929,63
261975,63
112918,63
646433,63
298814,63
393752,63
965,63
420344,63
537576,63
344767,63
229536,63
30681,63
144138,63
575449,63
511467,63
672163,63
25990,63
400751,63
43701,63
158420,63
251127,63
659212,63
693734,63
307383,63
523449,63
294934,63
438388,63
688858,63
499791,63
459181,63
364331,63
374628,63
23417,63
209940,63
347901,63
604413,63
677904,63
601274,63
594986,63
412090,63
105976,63
192542,63
428145,63
544794,63
47253,63
93265,63
243571,63
370334,63
627149,63
480805,63
73931,63
162663,63
624351,63
586720,63
128187,63
595720,63
697740,63
39456,63
275840,63
413279,63
554112,63
120105,63
642984,63
688161,63
561975,63
2869,63
434146,63
131465,63
470177,63
654400,63
365666,63
486874,63
159363,63
615792,63
323106,63
209890,63
602535,63
619274,63
19085,63
194904,63
387344,63
484979,63
275411,63
274952,63
287968,63
468181,63
486224,63
101684,63
578014,63
110308,63
318737,63
241997,63
239605,63
246769,63
267849,63
108875,63
87466,63
176100,63
628019,63
295624,63
436415,63
84163,63
675562,63
156418,63
588909,63
155799,63
218870,63
635572,63
688173,63
399910,63
373988,63
12788,63
262501,63
537330,63
329398,63
588641,63
56363,63
538356,63
402851,63
45677,63
554089,63
96464,63
689520,63
387884,63
247764,63
547138,63
662646,63
234740,63
183982,63
611939,63
548490,63
362205,63
368726,63
543166,63
506258,63
76123,63
471923,63
141896,63
318326,63
459613,63
196769,63
275835,63
430670,63
662703,63
59545,63
207002,63
250998,63
100911,63
531040,63
86999,63
113256,63
124846,63
163387,63
459823,63
167369,63
389056,63
182654,63
388850,63
321503,63
110068,63
154602,63
351910,63
73969,63
513633,63
630387,63
97398,63
106207,63
424554,63
432589,63
693130,63
301192,63
141399,63
583564,63
323739,63
52696,63
644277,63
311473,63
486719,63
252157,63
525884,63
3380,63
350389,63
92056,63
394028,63
327944,63
675910,63
446789,63
262698,63
628350,63
29709,63
602707,63
542516,63
204476,63
656646,63
673303,63
613008,63
266601,63
33221,63
89064,63
509808,63
521883,63
415499,63
18139,63
590005,63
93978,63
500932,63
220055,63
62247,63
312395,63
643451,63
29186,63
506280,63
86655,63
502470,63
562945,63
666064,63
281845,63
684552,63
195413,63
141430,63
70890,63
463114,63
185275,63
241672,63
435641,63
381409,63
525174,63
554051,63
376159,63
251948,63
47334,63
244385,63
651700,63
699102,63
132531,63
420040,63
106694,63
196136,63
243877,63
548847,63
381445,63
310860,63
589715,63
213425,63
294577,63
427187,63
306492,63
663611,63
594008,63
283234,63
231899,63
205146,63
402750,63
187957,63
294942,63
18302,63
578844,63
125685,63
168125,63
42716,63
676826,63
154326,63
302175,63
600480,63
575719,63
154839,63
297548,63
46208,63
393895,63
492463,63
539986,63
250944,63
53776,63
532221,63
33599,63
422706,63
365752,63
351597,63
527246,63
296438,63
345227,63
506545,63
51678,63
478438,63
557851,63
172312,63
448491,63
56602,63
644230,63
20888,63
579420,63
234852,63
518854,63
256847,63
553967,63
440666,63
16969,63
307351,63
228010,63
380979,63
343151,63
511211,63
254717,63
246715,63
81853,63
489566,63
307477,63
425966,63
311894,63
616845,63
214171,63
684560,63
282914,63
514708,63
371885,63
586570,63
184329,63
233035,63
208824,63
594801,63
22324,63
536584,63
111937,63
635910,63
604571,63
416984,63
618349,63
161736,63
420102,63
91992,63
171879,63
12264,63
593805,63
506096,63
484895,63
504810,63
552944,63
16133,63
243292,63
307086,63
549141,63
343709,63
301585,63
151920,63
646231,63
536946,63
210105,63
521966,63
58203,63
226576,63
570664,63
186231,63
486634,63
518720,63
697617,63
626635,63
11981,63
4302,63
188013,63
418304,63
461874,63
544912,63
65340,63
672915,63
221128,63
161222,63
164333,63
306490,63
653684,63
431399,63
603313,63
456869,63
613954,63
523139,63
517675,63
284731,63
73666,63
211198,63
508877,63
462945,63
493328,63
536799,63
196740,63
572377,63
385192,63
235914,63
297484,63
571904,63
320994,63
512331,63
336439,63
378529,63
316902,63
237616,63
450451,63
339173,63
697473,63
347329,63
171777,63
556930,63
402599,63
210549,63
551137,63
396387,63
62309,63
90467,63
585147,63
257849,63
692648,63
191446,63
371916,63
414700,63
565416,63
180145,63
579943,63
176965,63
626959,63
552068,63
272626,63
691475,63
563759,63
159601,63
628550,63
242127,63
152808,63
660505,63
144511,63
543226,63
133619,63
595562,63
664033,63
5530,63
199327,63
267865,63
603831,63
130746,63
413603,63
92986,63
382374,63
152489,63
127693,63
560186,63
107271,63
259287,63
130543,63
532190,63
358744,63
230663,63
129759,63
588231,63
297119,63
619144,63
500601,63
122831,63
677402,63
409451,63
203662,63
636451,63
20593,63
551001,63
160801,63
391585,63
65978,63
290651,63
261916,63
654711,63
242837,63
261230,63
100499,63
92258,63
438729,63
302766,63
27195,63
535369,63
56296,63
6744,63
673680,63
334117,63
366882,63
122982,63
7831,63
480481,63
633203,63
65500,63
534959,63
509488,63
28991,63
405823,63
72017,63
305328,63
668993,63
436769,63
222427,63
238934,63
183698,63
74982,63
25084,63
459730,63
673282,63
535874,63
588132,63
223754,63
622459,63
639085,63
500706,63
690609,63
667972,63
102009,63
196091,63
188894,63
348022,63
494118,63
340036,63
18319,63
153603,63
621038,63
202684,63
330052,63
154964,63
648519,63
556878,63
382144,63
184579,63
265904,63
157327,63
582689,63
134233,63
556106,63
121200,63
625929,63
457526,63
12035,63
473760,63
519067,63
699123,63
102197,63
628262,63
15765,63
373548,63
554988,63
501238,63
43938,63
587537,63
126427,63
464506,63
530130,63
275365,63
614210,63
599933,63
541307,63
428856,63
402395,63
610939,63
490340,63
295478,63
196454,63
255511,63
568648,63
681701,63
361492,63
402514,63
475342,63
653219,63
465698,63
534702,63
518187,63
407289,63
683555,63
317523,63
236367,63
50354,63
105810,63
101423,63
246879,63
316358,63
123502,63
353240,63
88162,63
224875,63
423992,63
52079,63
245130,63
530374,63
550465,63
336530,63
677731,63
340812,63
245082,63
350790,63
340044,63
378179,63
231503,63
54666,63
300930,63
538080,63
532828,63
495281,63
630196,63
610753,63
688849,63
566856,63
365157,63
645353,63
90977,63
610765,63
131939,63
259506,63
462066,63
1039,63
34055,63
351318,63
595242,63
77327,63
398873,63
461288,63
203260,63
156948,63
128114,63
330564,63
500147,63
457143,63
296520,63
317354,63
563254,63
277226,63
240710,63
595470,63
466866,63
553531,63
635386,63
662423,63
682031,63
182379,63
634077,63
676446,63
226388,63
603459,63
42408,63
427530,63
240952,63
117355,63
351804,63
528913,63
643773,63
98115,63
500481,63
22671,63
696046,63
438982,63
214569,63
205211,63
4638,63
367331,63
482497,63
105665,63
431457,63
272244,63
254554,63
659462,63
567753,63
482807,63
519871,63
457699,63
310863,63
678274,63
448368,63
47409,63
436732,63
623232,63
672468,63
397004,63
42133,63
547452,63
361350,63
26445,63
114915,63
161150,63
366185,63
68799,63
648490,63
374675,63
621338,63
491627,63
630600,63
667570,63
132548,63
53488,63
644972,63
564655,63
415087,63
121962,63
326906,63
543619,63
515516,63
294008,63
170009,63
144159,63
574854,63
118627,63
554327,63
438438,63
415341,63
346272,63
307965,63
397031,63
234188,63
154853,63
357676,63
215846,63
515031,63
651809,63
320816,63
302885,63
445424,63
599830,63
103519,63
52893,63
426218,63
568723,63
297302,63
449526,63
264449,63
228490,63
296074,63
503178,63
524452,63
564241,63
273903,63
203053,63
439364,63
263667,63
213562,63
409167,63
296292,63
217157,63
404005,63
560699,63
524830,63
314676,63
33536,63
249214,63
231179,63
148996,63
697126,63
207051,63
53947,63
271736,63
690401,63
170895,63
241561,63
158023,63
229194,63
620547,63
60470,63
27661,63
636993,63
546717,63
231379,63
486821,63
661062,63
200449,63
35570,63
66609,63
345474,63
75473,63
168882,63
600301,63
510203,63
143335,63
538730,63
430996,63
421821,63
383699,63
608046,63
503252,63
495143,63
456913,63
276844,63
563133,63
148887,63
573822,63
379805,63
233630,63
652131,63
116820,63
255937,63
552574,63
463060,63
390421,63
363192,63
536902,63
446621,63
27810,63
540307,63
694416,63
360570,63
166451,63
153168,63
430217,63
455911,63
193180,63
227365,63
244627,63
230613,63
103505,63
466438,63
506341,63
352929,63
213785,63
194343,63
234551,63
594397,63
335639,63
110808,63
267107,63
237055,63
36578,63
294850,63
622452,63
505503,63
316504,63
107670,63
34471,63
229696,63
146156,63
10769,63
281725,63
246440,63
267423,63
288605,63
482404,63
583323,63
120853,63
398299,63
205872,63
39098,63
160138,63
431010,63
231766,63
11129,63
358308,63
268153,63
571721,63
292745,63
508805,63
506848,63
326713,63
146004,63
352187,63
652757,63
449685,63
574035,63
532724,63
340303,63
615263,63
254296,63
428598,63
199497,63
121618,63
303407,63
375313,63
656686,63
425833,63
586500,63
152490,63
695106,63
315889,63
595587,63
188027,63
466638,63
314952,63
681496,63
610120,63
2137,63
318982,63
49873,63
135805,63
595652,63
177267,63
130127,63
99149,63
645569,63
539007,63
550532,63
85425,63
664596,63
40665,63
142095,63
525976,63
144635,63
365554,63
402141,63
256863,63
512304,63
187675,63
14509,63
512335,63
490933,63
427526,63
308848,63
306839,63
446132,63
637325,63
418472,63
271182,63
584090,63
163954,63
368481,63
534867,63
484108,63
41062,63
405812,63
446096,63
679861,63
130179,63
199043,63
454625,63
247172,63
278824,63
104726,63
669613,63
241093,63
416040,63
406690,63
673478,63
96216,63
154692,63
577010,63
639186,63
200334,63
242644,63
634646,63
694773,63
211483,63
353725,63
216340,63
144549,63
297341,63
187607,63
415033,63
639456,63
123698,63
4185,63
8248,63
101613,63
161857,63
137577,63
171598,63
216052,63
451407,63
574890,63
22642,63
174132,63
378420,63
648707,63
592084,63
398118,63
58157,63
237402,63
470327,63
667799,63
291067,63
206975,63
631677,63
220989,63
677549,63
99224,63
227340,63
625532,63
327300,63
75073,63
266693,63
506625,63
564353,63
325348,63
352673,63
451961,63
104928,63
603702,63
315449,63
461610,63
695983,63
202700,63
47097,63
246227,63
189465,63
464609,63
411929,63
43787,63
464114,63
448277,63
131135,63
39229,63
610741,63
226652,63
516311,63
98499,63
552425,63
281051,63
666617,63
685849,63
644947,63
664829,63
89101,63
661157,63
248541,63
630549,63
51138,63
628730,63
626196,63
493888,63
235116,63
319323,63
212289,63
127569,63
376480,63
287115,63
455724,63
555030,63
480336,63
353510,63
46096,63
475708,63
273355,63
258849,63
291946,63
502644,63
270715,63
70339,63
589044,63
461255,63
648438,63
513020,63
315079,63
628880,63
203336,63
224370,63
318245,63
479227,63
110751,63
251069,63
661566,63
398686,63
421241,63
135313,63
173605,63
44487,63
557056,63
552953,63
581055,63
468123,63
683909,63
237540,63
155665,63
30413,63
158089,63
520435,63
484673,63
676043,63
260798,63
448871,63
574302,63
272389,63
202027,63
640954,63
235985,63
192890,63
91160,63
664929,63
582046,63
391206,63
690900,63
495600,63
396702,63
683795,63
496467,63
122587,63
264737,63
261527,63
584165,63
68075,63
579238,63
651185,63
124805,63
611013,63
598982,63
204374,63
102905,63
213668,63
474087,63
1314,63
458981,63
289734,63
530859,63
592964,63
591336,63
515501,63
576042,63
77260,63
391780,63
477403,63
354513,63
240657,63
556597,63
260111,63
532003,63
65196,63
68588,63
614625,63
497795,63
208149,63
496192,63
205887,63
141194,63
510584,63
155441,63
449940,63
226449,63
95191,63
308205,63
658362,63
34638,63
325304,63
93870,63
288284,63
552703,63
646094,63
602306,63
78239,63
235944,63
375750,63
595445,63
140826,63
316549,63
110863,63
284684,63
453687,63
143158,63
348524,63
500600,63
411125,63
97704,63
433616,63
255195,63
654980,63
199620,63
638848,63
604911,63
411666,63
63322,63
351669,63
142795,63
483085,63
691385,63
284521,63
663152,63
655486,63
149018,63
326544,63
637334,63
672384,63
282069,63
634577,63
35857,63
352465,63
137871,63
620323,63
438218,63
363719,63
630714,63
516500,63
534629,63
28651,63
253863,63
609041,63
507607,63
541769,63
249520,63
536394,63
153814,63
514053,63
490575,63
686217,63
103887,63
523745,63
44004,63
460715,63
104840,63
698917,63
502154,63
503743,63
266369,63
159660,63
670980,63
458784,63
60054,63
574399,63
100697,63
150704,63
308458,63
487591,63
471293,63
385978,63
193299,63
490117,63
367526,63
520061,63
628506,63
486416,63
484783,63
265006,63
97238,63
160487,63
37835,63
384199,63
103870,63
627606,63
122709,63
11390,63
5123,63
183220,63
610473,63
389019,63
328399,63
54368,63
18714,63
132041,63
463643,63
235457,63
308872,63
398083,63
56331,63
412290,63
117643,63
264830,63
31258,63
204162,63
102803,63
567334,63
627360,63
422560,63
607113,63
492696,63
689692,63
452469,63
377620,63
367603,63
634401,63
85233,63
615956,63
306047,63
628864,63
564225,63
596438,63
568076,63
676776,63
135382,63
540835,63
397957,63
546715,63
324028,63
109263,63
455025,63
338669,63
436117,63
582429,63
339686,63
543831,63
521940,63
177327,63
337572,63
525396,63
665817,63
487431,63
238042,63
443652,63
154782,63
185037,63
263890,63
645063,63
573627,63
497314,63
132169,63
348554,63
392740,63
72177,63
616300,63
458361,63
503220,63
369139,63
698239,63
487464,63
491559,63
531984,63
140229,63
693343,63
426797,63
631847,63
193449,63
71439,63
298651,63
285283,63
656414,63
201590,63
667339,63
465264,63
506293,63
27626,63
351464,63
563143,63
249672,63
364699,63
135379,63
332941,63
656729,63
348112,63
366772,63
480478,63
414356,63
390585,63
118921,63
658535,63
9375,63
515689,63
105765,63
56225,63
339575,63
117914,63
694726,63
1661,63
357360,63
592907,63
28803,63
370440,63
191843,63
462347,63
213490,63
622354,63
65362,63
567458,63
105966,63
254625,63
123762,63
564907,63
225516,63
494474,63
64108,63
37195,63
535623,63
384038,63
109279,63
160369,63
242586,63
577505,63
575347,63
540396,63
493318,63
221387,63
163844,63
266895,63
368518,63
176211,63
592808,63
214430,63
520173,63
70883,63
310826,63
570103,63
293651,63
112002,63
653245,63
408867,63
615884,63
558352,63
355636,63
265233,63
671789,63
568547,63
200791,63
37038,63
574809,63
255206,63
388572,63
352893,63
248672,63
156308,63
325317,63
214069,63
123461,63
445118,63
111995,63
79166,63
24699,63
253201,63
383820,63
355036,63
267853,63
271831,63
527883,63
26428,63
191999,63
22623,63
698571,63
421818,63
436186,63
17427,63
544685,63
143501,63
144494,63
215391,63
534368,63
162903,63
169753,63
403777,63
215311,63
395984,63
469569,63
224182,63
59269,63
624904,63
56120,63
407321,63
549502,63
221765,63
56306,63
178159,63
389710,63
23943,63
28244,63
329559,63
416859,63
1464,63
596895,63
346869,63
698525,63
302810,63
462917,63
339031,63
464557,63
671876,63
588080,63
48733,63
125714,63
522457,63
580013,63
553106,63
510537,63
335458,63
588391,63
641117,63
684344,63
113928,63
192381,63
197026,63
72084,63
303091,63
325437,63
410587,63
659457,63
641759,63
681822,63
143518,63
136014,63
172552,63
239724,63
99542,63
222371,63
282365,63
37712,63
399504,63
117460,63
614107,63
393062,63
325999,63
462457,63
481265,63
530394,63
620915,63
401624,63
677562,63
582005,63
272961,63
674733,63
384932,63
556536,63
547653,63
58507,63
546768,63
260160,63
513897,63
401372,63
121056,63
136715,63
606802,63
505608,63
623845,63
508927,63
181551,63
480155,63
367839,63
304613,63
286157,63
288531,63
539798,63
16558,63
640112,63
373216,63
374233,63
373088,63
221929,63
209546,63
564498,63
302140,63
13975,63
377568,63
362405,63
362762,63
181969,63
644360,63
631390,63
424647,63
114118,63
679934,63
163031,63
125581,63
11065,63
149000,63
42601,63
670878,63
325555,63
600247,63
179470,63
628650,63
525800,63
33884,63
594003,63
157984,63
323549,63
667072,63
427192,63
125913,63
660360,63
664531,63
575023,63
104325,63
495701,63
239290,63
641447,63
440177,63
506686,63
401717,63
361576,63
628008,63
618278,63
220789,63
591530,63
109510,63
473753,63
12045,63
412968,63
467169,63
215991,63
229552,63
379089,63
139336,63
145457,63
54789,63
200656,63
69891,63
143483,63
603938,63
266064,63
386641,63
593369,63
471095,63
339261,63
121027,63
128053,63
428048,63
372692,63
439178,63
354979,63
656091,63
190678,63
398917,63
213928,63
496896,63
145367,63
85943,63
678635,63
96689,63
155252,63
497243,63
253655,63
546095,63
226043,63
319872,63
114525,63
473636,63
407729,63
180281,63
339659,63
239650,63
164324,63
281539,63
304361,63
331954,63
685200,63
349671,63
57218,63
82487,63
213234,63
253108,63
123215,63
672045,63
217834,63
417493,63
106352,63
287570,63
127087,63
590499,63
199860,63
32343,63
689430,63
287878,63
273966,63
677992,63
563724,63
398312,63
147283,63
543551,63
197070,63
331042,63
679627,63
111119,63
490792,63
154210,63
454980,63
294425,63
379710,63
228597,63
698552,63
197758,63
53591,63
197315,63
622232,63
284527,63
427916,63
566599,63
566686,63
284345,63
681955,63
378488,63
628592,63
598201,63
417566,63
384815,63
214500,63
568202,63
510256,63
436295,63
107575,63
116896,63
462263,63
357235,63
28904,63
544388,63
256073,63
342173,63
557540,63
523124,63
201951,63
509444,63
339206,63
115350,63
515894,63
274227,63
456162,63
248856,63
362119,63
196401,63
48271,63
57916,63
184594,63
653671,63
282305,63
499310,63
609713,63
4447,63
518545,63
390751,63
610166,63
482584,63
242330,63
50993,63
583173,63
454380,63
623394,63
561080,63
551252,63
334675,63
40454,63
201933,63
461584,63
353646,63
224278,63
588177,63
338741,63
313297,63
605021,63
582579,63
515318,63
612689,63
178787,63
608683,63
178056,63
527728,63
664501,63
350883,63
125808,63
408654,63
326439,63
270652,63
275722,63
317085,63
357700,63
123718,63
529636,63
126927,63
402824,63
353287,63
224967,63
69461,63
312808,63
481751,63
313961,63
337455,63
32296,63
7785,63
222765,63
253828,63
377728,63
373683,63
387144,63
35700,63
547526,63
272119,63
472876,63
142469,63
442593,63
308882,63
408912,63
254965,63
35418,63
448873,63
473210,63
127885,63
52885,63
542927,63
645226,63
524322,63
55286,63
217404,63
677835,63
398605,63
680197,63
45908,63
96912,63
429530,63
514853,63
631666,63
3090,63
681976,63
619191,63
632282,63
135801,63
113266,63
425198,63
685002,63
188586,63
572680,63
399323,63
408943,63
519455,63
391091,63
188713,63
34032,63
629123,63
271341,63
384372,63
454716,63
159988,63
470486,63
661343,63
215542,63
676620,63
311901,63
51186,63
145977,63
657407,63
423374,63
660097,63
162284,63
303873,63
601109,63
112858,63
609196,63
59310,63
512652,63
378590,63
580412,63
287592,63
234764,63
548689,63
234127,63
573129,63
365300,63
97620,63
360146,63
261599,63
148916,63
312198,63
460608,63
273732,63
184667,63
624752,63
79091,63
313327,63
107449,63
522189,63
138679,63
79627,63
424730,63
624295,63
443349,63
598010,63
404474,63
635018,63
572310,63
59161,63
664113,63
544317,63
441176,63
227408,63
490014,63
641158,63
619771,63
188175,63
217405,63
383902,63
308304,63
480151,63
14856,63
282025,63
166402,63
111617,63
334935,63
460704,63
215757,63
182674,63
141918,63
106868,63
618733,63
10622,63
386943,63
526899,63
513657,63
126708,63
590236,63
272442,63
131143,63
588126,63
605643,63
45077,63
485074,63
375773,63
357213,63
265780,63
268131,63
514390,63
5543,63
185430,63
284888,63
332205,63
595318,63
126353,63
649513,63
511941,63
66315,63
657413,63
620319,63
256516,63
370979,63
547014,63
400084,63
399334,63
517769,63
686098,63
182186,63
35130,63
371880,63
597760,63
23111,63
357269,63
481932,63
499684,63
105073,63
681060,63
439943,63
394424,63
671065,63
400824,63
196886,63
506606,63
26168,63
602609,63
351497,63
589823,63
601112,63
325054,63
414752,63
447412,63
691576,63
18178,63
419700,63
281611,63
236339,63
104519,63
335386,63
521985,63
212432,63
423512,63
401271,63
143523,63
221637,63
65411,63
568488,63
257732,63
541302,63
289722,63
148799,63
676156,63
325057,63
231378,63
671230,63
293220,63
677308,63
164996,63
344666,63
143643,63
316209,63
93241,63
551957,63
9712,63
57295,63
186303,63
615463,63
204611,63
322338,63
623599,63
380616,63
359506,63
372265,63
612932,63
468413,63
323263,63
119138,63
582210,63
150332,63
141059,63
404777,63
544273,63
561286,63
128202,63
511120,63
122639,63
335009,63
149587,63
613889,63
65491,63
435860,63
594060,63
163919,63
641936,63
26160,63
449618,63
698932,63
384158,63
562628,63
507795,63
273542,63
76373,63
41864,63
623161,63
8662,63
250935,63
461056,63
2321,63
452561,63
522643,63
614043,63
613302,63
585077,63
357488,63
206312,63
585135,63
161158,63
560730,63
311087,63
412619,63
441770,63
693281,63
85012,63
343188,63
533288,63
592860,63
492512,63
231234,63
644859,63
387914,63
74000,63
436945,63
643804,63
88224,63
314853,63
259148,63
558369,63
496494,63
347763,63
403918,63
537565,63
382973,63
275977,63
542801,63
168810,63
452383,63
635297,63
539289,63
468834,63
126667,63
93344,63
105106,63
524221,63
612124,63
340398,63
94904,63
587498,63
482438,63
62931,63
220634,63
607377,63
250879,63
133236,63
184583,63
227556,63
423577,63
582198,63
698254,63
442364,63
361642,63
288300,63
264739,63
587620,63
543396,63
112677,63
229775,63
544678,63
310772,63
69561,63
64622,63
71610,63
89523,63
350721,63
66899,63
591040,63
458100,63
2637,63
333090,63
258828,63
480633,63
169306,63
450836,63
409467,63
29878,63
323060,63
495812,63
437248,63
135263,63
604296,63
593446,63
326678,63
364545,63
129254,63
553777,63
543464,63
240029,63
476605,63
567655,63
560352,63
481238,63
168797,63
226650,63
561384,63
425089,63
109473,63
662615,63
612874,63
253534,63
605045,63
64680,63
124654,63
244065,63
594539,63
436583,63
526182,63
525723,63
158193,63
650786,63
426999,63
647306,63
19073,63
106771,63
151777,63
439002,63
364613,63
159139,63
96403,63
280987,63
188474,63
122120,63
590666,63
638761,63
680244,63
485955,63
413025,63
483668,63
463763,63
363663,63
501448,63
685546,63
692259,63
350731,63
678210,63
650921,63
347438,63
158974,63
386415,63
245841,63
588323,63
202761,63
623930,63
224467,63
346977,63
348276,63
663601,63
613504,63
113194,63
321245,63
46998,63
482917,63
95135,63
23240,63
58211,63
393644,63
594565,63
695819,63
515248,63
383863,63
681927,63
572471,63
367090,63
317916,63
184405,63
23650,63
28230,63
238628,63
625194,63
420470,63
308731,63
27525,63
108876,63
36639,63
679951,63
535439,63
90391,63
416497,63
432348,63
637807,63
414424,63
219660,63
464365,63
544455,63
57436,63
489581,63
692601,63
531544,63
134079,63
301985,63
569631,63
641894,63
96079,63
532012,63
166339,63
60549,63
326329,63
558897,63
344665,63
619901,63
288565,63
367316,63
292517,63
683221,63
128520,63
529855,63
564731,63
297457,63
633506,63
438931,63
514065,63
3584,63
533582,63
603869,63
690359,63
438028,63
53747,63
218761,63
623675,63
446824,63
677540,63
346989,63
552103,63
315095,63
579813,63
97508,63
584018,63
534379,63
640773,63
43697,63
273818,63
199999,63
162384,63
590175,63
133521,63
419094,63
32970,63
